{
    "loss": 0.9036738095076188,
    "accuracy": 64.52961672473867,
    "precision": 0.6440610416734719,
    "recall": 0.6452961672473868,
    "f1": 0.627283987811531,
    "class_loss": {
        "Down": 0.594248134156932,
        "Up": 1.2105392243551172,
        "Right": 1.8389530596525774,
        "Left": 1.2563869434854258,
        "Forward": 0.6200281705545343,
        "Backward": 0.8374021708965301
    },
    "low_confidence": 0.638671875
}