{
    "loss": 1.2206145499063574,
    "accuracy": 50.034843205574916,
    "precision": 0.5320464106650377,
    "recall": 0.5003484320557491,
    "f1": 0.4809550296041709,
    "class_loss": {
        "Down": 0.5503335065311856,
        "Up": 1.97758446931839,
        "Right": 3.054965615272522,
        "Left": 1.7844066346685092,
        "Forward": 0.9123718965312709,
        "Backward": 0.0
    },
    "low_confidence": 0.5791015625
}