{
    "loss": 0.8792447447776794,
    "accuracy": 72.41379310344827,
    "precision": 0.6929907595221997,
    "recall": 0.7241379310344828,
    "f1": 0.7038144055385435,
    "class_loss": {
        "Down": 0.4280218183994293,
        "Up": 1.7566543817520142,
        "Right": 1.0186735391616821,
        "Left": 0.25481924414634705,
        "Forward": 0.8345962166786194,
        "Backward": 2.007779121398926
    },
    "low_confidence": 0.61474609375
}