{
    "loss": 1.6337631940841675,
    "accuracy": 60.3448275862069,
    "precision": 0.36414982164090365,
    "recall": 0.603448275862069,
    "f1": 0.45420837968112715,
    "class_loss": {
        "Down": 0.0,
        "Up": 0.0,
        "Right": 0.35468095541000366,
        "Left": 3.638894557952881,
        "Forward": 3.4701266288757324,
        "Backward": 0.0
    },
    "low_confidence": 0.6865234375
}