{
    "loss": 1.3742374777793884,
    "accuracy": 0.49464668094218417,
    "precision": 0.49458639482171896,
    "recall": 0.49464668094218417,
    "f1": 0.46275670317045564,
    "class_loss": {
        "0": 0.93157659471035,
        "1": 2.4968242049217224,
        "2": 1.071561574935913,
        "3": 1.5865348875522614,
        "4": 1.501181960105896,
        "5": 2.1479949355125427
    },
    "low_confidence": 0.376708984375
}