{
    "loss": 1.5789706110954285,
    "accuracy": 0.6059957173447538,
    "precision": 0.3672308094401827,
    "recall": 0.6059957173447538,
    "f1": 0.4573247680228409,
    "class_loss": {
        "0": 0.0,
        "1": 0.0,
        "2": 0.28881509602069855,
        "3": 3.8750181198120117,
        "4": 2.9387753009796143,
        "5": 0.0
    },
    "low_confidence": 0.74853515625
}