{
    "loss": 0.5728666466419343,
    "accuracy": 78.05966898954703,
    "precision": 0.7772249029816057,
    "recall": 0.7805966898954704,
    "f1": 0.7769305500098743,
    "class_loss": {
        "Down": 0.3920830250200298,
        "Up": 0.4335672958857483,
        "Right": 0.6605313429953875,
        "Left": 0.4706037875816778,
        "Forward": 0.9661733665400081,
        "Backward": 0.2519973821989778
    },
    "low_confidence": 0.74365234375
}