{
    "loss": 1.6475100944862116,
    "accuracy": 45.10561846689895,
    "precision": 0.5105803999789374,
    "recall": 0.45105618466898956,
    "f1": 0.46840885660938875,
    "class_loss": {
        "Down": 2.0803196584076984,
        "Up": 1.1541163475106817,
        "Right": 1.8380461372435093,
        "Left": 2.2882388177677058,
        "Forward": 1.5790281719978778,
        "Backward": 0.0
    },
    "low_confidence": 0.71044921875
}