{
    "loss": 0.7315619389216105,
    "accuracy": 71.47335423197492,
    "precision": 0.7065492003551694,
    "recall": 0.7147335423197492,
    "f1": 0.7053169778551671,
    "class_loss": {
        "Down": 0.49212657163540524,
        "Up": 0.7284595270951589,
        "Right": 1.2309456219275792,
        "Left": 1.2690236220757167,
        "Forward": 0.5691732540726662,
        "Backward": 1.1893326954709158
    },
    "low_confidence": 0.6689453125
}