{
    "loss": 1.2215063720941544,
    "accuracy": 57.26227795193312,
    "precision": 0.5730494762982513,
    "recall": 0.5726227795193313,
    "f1": 0.5578206054605321,
    "class_loss": {
        "Down": 1.238697192885659,
        "Up": 1.0214714462106878,
        "Right": 2.1288757649334995,
        "Left": 1.6203608115514119,
        "Forward": 0.7971610253055891,
        "Backward": 7.048435688018799
    },
    "low_confidence": 0.64111328125
}