{
    "loss": 0.5363520542780559,
    "accuracy": 78.75304771856496,
    "precision": 0.7927568508599525,
    "recall": 0.7875304771856496,
    "f1": 0.7889274570804543,
    "class_loss": {
        "Down": 0.3635423484775755,
        "Up": 0.542213791443242,
        "Right": 0.6596198797225952,
        "Left": 0.6829785494547751,
        "Forward": 0.5049820330407885,
        "Backward": 1.324040095858357
    },
    "low_confidence": 0.7763671875
}