{
    "loss": 1.0425628360774781,
    "accuracy": 59.49146638801811,
    "precision": 0.6014977138687169,
    "recall": 0.5949146638801811,
    "f1": 0.5922280914290382,
    "class_loss": {
        "Down": 1.3519627059760846,
        "Up": 1.4112351494841278,
        "Right": 1.8015038760808797,
        "Left": 2.9404451463084955,
        "Forward": 0.7794378436480959,
        "Backward": 0.0
    },
    "low_confidence": 0.71728515625
}