{
    "loss": 0.6508941955036587,
    "accuracy": 73.07558342041101,
    "precision": 0.7312401289112666,
    "recall": 0.73075583420411,
    "f1": 0.721900691311256,
    "class_loss": {
        "Down": 0.34288266897201536,
        "Up": 0.8254997114340464,
        "Right": 1.222727910677592,
        "Left": 0.930438289211856,
        "Forward": 0.4594673136870066,
        "Backward": 1.4604678391074033
    },
    "low_confidence": 0.728515625
}