{
    "loss": 0.9855325278308656,
    "accuracy": 63.81051898293278,
    "precision": 0.6209935790905069,
    "recall": 0.6381051898293277,
    "f1": 0.612921632339922,
    "class_loss": {
        "Down": 0.6127039233320638,
        "Up": 1.3204826855411131,
        "Right": 2.7717256270922146,
        "Left": 2.884084082566775,
        "Forward": 0.8164897478651255,
        "Backward": 0.0
    },
    "low_confidence": 0.69287109375
}