{
    "loss": 0.4305229187011719,
    "accuracy": 86.20689655172414,
    "precision": 0.850287356321839,
    "recall": 0.8620689655172413,
    "f1": 0.8541897848068447,
    "class_loss": {
        "Down": 0.3272038400173187,
        "Up": 2.5746524333953857,
        "Right": 0.6014445424079895,
        "Left": 0.19763387739658356,
        "Forward": 0.42116621136665344,
        "Backward": 0.0
    },
    "low_confidence": 0.7392578125
}