{
    "loss": 0.47524372184718094,
    "accuracy": 82.07389663182346,
    "precision": 0.8191682412829093,
    "recall": 0.8207389663182346,
    "f1": 0.8168552526152699,
    "class_loss": {
        "Down": 0.23591900734161889,
        "Up": 0.4357981681133862,
        "Right": 0.4408778703461091,
        "Left": 0.3951007396120716,
        "Forward": 0.9518325806215957,
        "Backward": 0.1358116992546625
    },
    "low_confidence": 0.79248046875
}