{
    "loss": 2.1545493997168874,
    "accuracy": 42.23105400696864,
    "precision": 0.5172334906343015,
    "recall": 0.42231054006968644,
    "f1": 0.44396776934543375,
    "class_loss": {
        "Down": 2.3768252199920625,
        "Up": 1.986143438073986,
        "Right": 1.761493856087327,
        "Left": 3.2354397312155925,
        "Forward": 1.8083983701278246,
        "Backward": 0.0
    },
    "low_confidence": 0.7861328125
}