{
    "loss": 1.0978609667883978,
    "accuracy": 54.47579240682689,
    "precision": 0.572009112980474,
    "recall": 0.544757924068269,
    "f1": 0.5541081162776084,
    "class_loss": {
        "Down": 0.8983386503325568,
        "Up": 1.158474040031433,
        "Right": 1.6711958236164517,
        "Left": 1.240569571654002,
        "Forward": 0.8927842312388949,
        "Backward": 3.1546297372551635
    },
    "low_confidence": 0.71728515625
}