{
    "loss": 2.2349634581142004,
    "accuracy": 34.552420759317314,
    "precision": 0.4654981828870367,
    "recall": 0.3455242075931731,
    "f1": 0.3528027423705014,
    "class_loss": {
        "Down": 3.4213532021171167,
        "Up": 3.129411341622472,
        "Right": 2.5053221142062774,
        "Left": 3.8774694304626722,
        "Forward": 1.4419617045670747,
        "Backward": 0.0
    },
    "low_confidence": 0.80419921875
}