{
    "loss": 0.4950860509717906,
    "accuracy": 81.64743031358886,
    "precision": 0.8183456624286306,
    "recall": 0.8164743031358885,
    "f1": 0.8136107569263428,
    "class_loss": {
        "Down": 0.46660727138320607,
        "Up": 0.3814532358751253,
        "Right": 0.3733113746124285,
        "Left": 0.39676853290034664,
        "Forward": 0.9345471954180135,
        "Backward": 0.18269568356616353
    },
    "low_confidence": 0.779296875
}