{
    "loss": 1.6398655106221904,
    "accuracy": 47.81141114982579,
    "precision": 0.5498720617316113,
    "recall": 0.47811411149825783,
    "f1": 0.4944556694421167,
    "class_loss": {
        "Down": 2.1805929794259695,
        "Up": 1.1612310280717617,
        "Right": 1.6895851268329554,
        "Left": 2.2500603969674557,
        "Forward": 1.5372542224584087,
        "Backward": 0.0
    },
    "low_confidence": 0.734375
}