{
    "loss": 0.026658387035476388,
    "accuracy": 99.54449767711962,
    "precision": 0.9954428330370656,
    "recall": 0.9954449767711963,
    "f1": 0.9954400767584134,
    "class_loss": {
        "Down": 0.0238996710589466,
        "Up": 0.02758306750372328,
        "Right": 0.026774227774391573,
        "Left": 0.012879222427727655,
        "Forward": 0.048417199383645006,
        "Backward": 0.0008817548133840268
    },
    "low_confidence": 0.9794921875
}