{
    "loss": 5.31211293227689,
    "accuracy": 42.60670731707317,
    "precision": 0.5618067707251869,
    "recall": 0.4260670731707317,
    "f1": 0.4127753957867704,
    "class_loss": {
        "Down": 4.08123609010521,
        "Up": 5.473617005031556,
        "Right": 7.700551953338148,
        "Left": 9.555626132449278,
        "Forward": 1.225733931613115,
        "Backward": 0.0
    },
    "low_confidence": 0.919921875
}