{
    "loss": 0.8379458255238004,
    "accuracy": 66.73632880529432,
    "precision": 0.6650209537595754,
    "recall": 0.6673632880529432,
    "f1": 0.6522202780102175,
    "class_loss": {
        "Down": 0.5262379427750905,
        "Up": 0.7568202661143408,
        "Right": 1.469017091062334,
        "Left": 1.428204600016276,
        "Forward": 0.6302373078134325,
        "Backward": 1.8936725679946982
    },
    "low_confidence": 0.67236328125
}