{
    "loss": 0.9821106480227576,
    "accuracy": 61.96447230929989,
    "precision": 0.5966122299658777,
    "recall": 0.619644723092999,
    "f1": 0.5983139766375947,
    "class_loss": {
        "Down": 0.6414568879102406,
        "Up": 0.9684946692238251,
        "Right": 2.604873455487765,
        "Left": 2.253371175665122,
        "Forward": 0.9915788704322444,
        "Backward": 0.0
    },
    "low_confidence": 0.61669921875
}