{
    "loss": 0.3378990014532098,
    "accuracy": 87.92465156794425,
    "precision": 0.8787902937002294,
    "recall": 0.8792465156794426,
    "f1": 0.8754693652831284,
    "class_loss": {
        "Down": 0.16328994108846895,
        "Up": 0.19125538745343132,
        "Right": 0.3470786985837751,
        "Left": 0.2291812087857613,
        "Forward": 0.8252463553238798,
        "Backward": 0.08456890852000841
    },
    "low_confidence": 0.8486328125
}