{
    "loss": 0.2739199773856887,
    "accuracy": 90.36912020905923,
    "precision": 0.901977169540489,
    "recall": 0.9036912020905923,
    "f1": 0.9020181583101557,
    "class_loss": {
        "Down": 0.168061591581338,
        "Up": 0.14906819695951762,
        "Right": 0.3227171136273278,
        "Left": 0.20691981111411695,
        "Forward": 0.5986123345792294,
        "Backward": 0.022211339862594656
    },
    "low_confidence": 0.86083984375
}