{
    "loss": 1.6657202055858862,
    "accuracy": 50.6950493612079,
    "precision": 0.5676721737470853,
    "recall": 0.506950493612079,
    "f1": 0.501504143845932,
    "class_loss": {
        "Down": 1.652246108894408,
        "Up": 1.446940675638616,
        "Right": 2.570997871478999,
        "Left": 2.6493388414382935,
        "Forward": 0.8791299209954728,
        "Backward": 0.0
    },
    "low_confidence": 0.75634765625
}