{
    "loss": 0.6580881079037985,
    "accuracy": 73.59804946011843,
    "precision": 0.7371939805571257,
    "recall": 0.7359804946011843,
    "f1": 0.723387977464886,
    "class_loss": {
        "Down": 0.36005715529123944,
        "Up": 0.5378976712624232,
        "Right": 1.4155017236868541,
        "Left": 1.1229181190331776,
        "Forward": 0.49858400722344715,
        "Backward": 0.5560731515288353
    },
    "low_confidence": 0.7138671875
}