{
    "loss": 1.112072577079137,
    "accuracy": 60.60606060606061,
    "precision": 0.5807611055011279,
    "recall": 0.6060606060606061,
    "f1": 0.5801254042468867,
    "class_loss": {
        "Down": 0.5524860999679991,
        "Up": 1.080313365906477,
        "Right": 2.27163993815581,
        "Left": 2.1787018279234567,
        "Forward": 0.6704503744840622,
        "Backward": 6.834453359246254
    },
    "low_confidence": 0.71142578125
}