{
    "loss": 0.7064383924007416,
    "accuracy": 72.03065134099617,
    "precision": 0.7134732082268925,
    "recall": 0.7203065134099617,
    "f1": 0.7096897318974331,
    "class_loss": {
        "Down": 0.5679446533322334,
        "Up": 0.7574412922064463,
        "Right": 1.2836510986089706,
        "Left": 1.2530364493529003,
        "Forward": 0.46959089239438373,
        "Backward": 0.8189314812421798
    },
    "low_confidence": 0.6767578125
}