{
    "loss": 1.085289905468623,
    "accuracy": 60.39707419017764,
    "precision": 0.5811332219033992,
    "recall": 0.6039707419017764,
    "f1": 0.5836708467119669,
    "class_loss": {
        "Down": 0.7073381346251283,
        "Up": 1.1851695403456688,
        "Right": 1.82935564716657,
        "Left": 2.109723145763079,
        "Forward": 0.6305200370649496,
        "Backward": 6.282508358359337
    },
    "low_confidence": 0.6708984375
}