{
    "loss": 0.11909430912109437,
    "accuracy": 95.90592334494774,
    "precision": 0.959773733914177,
    "recall": 0.9590592334494773,
    "f1": 0.9581484103230922,
    "class_loss": {
        "Down": 0.06968580929700423,
        "Up": 0.06251717616665971,
        "Right": 0.08105036468003635,
        "Left": 0.03014975827170053,
        "Forward": 0.3852845179951853,
        "Backward": 0.003710845989593913
    },
    "low_confidence": 0.94189453125
}