{
    "loss": 2.523537364488692,
    "accuracy": 49.76952671312427,
    "precision": 0.5719960958556585,
    "recall": 0.49769526713124274,
    "f1": 0.4978266994628892,
    "class_loss": {
        "Down": 2.142501408029363,
        "Up": 2.820399635322392,
        "Right": 3.4655257943777142,
        "Left": 4.255902005066919,
        "Forward": 1.1623356058571357,
        "Backward": 0.0
    },
    "low_confidence": 0.8427734375
}