{
    "loss": 0.690288799504439,
    "accuracy": 74.14343786295005,
    "precision": 0.7372640862376932,
    "recall": 0.7414343786295006,
    "f1": 0.7369435698370412,
    "class_loss": {
        "Down": 0.508429382134367,
        "Up": 0.5205288539054217,
        "Right": 0.6139552420764057,
        "Left": 0.6047176824951613,
        "Forward": 1.307676743026133,
        "Backward": 0.24748300638963916
    },
    "low_confidence": 0.72021484375
}