{
    "loss": 1.606069584911758,
    "accuracy": 41.171239837398375,
    "precision": 0.5028846105615599,
    "recall": 0.4117123983739837,
    "f1": 0.4305710645387375,
    "class_loss": {
        "Down": 1.6656888942571655,
        "Up": 1.3904611347130982,
        "Right": 1.3222462951541982,
        "Left": 2.2724575214087963,
        "Forward": 1.6790679788156864,
        "Backward": 0.0
    },
    "low_confidence": 0.6875
}