{
    "loss": 0.8284473548764768,
    "accuracy": 66.41114982578397,
    "precision": 0.6553417608056892,
    "recall": 0.6641114982578398,
    "f1": 0.6365184366536256,
    "class_loss": {
        "Down": 0.7032445578471475,
        "Up": 1.0901926082113516,
        "Right": 1.6919470455335535,
        "Left": 1.4881241995355357,
        "Forward": 0.4412655039973881,
        "Backward": 0.7334593921899796
    },
    "low_confidence": 0.6669921875
}