{
    "loss": 1.0814088323841924,
    "accuracy": 58.53658536585366,
    "precision": 0.5957249359690108,
    "recall": 0.5853658536585366,
    "f1": 0.5541581604343049,
    "class_loss": {
        "Down": 0.8381389313273959,
        "Up": 1.7125715970993043,
        "Right": 2.8626444737116494,
        "Left": 2.450875868399938,
        "Forward": 0.6018345744713492,
        "Backward": 0.0
    },
    "low_confidence": 0.61572265625
}