{
    "loss": 0.4996981374595476,
    "accuracy": 80.0,
    "precision": 0.7976546941977873,
    "recall": 0.8,
    "f1": 0.7932171865109995,
    "class_loss": {
        "Down": 0.37366203834181244,
        "Up": 0.45551788742127625,
        "Right": 1.2554575554702594,
        "Left": 0.6063415764466576,
        "Forward": 0.33820230481417285,
        "Backward": 0.18935863584047183
    },
    "low_confidence": 0.7880859375
}