{
    "loss": 1.1977449033571326,
    "accuracy": 62.57839721254356,
    "precision": 0.6304549606524837,
    "recall": 0.6257839721254356,
    "f1": 0.6209736742729165,
    "class_loss": {
        "Down": 1.4653493348095152,
        "Up": 1.8310486565033595,
        "Right": 2.0143700341383615,
        "Left": 4.354714371263981,
        "Forward": 0.6510750848961913,
        "Backward": 0.0
    },
    "low_confidence": 0.73388671875
}