{
    "loss": 0.5381445818477206,
    "accuracy": 77.63845350052246,
    "precision": 0.784190614558204,
    "recall": 0.7763845350052246,
    "f1": 0.7773192621768718,
    "class_loss": {
        "Down": 0.24048386729425855,
        "Up": 0.5679759538835949,
        "Right": 0.6574765652418136,
        "Left": 0.6288428790039486,
        "Forward": 0.5592285924487643,
        "Backward": 0.9764260376358161
    },
    "low_confidence": 0.77392578125
}