{
    "loss": 1.0569433927536012,
    "accuracy": 63.07906652734239,
    "precision": 0.6244880894390594,
    "recall": 0.6307906652734239,
    "f1": 0.619565557854554,
    "class_loss": {
        "Down": 0.9668926173134854,
        "Up": 1.7669356406355898,
        "Right": 2.405874729156494,
        "Left": 3.372267803320518,
        "Forward": 0.7276980276736948,
        "Backward": 0.0
    },
    "low_confidence": 0.75244140625
}