{
    "loss": 0.5295532160335117,
    "accuracy": 78.50923023336816,
    "precision": 0.7819481986939224,
    "recall": 0.7850923023336817,
    "f1": 0.7809941179889596,
    "class_loss": {
        "Down": 0.26178276282217766,
        "Up": 0.5549603819847106,
        "Right": 1.0163313415315416,
        "Left": 0.7492443804111746,
        "Forward": 0.41507332391209073,
        "Backward": 0.7728395774351868
    },
    "low_confidence": 0.78955078125
}