{
    "loss": 1.0621497458881801,
    "accuracy": 62.03413444792755,
    "precision": 0.6166764964465012,
    "recall": 0.6203413444792755,
    "f1": 0.6102863010652887,
    "class_loss": {
        "Down": 1.1109125253401304,
        "Up": 1.7692034849897027,
        "Right": 2.4184976862027097,
        "Left": 3.213691725753821,
        "Forward": 0.6474106258816189,
        "Backward": 0.0
    },
    "low_confidence": 0.7470703125
}