{
    "loss": 6.283757823484915,
    "accuracy": 37.414706736353075,
    "precision": 0.43263250833635675,
    "recall": 0.37414706736353076,
    "f1": 0.3403855449858479,
    "class_loss": {
        "Down": 15.180686707849857,
        "Up": 2.9278395186971733,
        "Right": 3.5335180213054023,
        "Left": 3.6292555370816477,
        "Forward": 4.816308428843816,
        "Backward": 12.427334435560086
    },
    "low_confidence": 0.869140625
}