{
    "loss": 7.261674324375387,
    "accuracy": 35.371297909407666,
    "precision": 0.4609370970612919,
    "recall": 0.3537129790940767,
    "f1": 0.3281269334873832,
    "class_loss": {
        "Down": 17.11527320958566,
        "Up": 3.602851156367514,
        "Right": 3.9197810263398827,
        "Left": 5.696689557516947,
        "Forward": 5.355998303140363,
        "Backward": 0.0
    },
    "low_confidence": 0.8828125
}