{
    "loss": 0.5654476798242993,
    "accuracy": 78.0614837398374,
    "precision": 0.7810624969397787,
    "recall": 0.780614837398374,
    "f1": 0.774393793776283,
    "class_loss": {
        "Down": 0.18519665883785044,
        "Up": 0.37554372281388,
        "Right": 0.6270466684191315,
        "Left": 0.5729302443839885,
        "Forward": 1.1195413530976683,
        "Backward": 0.27236936791989674
    },
    "low_confidence": 0.7734375
}