{
    "loss": 1.6400207631862334,
    "accuracy": 50.48816782810685,
    "precision": 0.552134607465601,
    "recall": 0.5048816782810686,
    "f1": 0.5210494746946218,
    "class_loss": {
        "Down": 1.3807307489999179,
        "Up": 1.2392644591682804,
        "Right": 1.6579657418446407,
        "Left": 2.916183232679032,
        "Forward": 1.8592081916548553,
        "Backward": 0.0
    },
    "low_confidence": 0.75048828125
}