{
    "loss": 1.3435194863213433,
    "accuracy": 48.519679554162316,
    "precision": 0.5216049682772702,
    "recall": 0.48519679554162315,
    "f1": 0.49355095055125625,
    "class_loss": {
        "Down": 1.3974531213442485,
        "Up": 1.5575373126400842,
        "Right": 1.8290028068754407,
        "Left": 1.2926175084378984,
        "Forward": 1.0834486073917813,
        "Backward": 3.7116597740148958
    },
    "low_confidence": 0.68408203125
}