{
    "loss": 1.857341190179189,
    "accuracy": 35.632183908045974,
    "precision": 0.41405085368424516,
    "recall": 0.3563218390804598,
    "f1": 0.35613070985487244,
    "class_loss": {
        "Down": 2.3603359711797616,
        "Up": 2.41946240949134,
        "Right": 1.965538387115185,
        "Left": 2.8085782383210383,
        "Forward": 1.4674090559283892,
        "Backward": 0.0
    },
    "low_confidence": 0.734375
}