{
    "loss": 0.6908129009935591,
    "accuracy": 71.36886102403344,
    "precision": 0.7158296905495782,
    "recall": 0.7136886102403344,
    "f1": 0.6946493493366342,
    "class_loss": {
        "Down": 0.3846887215971947,
        "Up": 1.0116152021620008,
        "Right": 1.2586138354407417,
        "Left": 1.4957446720865037,
        "Forward": 0.33971210320790607,
        "Backward": 1.110037286542356
    },
    "low_confidence": 0.7451171875
}