{
    "loss": 1.0274746225939857,
    "accuracy": 62.52176941832114,
    "precision": 0.6606027348844806,
    "recall": 0.6252176941832114,
    "f1": 0.5898999476131486,
    "class_loss": {
        "Down": 0.9828907651336569,
        "Up": 1.7910048676033814,
        "Right": 2.3164182626284084,
        "Left": 3.378827915741847,
        "Forward": 0.4838503642111189,
        "Backward": 0.0
    },
    "low_confidence": 0.70263671875
}