{
    "loss": 1.054225378566318,
    "accuracy": 53.77917102055033,
    "precision": 0.58777874390577,
    "recall": 0.5377917102055033,
    "f1": 0.5523400218012328,
    "class_loss": {
        "Down": 0.8302631676197052,
        "Up": 0.9790838135613336,
        "Right": 1.4431351939837138,
        "Left": 0.8770213239722782,
        "Forward": 1.04212666882409,
        "Backward": 2.8239648207051107
    },
    "low_confidence": 0.74462890625
}