{
    "loss": 0.5252565676691355,
    "accuracy": 80.4642131242741,
    "precision": 0.8054765779873451,
    "recall": 0.804642131242741,
    "f1": 0.795731510036911,
    "class_loss": {
        "Down": 0.26233347415648123,
        "Up": 0.2861071066861903,
        "Right": 0.5082920661403073,
        "Left": 0.3934879242270081,
        "Forward": 1.2394824712364763,
        "Backward": 0.2075884282519972
    },
    "low_confidence": 0.78662109375
}