{
    "loss": 1.7591590016802203,
    "accuracy": 46.66811846689895,
    "precision": 0.5317975058326203,
    "recall": 0.46668118466898956,
    "f1": 0.48504249923118237,
    "class_loss": {
        "Down": 1.8584647018030502,
        "Up": 1.2804251351668667,
        "Right": 1.6415262723134623,
        "Left": 2.7880177828192245,
        "Forward": 1.983449965475067,
        "Backward": 0.0
    },
    "low_confidence": 0.763671875
}