{
    "loss": 0.41247983341631683,
    "accuracy": 84.3205574912892,
    "precision": 0.842106028187228,
    "recall": 0.8432055749128919,
    "f1": 0.840866850058645,
    "class_loss": {
        "Down": 0.19146318053421768,
        "Up": 0.35772448178866634,
        "Right": 0.8649317738802537,
        "Left": 0.6105571181877799,
        "Forward": 0.3453863308481548,
        "Backward": 0.07594618377188453
    },
    "low_confidence": 0.8154296875
}