{
    "loss": 1.383547465438428,
    "accuracy": 63.20557491289198,
    "precision": 0.6518096771694363,
    "recall": 0.6320557491289198,
    "f1": 0.6286800374590517,
    "class_loss": {
        "Down": 1.2067124189602003,
        "Up": 2.2842257718245187,
        "Right": 1.7502686431010563,
        "Left": 5.122294617195924,
        "Forward": 0.7768321208979773,
        "Backward": 0.0
    },
    "low_confidence": 0.77587890625
}