{
    "loss": 0.8121294925610224,
    "accuracy": 65.65403600464576,
    "precision": 0.6927700556331717,
    "recall": 0.6565403600464577,
    "f1": 0.6587344798872979,
    "class_loss": {
        "Down": 0.6257904225753413,
        "Up": 1.0099180321450587,
        "Right": 1.0251740316549938,
        "Left": 0.5712681625176359,
        "Forward": 0.7303439558104232,
        "Backward": 1.166502107348707
    },
    "low_confidence": 0.6689453125
}