{
    "loss": 1.5669341345007222,
    "accuracy": 45.71174506387921,
    "precision": 0.5718944345031897,
    "recall": 0.4571174506387921,
    "f1": 0.47944175411705586,
    "class_loss": {
        "Down": 1.8928300083979317,
        "Up": 1.6474734052836177,
        "Right": 1.6357171291278467,
        "Left": 2.0129923585336655,
        "Forward": 1.0189919631567694,
        "Backward": 0.0
    },
    "low_confidence": 0.66650390625
}