{
    "loss": 0.9173716165953212,
    "accuracy": 66.09320557491289,
    "precision": 0.6801361625017021,
    "recall": 0.6609320557491289,
    "f1": 0.6463761854685364,
    "class_loss": {
        "Down": 0.629635561119627,
        "Up": 0.42455184659748163,
        "Right": 0.6996280956599448,
        "Left": 0.8811462077277677,
        "Forward": 1.9984289893397578,
        "Backward": 0.6514288971407546
    },
    "low_confidence": 0.732421875
}