{
    "loss": 2.0622259102669043,
    "accuracy": 41.80277293844367,
    "precision": 0.49043919050896967,
    "recall": 0.4180277293844367,
    "f1": 0.4290616551662527,
    "class_loss": {
        "Down": 2.494081827602687,
        "Up": 0.9731591877117978,
        "Right": 1.8267075998915567,
        "Left": 2.90968732140027,
        "Forward": 2.7555018018089954,
        "Backward": 0.0
    },
    "low_confidence": 0.7275390625
}