{
    "loss": 0.472433782838009,
    "accuracy": 81.72364982578397,
    "precision": 0.8132145649214799,
    "recall": 0.8172364982578397,
    "f1": 0.81418070354582,
    "class_loss": {
        "Down": 0.2631890539217878,
        "Up": 0.37012036655236175,
        "Right": 0.4997787229992725,
        "Left": 0.36016480110723664,
        "Forward": 0.9159583995739619,
        "Backward": 0.23718402833307023
    },
    "low_confidence": 0.8017578125
}