{
    "loss": 2.4955386896703944,
    "accuracy": 35.9375,
    "precision": 0.46338272243501416,
    "recall": 0.359375,
    "f1": 0.36527471806166123,
    "class_loss": {
        "Down": 2.836007988539295,
        "Up": 2.789656494135396,
        "Right": 2.1905064084890506,
        "Left": 3.1890964220510796,
        "Forward": 1.590188968967977,
        "Backward": 0.0
    },
    "low_confidence": 0.779296875
}