{
    "loss": 0.5548070513263896,
    "accuracy": 78.74927409988386,
    "precision": 0.7831270929073461,
    "recall": 0.7874927409988386,
    "f1": 0.7831209078040212,
    "class_loss": {
        "Down": 0.3564005386498239,
        "Up": 0.5476618627155269,
        "Right": 0.4885878331131405,
        "Left": 0.39338025402415683,
        "Forward": 1.0977756805993892,
        "Backward": 0.12221052447838937
    },
    "low_confidence": 0.77490234375
}