{
    "loss": 2.2111515396326364,
    "accuracy": 37.42196573751452,
    "precision": 0.4884258343923222,
    "recall": 0.3742196573751452,
    "f1": 0.3861661540056055,
    "class_loss": {
        "Down": 2.1975162504375847,
        "Up": 2.6890544993915113,
        "Right": 1.6567380038840283,
        "Left": 2.763658525334904,
        "Forward": 1.7163806546314229,
        "Backward": 0.0
    },
    "low_confidence": 0.76171875
}