{
    "loss": 0.3716279050266301,
    "accuracy": 86.4510743321719,
    "precision": 0.8628395145567436,
    "recall": 0.864510743321719,
    "f1": 0.8622853437415804,
    "class_loss": {
        "Down": 0.16537806115768575,
        "Up": 0.24313859513926286,
        "Right": 0.483513816225308,
        "Left": 0.2980836731623168,
        "Forward": 0.7121199370810279,
        "Backward": 0.1701957919134724
    },
    "low_confidence": 0.82470703125
}