{
    "loss": 1.7868158197293438,
    "accuracy": 51.030778164924506,
    "precision": 0.5666352277240276,
    "recall": 0.5103077816492451,
    "f1": 0.5297646682328971,
    "class_loss": {
        "Down": 2.0924162861445676,
        "Up": 1.288853438430836,
        "Right": 1.8695047853721514,
        "Left": 3.177166518609738,
        "Forward": 1.5257860071236087,
        "Backward": 0.0
    },
    "low_confidence": 0.76708984375
}