{
    "loss": 0.4997699685670711,
    "accuracy": 81.7000580720093,
    "precision": 0.8136220720946266,
    "recall": 0.817000580720093,
    "f1": 0.8136378010379125,
    "class_loss": {
        "Down": 0.3030054233278389,
        "Up": 0.36266018139819306,
        "Right": 0.613804387687533,
        "Left": 0.3856922537088394,
        "Forward": 0.9072894953467228,
        "Backward": 0.19138213028027504
    },
    "low_confidence": 0.759765625
}