{
    "loss": 1.336979797144455,
    "accuracy": 55.08855981416957,
    "precision": 0.5843234623598168,
    "recall": 0.5508855981416957,
    "f1": 0.5634431958673678,
    "class_loss": {
        "Down": 1.5510889834359936,
        "Up": 0.8754847972507936,
        "Right": 1.5220906775858667,
        "Left": 2.1993185327155516,
        "Forward": 1.3745634840621102,
        "Backward": 0.0
    },
    "low_confidence": 0.697265625
}