{
    "loss": 0.6656995862722397,
    "accuracy": 73.5632183908046,
    "precision": 0.7310143483633881,
    "recall": 0.735632183908046,
    "f1": 0.7265767954344408,
    "class_loss": {
        "Down": 0.47330282876888913,
        "Up": 0.7843795145551363,
        "Right": 1.2182043194770813,
        "Left": 1.201191132267316,
        "Forward": 0.43733273694912594,
        "Backward": 0.6227267384529114
    },
    "low_confidence": 0.703125
}