{
    "loss": 1.1099174320697784,
    "accuracy": 61.442006269592476,
    "precision": 0.5954643684778628,
    "recall": 0.6144200626959248,
    "f1": 0.5949237086212192,
    "class_loss": {
        "Down": 0.6632102797073978,
        "Up": 1.338065754622221,
        "Right": 1.9120626598596573,
        "Left": 2.215940455595652,
        "Forward": 0.6069188875456651,
        "Backward": 6.700615033507347
    },
    "low_confidence": 0.6962890625
}