{
    "loss": 1.2325466076533,
    "accuracy": 52.21177290142808,
    "precision": 0.4740474923767554,
    "recall": 0.5221177290142808,
    "f1": 0.470851232656259,
    "class_loss": {
        "Down": 1.576756517092387,
        "Up": 1.4832460681597393,
        "Right": 1.844942440589269,
        "Left": 2.0446994304656982,
        "Forward": 0.6799857964118322,
        "Backward": 4.4784218205346
    },
    "low_confidence": 0.5126953125
}