{
    "loss": 1.5401437282562256,
    "accuracy": 39.98606757227447,
    "precision": 0.37604450488848906,
    "recall": 0.3998606757227447,
    "f1": 0.35755617801684336,
    "class_loss": {
        "Down": 1.766613553870808,
        "Up": 1.498221668330106,
        "Right": 2.0983041470701043,
        "Left": 2.103159745534261,
        "Forward": 0.9789110322793325,
        "Backward": 6.227187474568685
    },
    "low_confidence": 0.4775390625
}