{
    "loss": 0.2838287003752258,
    "accuracy": 89.46900406504065,
    "precision": 0.8979300458577527,
    "recall": 0.8946900406504065,
    "f1": 0.8923902005413226,
    "class_loss": {
        "Down": 0.15577205089438292,
        "Up": 0.3030033602068822,
        "Right": 0.1583570237616422,
        "Left": 0.12573529881666656,
        "Forward": 0.7443945525145089,
        "Backward": 0.038566518884214966
    },
    "low_confidence": 0.8955078125
}