{
    "loss": 3.4230627684613597,
    "accuracy": 54.74920150987224,
    "precision": 0.5326398518764206,
    "recall": 0.5474920150987224,
    "f1": 0.5334302276313281,
    "class_loss": {
        "Down": 2.1607340277452023,
        "Up": 2.168270382295812,
        "Right": 1.5439418850284887,
        "Left": 1.7841886954804607,
        "Forward": 1.7987532274095313,
        "Backward": 26.19256485833062
    },
    "low_confidence": 0.83447265625
}