{
    "loss": 0.791388933857282,
    "accuracy": 69.48798328108673,
    "precision": 0.6836420011492295,
    "recall": 0.6948798328108673,
    "f1": 0.6777273547313483,
    "class_loss": {
        "Down": 0.5637439290682474,
        "Up": 0.7920180807511011,
        "Right": 1.4383120040098827,
        "Left": 1.4393389523029327,
        "Forward": 0.5581432183583578,
        "Backward": 1.8048519293467205
    },
    "low_confidence": 0.65966796875
}