{
    "loss": 1.2344821989536285,
    "accuracy": 55.869035179380006,
    "precision": 0.5561185416178365,
    "recall": 0.5586903517938001,
    "f1": 0.5380383439213137,
    "class_loss": {
        "Down": 1.2563982714306225,
        "Up": 0.9664793122898448,
        "Right": 2.1277654387734155,
        "Left": 1.6768692831198375,
        "Forward": 0.8231561854481697,
        "Backward": 7.088847955067952
    },
    "low_confidence": 0.630859375
}