{
    "loss": 0.5745592622293366,
    "accuracy": 78.65127758420441,
    "precision": 0.7882217389544075,
    "recall": 0.7865127758420442,
    "f1": 0.7796231107254723,
    "class_loss": {
        "Down": 0.357404042656223,
        "Up": 0.4188850643803124,
        "Right": 0.4445057928010269,
        "Left": 0.5532706741381574,
        "Forward": 1.2009556436980213,
        "Backward": 0.21392929482842898
    },
    "low_confidence": 0.77001953125
}