{
    "loss": 2.003386924013116,
    "accuracy": 57.82883275261324,
    "precision": 0.5467357245012608,
    "recall": 0.5782883275261324,
    "f1": 0.5567858602727918,
    "class_loss": {
        "Down": 1.263358483016491,
        "Up": 1.0241731504129983,
        "Right": 0.9803353798825566,
        "Left": 1.2980271032666442,
        "Forward": 1.650677391478131,
        "Backward": 13.482898394266764
    },
    "low_confidence": 0.72998046875
}