{
    "loss": 1.306456094317966,
    "accuracy": 47.68373389063044,
    "precision": 0.5343929633058355,
    "recall": 0.4768373389063044,
    "f1": 0.4894377423187925,
    "class_loss": {
        "Down": 1.5534960309664407,
        "Up": 1.5249481346872118,
        "Right": 1.7211612780888876,
        "Left": 1.2346360425154368,
        "Forward": 1.016652434402042,
        "Backward": 3.1587818098169835
    },
    "low_confidence": 0.712890625
}