{
    "loss": 2.208114153146744,
    "accuracy": 33.57715081853013,
    "precision": 0.4338899212302452,
    "recall": 0.33577150818530127,
    "f1": 0.34187334199781044,
    "class_loss": {
        "Down": 3.6650783388238204,
        "Up": 2.9274047523116073,
        "Right": 1.9044982886586626,
        "Left": 3.3898667504007998,
        "Forward": 1.492182126144568,
        "Backward": 0.0
    },
    "low_confidence": 0.78466796875
}