{
    "loss": 0.6457014083862305,
    "accuracy": 73.91152908394288,
    "precision": 0.7335437678770192,
    "recall": 0.7391152908394287,
    "f1": 0.7323283379969919,
    "class_loss": {
        "Down": 0.46330273151397705,
        "Up": 0.6165946920712789,
        "Right": 1.1090861111879349,
        "Left": 1.1676331162452698,
        "Forward": 0.48261091858148575,
        "Backward": 0.5224081620573997
    },
    "low_confidence": 0.7080078125
}