{
    "loss": 1.109697590271632,
    "accuracy": 60.118425635667016,
    "precision": 0.5861348462884988,
    "recall": 0.6011842563566702,
    "f1": 0.5870605758550081,
    "class_loss": {
        "Down": 0.6864314132503101,
        "Up": 1.1956240460276604,
        "Right": 1.7579839477936428,
        "Left": 2.246009667714437,
        "Forward": 0.6921419675151507,
        "Backward": 6.859199553728104
    },
    "low_confidence": 0.69287109375
}