{
    "loss": 0.34405398941426363,
    "accuracy": 87.454631242741,
    "precision": 0.8735250222489417,
    "recall": 0.87454631242741,
    "f1": 0.870958033321175,
    "class_loss": {
        "Down": 0.22001044231432457,
        "Up": 0.16500611586013325,
        "Right": 0.5444385801200513,
        "Left": 0.12747634617887713,
        "Forward": 0.762121960244797,
        "Backward": 0.03120332050457364
    },
    "low_confidence": 0.84228515625
}