{
    "loss": 1.4904788554628827,
    "accuracy": 52.44446864111498,
    "precision": 0.5539032304503672,
    "recall": 0.5244446864111498,
    "f1": 0.5088962001549122,
    "class_loss": {
        "Down": 1.5705813227932115,
        "Up": 1.2411998739652335,
        "Right": 2.7639288839341685,
        "Left": 1.618775788266715,
        "Forward": 0.9979677139822625,
        "Backward": 0.0
    },
    "low_confidence": 0.7255859375
}