{
    "loss": 0.7050852982894235,
    "accuracy": 71.3588850174216,
    "precision": 0.7046950597560554,
    "recall": 0.713588850174216,
    "f1": 0.7003187092498129,
    "class_loss": {
        "Down": 0.6233589999053789,
        "Up": 0.9170729738214741,
        "Right": 1.503941712172135,
        "Left": 1.0459019774975984,
        "Forward": 0.4029437154531479,
        "Backward": 0.3652715627104044
    },
    "low_confidence": 0.70751953125
}