{
    "loss": 1.0113790177780648,
    "accuracy": 64.11149825783973,
    "precision": 0.6409049658374261,
    "recall": 0.6411149825783972,
    "f1": 0.6227510815874017,
    "class_loss": {
        "Down": 0.6856514116128286,
        "Up": 1.620566431681315,
        "Right": 3.17010498046875,
        "Left": 2.722977727651596,
        "Forward": 0.5868555106546568,
        "Backward": 0.0
    },
    "low_confidence": 0.681640625
}