{
    "loss": 0.6140794111622705,
    "accuracy": 75.16544757924068,
    "precision": 0.7573979842545483,
    "recall": 0.7516544757924069,
    "f1": 0.7400465644966548,
    "class_loss": {
        "Down": 0.48354056775569915,
        "Up": 0.7788646578788757,
        "Right": 1.3674917088614569,
        "Left": 0.9165511336591509,
        "Forward": 0.3134566757414076,
        "Backward": 1.4383342301715976
    },
    "low_confidence": 0.75244140625
}