{
    "loss": 1.094592281182607,
    "accuracy": 59.874608150470216,
    "precision": 0.5954418402406457,
    "recall": 0.5987460815047022,
    "f1": 0.5599945550239618,
    "class_loss": {
        "Down": 0.9886984989831322,
        "Up": 1.8040019869804382,
        "Right": 3.3792179272725034,
        "Left": 3.3847622871398926,
        "Forward": 0.47760057799362887,
        "Backward": 0.0
    },
    "low_confidence": 0.72802734375
}