{
    "loss": 0.5740454951922099,
    "accuracy": 76.76767676767676,
    "precision": 0.7678828366651712,
    "recall": 0.7676767676767676,
    "f1": 0.7644734659336822,
    "class_loss": {
        "Down": 0.5679219524065654,
        "Up": 0.4749546570910348,
        "Right": 0.9165444877412584,
        "Left": 1.0228745056523216,
        "Forward": 0.39511916571193273,
        "Backward": 1.1361189557684828
    },
    "low_confidence": 0.7490234375
}