{
    "loss": 1.0841643012232252,
    "accuracy": 59.770114942528735,
    "precision": 0.5929227754470244,
    "recall": 0.5977011494252874,
    "f1": 0.5742690648733567,
    "class_loss": {
        "Down": 1.2367996934213137,
        "Up": 1.2524827954669793,
        "Right": 2.9761837675021243,
        "Left": 3.5301391115555396,
        "Forward": 0.6609496381728807,
        "Backward": 0.0
    },
    "low_confidence": 0.71728515625
}