{
    "loss": 0.7763527929782867,
    "accuracy": 70.35876001393243,
    "precision": 0.6988224485420618,
    "recall": 0.7035876001393243,
    "f1": 0.688807433712422,
    "class_loss": {
        "Down": 0.6552936906615893,
        "Up": 0.8234341442584991,
        "Right": 1.3656941056251526,
        "Left": 1.4917306800683339,
        "Forward": 0.487895963092645,
        "Backward": 1.1653934478759767
    },
    "low_confidence": 0.65478515625
}