{
    "loss": 1.0791422526041667,
    "accuracy": 61.790316962730756,
    "precision": 0.5939913548251109,
    "recall": 0.6179031696273075,
    "f1": 0.5968898720986842,
    "class_loss": {
        "Down": 0.7130855337849685,
        "Up": 1.1166420169174671,
        "Right": 1.7423005153735478,
        "Left": 2.195127179225286,
        "Forward": 0.6473807816704115,
        "Backward": 5.784488350152969
    },
    "low_confidence": 0.65087890625
}