{
    "loss": 0.4490950718798019,
    "accuracy": 83.39322009291521,
    "precision": 0.8316730601797313,
    "recall": 0.8339322009291521,
    "f1": 0.8322028339256203,
    "class_loss": {
        "Down": 0.24668372836377886,
        "Up": 0.41063703293049775,
        "Right": 0.44306013553782747,
        "Left": 0.39226872977559213,
        "Forward": 0.8256529831775913,
        "Backward": 0.18357200757169198
    },
    "low_confidence": 0.79052734375
}