{
    "loss": 1.5661004165670387,
    "accuracy": 51.79297328687573,
    "precision": 0.5726200680777006,
    "recall": 0.5179297328687572,
    "f1": 0.5367236134453928,
    "class_loss": {
        "Down": 1.73287997616158,
        "Up": 1.2489491725811757,
        "Right": 1.6754531918300524,
        "Left": 2.6095224182354286,
        "Forward": 1.4129315715042814,
        "Backward": 0.0
    },
    "low_confidence": 0.7333984375
}