Epoch,Training Loss,Training Accuracy,Training Precision,Training Recall,Training F1,Random Val Loss,Random Val Accuracy,Random Val Precision,Random Val Recall,Random Val F1,Sequence Val Loss,Sequence Val Accuracy,Sequence Val Precision,Sequence Val Recall,Sequence Val F1
1,1.2433213355929353,60.745937961595274,0.6090172411997349,0.6074593796159528,0.5744754556132903,0.9733198285102844,74.0,0.7059881730469967,0.74,0.7139465067745603,2.032562176386515,0.0,0.0,0.0,0.0
2,0.7775183659653331,72.85819793205317,0.6862725443411288,0.7285819793205317,0.7010263200681154,0.6009999910990397,77.33333333333333,0.7316639095671355,0.7733333333333333,0.743380142892338,1.3551629384358723,0.0,0.0,0.0,0.0
