{
    "loss": 0.08772116218245139,
    "accuracy": 97.37950058072009,
    "precision": 0.9737526371148306,
    "recall": 0.9737950058072009,
    "f1": 0.9735941802190429,
    "class_loss": {
        "Down": 0.03825275607286366,
        "Up": 0.03551107392370425,
        "Right": 0.12677792413160205,
        "Left": 0.06037407831495835,
        "Forward": 0.20477491375748758,
        "Backward": 0.0025343969219749044
    },
    "low_confidence": 0.94677734375
}