{
    "loss": 3.3923001341902785,
    "accuracy": 45.40505226480836,
    "precision": 0.574842704940415,
    "recall": 0.4540505226480836,
    "f1": 0.44173695007855657,
    "class_loss": {
        "Down": 2.4478829766832,
        "Up": 2.940900361277163,
        "Right": 5.132959016721573,
        "Left": 6.25459780318134,
        "Forward": 0.9607383996157843,
        "Backward": 0.0
    },
    "low_confidence": 0.87841796875
}