{
    "loss": 0.7074346992704603,
    "accuracy": 70.70707070707071,
    "precision": 0.6989737932726943,
    "recall": 0.7070707070707071,
    "f1": 0.6966242900217423,
    "class_loss": {
        "Down": 0.5461829625897937,
        "Up": 0.7900579783651563,
        "Right": 1.3809626817703247,
        "Left": 1.019536906480789,
        "Forward": 0.4650615569618013,
        "Backward": 1.2946370396277178
    },
    "low_confidence": 0.69921875
}