{
    "loss": 0.9514104121261173,
    "accuracy": 61.16335771508185,
    "precision": 0.5934896125355631,
    "recall": 0.6116335771508186,
    "f1": 0.5848118098454576,
    "class_loss": {
        "Down": 1.120227663140548,
        "Up": 1.1521409495423238,
        "Right": 2.328201248095586,
        "Left": 2.407166775029439,
        "Forward": 0.6681296841137939,
        "Backward": 0.0
    },
    "low_confidence": 0.6640625
}