{
    "loss": 0.8739951822492812,
    "accuracy": 65.34308603274121,
    "precision": 0.6482457930576594,
    "recall": 0.653430860327412,
    "f1": 0.642855616497698,
    "class_loss": {
        "Down": 0.577174930440055,
        "Up": 0.8540369808673859,
        "Right": 1.4261593792173597,
        "Left": 1.3145418114132352,
        "Forward": 0.6992551889684465,
        "Backward": 1.8625434173837951
    },
    "low_confidence": 0.6357421875
}