{
    "loss": 1.022217739952935,
    "accuracy": 59.73528387321491,
    "precision": 0.5714796010201569,
    "recall": 0.5973528387321491,
    "f1": 0.5791536315506365,
    "class_loss": {
        "Down": 0.768369651154468,
        "Up": 1.1704146427412827,
        "Right": 2.428747901549706,
        "Left": 1.9414498513707747,
        "Forward": 0.9707219951682621,
        "Backward": 0.0
    },
    "low_confidence": 0.5712890625
}