{
    "loss": 0.463364839553833,
    "accuracy": 82.75862068965517,
    "precision": 0.8383581217632943,
    "recall": 0.8275862068965517,
    "f1": 0.8222843412118352,
    "class_loss": {
        "Down": 0.27469658851623535,
        "Up": 2.615473747253418,
        "Right": 0.5082718729972839,
        "Left": 0.2518211603164673,
        "Forward": 0.5326074957847595,
        "Backward": 0.0
    },
    "low_confidence": 0.736328125
}