{
    "loss": 2.223008155822754,
    "accuracy": 60.3448275862069,
    "precision": 0.36414982164090365,
    "recall": 0.603448275862069,
    "f1": 0.45420837968112715,
    "class_loss": {
        "Down": 0.0,
        "Up": 0.0,
        "Right": 0.061977289617061615,
        "Left": 5.445621013641357,
        "Forward": 5.63511848449707,
        "Backward": 0.0
    },
    "low_confidence": 0.93115234375
}