{
    "loss": 0.42832470069760864,
    "accuracy": 83.90243902439025,
    "precision": 0.8410167948688041,
    "recall": 0.8390243902439024,
    "f1": 0.837204667407953,
    "class_loss": {
        "Down": 0.4371131613202717,
        "Up": 0.45722835867301276,
        "Right": 0.9510782957077026,
        "Left": 0.5960448329215464,
        "Forward": 0.238797002836414,
        "Backward": 0.10286020724452101
    },
    "low_confidence": 0.837890625
}