{
    "loss": 1.6548568930314935,
    "accuracy": 57.42160278745644,
    "precision": 0.5877109451482883,
    "recall": 0.5742160278745645,
    "f1": 0.5586298632164068,
    "class_loss": {
        "Down": 1.9769095099634595,
        "Up": 3.3782527605692545,
        "Right": 2.3893015583356223,
        "Left": 4.7505185299863415,
        "Forward": 0.5595388034277636,
        "Backward": 0.0
    },
    "low_confidence": 0.79248046875
}