{
    "loss": 0.48781011005242664,
    "accuracy": 80.84894018583043,
    "precision": 0.8050200587135423,
    "recall": 0.8084894018583043,
    "f1": 0.8058059990936239,
    "class_loss": {
        "Down": 0.23931304503370215,
        "Up": 0.3517331965267658,
        "Right": 0.6132061004086777,
        "Left": 0.3863942832858474,
        "Forward": 0.9064669424185047,
        "Backward": 0.18001442559869718
    },
    "low_confidence": 0.7958984375
}