{
    "loss": 2.4162113989824086,
    "accuracy": 36.939242160278745,
    "precision": 0.472930238287993,
    "recall": 0.36939242160278746,
    "f1": 0.3791403393716127,
    "class_loss": {
        "Down": 2.8582726226768633,
        "Up": 2.515414442749223,
        "Right": 2.18494091520875,
        "Left": 3.2008161762496457,
        "Forward": 1.619740822510193,
        "Backward": 0.0
    },
    "low_confidence": 0.7802734375
}