{
    "loss": 0.6286192900604672,
    "accuracy": 74.36433298502264,
    "precision": 0.7409994255617244,
    "recall": 0.7436433298502264,
    "f1": 0.7372718591286912,
    "class_loss": {
        "Down": 0.36141094581948385,
        "Up": 0.8416218505965338,
        "Right": 1.064164317978753,
        "Left": 1.0602498253186543,
        "Forward": 0.41974299351374306,
        "Backward": 1.2644516169296012
    },
    "low_confidence": 0.74609375
}