{
    "loss": 1.0061381114853754,
    "accuracy": 63.42737722048067,
    "precision": 0.6384757346473274,
    "recall": 0.6342737722048067,
    "f1": 0.6215708777293403,
    "class_loss": {
        "Down": 0.9102229460289604,
        "Up": 1.7514484158406656,
        "Right": 1.9557715470974262,
        "Left": 3.0064886177961645,
        "Forward": 0.612261411268264,
        "Backward": 0.0
    },
    "low_confidence": 0.70556640625
}