{
    "loss": 0.3148179418510861,
    "accuracy": 88.37289488966319,
    "precision": 0.8835290944455779,
    "recall": 0.8837289488966318,
    "f1": 0.8803973806117353,
    "class_loss": {
        "Down": 0.1370209061920091,
        "Up": 0.18855495757802768,
        "Right": 0.37111913474897545,
        "Left": 0.15864547831868683,
        "Forward": 0.7987150635432314,
        "Backward": 0.05608014383910308
    },
    "low_confidence": 0.876953125
}