{
    "loss": 2.9157036748384364,
    "accuracy": 55.08311556329849,
    "precision": 0.5378614941042913,
    "recall": 0.5508311556329849,
    "f1": 0.533824500926331,
    "class_loss": {
        "Down": 1.4580917956400663,
        "Up": 1.4419199544408488,
        "Right": 1.9054543784387954,
        "Left": 1.589889776922064,
        "Forward": 1.542048556088928,
        "Backward": 21.800780084398056
    },
    "low_confidence": 0.8173828125
}