{
    "loss": 1.314810914463467,
    "accuracy": 48.79832810867293,
    "precision": 0.5404138999272355,
    "recall": 0.48798328108672934,
    "f1": 0.5037286775117903,
    "class_loss": {
        "Down": 1.2631910986370511,
        "Up": 1.5904854562547472,
        "Right": 1.6360313812891643,
        "Left": 1.3033185985353257,
        "Forward": 1.1153430806265936,
        "Backward": 3.416737396693365
    },
    "low_confidence": 0.68408203125
}