{
    "loss": 1.8941131737497119,
    "accuracy": 33.995123650296065,
    "precision": 0.43145910384905783,
    "recall": 0.33995123650296066,
    "f1": 0.3479281942561474,
    "class_loss": {
        "Down": 2.4837310753370585,
        "Up": 2.572835530154407,
        "Right": 1.7690105541394308,
        "Left": 3.16082003311469,
        "Forward": 1.455563917921649,
        "Backward": 0.0
    },
    "low_confidence": 0.732421875
}