{
    "loss": 0.4742654537161191,
    "accuracy": 81.19011324041811,
    "precision": 0.8104189812808461,
    "recall": 0.8119011324041812,
    "f1": 0.8079812329560918,
    "class_loss": {
        "Down": 0.38153194905155235,
        "Up": 0.3782244067363165,
        "Right": 0.4026722116050897,
        "Left": 0.28433000213570064,
        "Forward": 1.0124587011006143,
        "Backward": 0.10714685910810388
    },
    "low_confidence": 0.8173828125
}