{
    "loss": 3.0345842533775054,
    "accuracy": 33.18633855981417,
    "precision": 0.439452797837377,
    "recall": 0.3318633855981417,
    "f1": 0.3292531286136446,
    "class_loss": {
        "Down": 4.113330654476,
        "Up": 3.1628666557483824,
        "Right": 1.9601017603854416,
        "Left": 3.542356440477306,
        "Forward": 2.104842631848559,
        "Backward": 0.0
    },
    "low_confidence": 0.8291015625
}