{
    "loss": 0.3824943265189295,
    "accuracy": 85.71428571428571,
    "precision": 0.8559614564033197,
    "recall": 0.8571428571428571,
    "f1": 0.855069534802974,
    "class_loss": {
        "Down": 0.18437546540213667,
        "Up": 0.37325964868068695,
        "Right": 0.9491748997698659,
        "Left": 0.5096644713826801,
        "Forward": 0.2815926159205644,
        "Backward": 0.06392787815348129
    },
    "low_confidence": 0.83642578125
}