{
    "loss": 1.620136330956998,
    "accuracy": 60.20905923344948,
    "precision": 0.6253413533419465,
    "recall": 0.6020905923344948,
    "f1": 0.5914758696084759,
    "class_loss": {
        "Down": 1.910933815770679,
        "Up": 3.125556888182958,
        "Right": 2.4618136833111444,
        "Left": 5.61797047406435,
        "Forward": 0.5804303821338259,
        "Backward": 0.0
    },
    "low_confidence": 0.79736328125
}