{
    "loss": 0.4624406851276203,
    "accuracy": 83.02301103368177,
    "precision": 0.8271397123781927,
    "recall": 0.8302301103368177,
    "f1": 0.8256636343008538,
    "class_loss": {
        "Down": 0.2778081697653289,
        "Up": 0.2957084123045206,
        "Right": 0.538677184532086,
        "Left": 0.34181065919498604,
        "Forward": 0.9169124876735387,
        "Backward": 0.13960162242572685
    },
    "low_confidence": 0.7890625
}