{
    "loss": 1.6639402847859956,
    "accuracy": 50.9491144018583,
    "precision": 0.5618587845561372,
    "recall": 0.5094911440185831,
    "f1": 0.528423692767958,
    "class_loss": {
        "Down": 1.9208296456954617,
        "Up": 1.186765237265345,
        "Right": 2.0373462920801506,
        "Left": 2.439913169830106,
        "Forward": 1.597405932513216,
        "Backward": 0.0
    },
    "low_confidence": 0.74853515625
}