{
    "loss": 0.05898271407932043,
    "accuracy": 98.09814169570267,
    "precision": 0.9814575343526631,
    "recall": 0.9809814169570267,
    "f1": 0.9808147378605119,
    "class_loss": {
        "Down": 0.0412031046731432,
        "Up": 0.04739828428029324,
        "Right": 0.013364757139546176,
        "Left": 0.008913479335239605,
        "Forward": 0.1989248745591828,
        "Backward": 0.001601092111062346
    },
    "low_confidence": 0.96826171875
}