{
    "loss": 3.840124705620602,
    "accuracy": 46.239837398373986,
    "precision": 0.5607484678880674,
    "recall": 0.46239837398373984,
    "f1": 0.46218650513618104,
    "class_loss": {
        "Down": 3.211385550522257,
        "Up": 4.621268387669698,
        "Right": 4.796095329416138,
        "Left": 6.902534202421619,
        "Forward": 1.4186337178805328,
        "Backward": 0.0
    },
    "low_confidence": 0.8916015625
}