{
    "loss": 0.5601024231700985,
    "accuracy": 79.25195993031359,
    "precision": 0.787931419153474,
    "recall": 0.7925195993031359,
    "f1": 0.7874458362578444,
    "class_loss": {
        "Down": 0.3155332692657356,
        "Up": 0.4664583407618381,
        "Right": 0.5789985660877492,
        "Left": 0.4400246997398359,
        "Forward": 1.0560684143393129,
        "Backward": 0.29027423754989823
    },
    "low_confidence": 0.75341796875
}