{
    "loss": 1.607279533666938,
    "accuracy": 47.80959639953542,
    "precision": 0.5421756725563105,
    "recall": 0.47809596399535426,
    "f1": 0.4976788355745643,
    "class_loss": {
        "Down": 1.5181463849663301,
        "Up": 1.3963533965085286,
        "Right": 1.709940188874801,
        "Left": 2.3546382345375605,
        "Forward": 1.7317317195477024,
        "Backward": 0.0
    },
    "low_confidence": 0.73095703125
}