{
    "loss": 0.6260082615746392,
    "accuracy": 74.71264367816092,
    "precision": 0.7468379218766641,
    "recall": 0.7471264367816092,
    "f1": 0.7335044000709788,
    "class_loss": {
        "Down": 0.47853755089971756,
        "Up": 0.720447039604187,
        "Right": 1.161452998055352,
        "Left": 1.3141421013408237,
        "Forward": 0.3302129927608702,
        "Backward": 1.2144564954191446
    },
    "low_confidence": 0.748046875
}