{
    "loss": 1.0037188152472178,
    "accuracy": 63.04423545802856,
    "precision": 0.6315432737644066,
    "recall": 0.6304423545802856,
    "f1": 0.6004126267009993,
    "class_loss": {
        "Down": 1.0515564303649099,
        "Up": 1.4745322223752737,
        "Right": 2.3459626665482154,
        "Left": 3.286511785708941,
        "Forward": 0.5798436342479868,
        "Backward": 0.0
    },
    "low_confidence": 0.69873046875
}