{
    "loss": 0.615354540447394,
    "accuracy": 74.99129223267154,
    "precision": 0.7459795542620167,
    "recall": 0.7499129223267155,
    "f1": 0.7438184832518557,
    "class_loss": {
        "Down": 0.42213548223177594,
        "Up": 0.7218251849214236,
        "Right": 1.128660688797633,
        "Left": 0.9339272081851959,
        "Forward": 0.4532842809955279,
        "Backward": 0.5019241884350777
    },
    "low_confidence": 0.71142578125
}