{
    "loss": 1.1290677140156429,
    "accuracy": 61.23301985370951,
    "precision": 0.600258300222319,
    "recall": 0.6123301985370951,
    "f1": 0.5964712986313887,
    "class_loss": {
        "Down": 0.7055691839861018,
        "Up": 1.4246452189981937,
        "Right": 1.988297129670779,
        "Left": 1.9964824269215267,
        "Forward": 0.6352298172811667,
        "Backward": 7.176843509078026
    },
    "low_confidence": 0.70263671875
}