{
    "loss": 1.0816567513677808,
    "accuracy": 53.744339951236505,
    "precision": 0.5652739512607904,
    "recall": 0.5374433995123651,
    "f1": 0.5451983653987915,
    "class_loss": {
        "Down": 1.0370370242330762,
        "Up": 1.0314327458540598,
        "Right": 1.5105953931808471,
        "Left": 1.2700149615605671,
        "Forward": 0.8749609589576721,
        "Backward": 3.5668738141909917
    },
    "low_confidence": 0.72216796875
}