{
    "loss": 2.24212947818968,
    "accuracy": 33.71647509578544,
    "precision": 0.4645622500660554,
    "recall": 0.3371647509578544,
    "f1": 0.34613330796565145,
    "class_loss": {
        "Down": 3.4022759952043233,
        "Up": 3.0320319204280772,
        "Right": 2.503251275871522,
        "Left": 3.964435027482418,
        "Forward": 1.4724855182071528,
        "Backward": 0.0
    },
    "low_confidence": 0.8037109375
}