{
    "loss": 0.45887079890127536,
    "accuracy": 81.84705284552845,
    "precision": 0.8179810713026451,
    "recall": 0.8184705284552846,
    "f1": 0.8166625281624604,
    "class_loss": {
        "Down": 0.3721051150587974,
        "Up": 0.31827039106024635,
        "Right": 0.3987292123061639,
        "Left": 0.4067565440027802,
        "Forward": 0.8785561941288136,
        "Backward": 0.11518909200040744
    },
    "low_confidence": 0.81298828125
}