{
    "loss": 0.34590469190367945,
    "accuracy": 87.49637049941929,
    "precision": 0.874784279516078,
    "recall": 0.8749637049941928,
    "f1": 0.8707845427155532,
    "class_loss": {
        "Down": 0.15053462016361732,
        "Up": 0.26097125491058387,
        "Right": 0.37653243838361017,
        "Left": 0.19070816274594377,
        "Forward": 0.8166306051943037,
        "Backward": 0.09598436317928308
    },
    "low_confidence": 0.84375
}