{
    "loss": 1.9259634343292822,
    "accuracy": 48.635307781649246,
    "precision": 0.5446371402577146,
    "recall": 0.48635307781649245,
    "f1": 0.5046679020878649,
    "class_loss": {
        "Down": 2.0921515705927773,
        "Up": 1.6299491626103915,
        "Right": 2.5587984969218573,
        "Left": 2.7686473695212044,
        "Forward": 1.6367701049293242,
        "Backward": 0.0
    },
    "low_confidence": 0.7783203125
}