{
    "loss": 0.8043762315754537,
    "accuracy": 69.25450058072009,
    "precision": 0.6846394064830795,
    "recall": 0.6925450058072009,
    "f1": 0.6853954466871668,
    "class_loss": {
        "Down": 0.4915840162171258,
        "Up": 0.6787660935962642,
        "Right": 0.9082005374409534,
        "Left": 0.507924309897202,
        "Forward": 1.5157713070511818,
        "Backward": 0.4306213483645546
    },
    "low_confidence": 0.68212890625
}