{
    "loss": 1.4358980399556458,
    "accuracy": 43.35256968641115,
    "precision": 0.5060721982547657,
    "recall": 0.4335256968641115,
    "f1": 0.4511359752044749,
    "class_loss": {
        "Down": 1.2897547042348247,
        "Up": 1.1617480804133846,
        "Right": 1.474650423352917,
        "Left": 1.8029598961002193,
        "Forward": 1.8457252863914735,
        "Backward": 0.0
    },
    "low_confidence": 0.66552734375
}