{
    "loss": 0.5738040117753876,
    "accuracy": 78.24114401858304,
    "precision": 0.784242539090442,
    "recall": 0.7824114401858304,
    "f1": 0.7761772655829566,
    "class_loss": {
        "Down": 0.3638610513535915,
        "Up": 0.25376409885508044,
        "Right": 0.5554172166243747,
        "Left": 0.577373024766092,
        "Forward": 1.1959853575185493,
        "Backward": 0.19264424443072467
    },
    "low_confidence": 0.771484375
}