{
    "loss": 1.5851727448052433,
    "accuracy": 49.052700348432055,
    "precision": 0.5525857608451233,
    "recall": 0.49052700348432055,
    "f1": 0.49992669967550235,
    "class_loss": {
        "Down": 1.9655557207871175,
        "Up": 0.7738674374504845,
        "Right": 1.4561771877730887,
        "Left": 2.6274671213468537,
        "Forward": 1.8091725026587806,
        "Backward": 0.0
    },
    "low_confidence": 0.75439453125
}