{
    "loss": 0.678277783371784,
    "accuracy": 74.8911149825784,
    "precision": 0.7471965311717642,
    "recall": 0.748911149825784,
    "f1": 0.7448724634095125,
    "class_loss": {
        "Down": 0.4870220799412992,
        "Up": 0.611764624438904,
        "Right": 0.6305601113924274,
        "Left": 0.5815927892647408,
        "Forward": 1.1799500275541235,
        "Backward": 0.32481548452698106
    },
    "low_confidence": 0.69580078125
}