{
    "loss": 1.1449663840682693,
    "accuracy": 56.61476480836237,
    "precision": 0.6164748345756549,
    "recall": 0.5661476480836237,
    "f1": 0.5781301298759962,
    "class_loss": {
        "Down": 1.0663675447197065,
        "Up": 0.8532682694045894,
        "Right": 1.1036687692006428,
        "Left": 1.640212039288599,
        "Forward": 1.6569544312454039,
        "Backward": 0.0
    },
    "low_confidence": 0.62060546875
}