{
    "loss": 0.9383193751176199,
    "accuracy": 64.29815395332636,
    "precision": 0.6249351384877792,
    "recall": 0.6429815395332636,
    "f1": 0.6153424353079754,
    "class_loss": {
        "Down": 0.8703379531701406,
        "Up": 1.0677725225687027,
        "Right": 1.6284838716189067,
        "Left": 1.5658743778864543,
        "Forward": 0.5784531881411871,
        "Backward": 2.645247769355774
    },
    "low_confidence": 0.58203125
}