{
    "loss": 1.1346563796202342,
    "accuracy": 61.19818878439568,
    "precision": 0.5786422744799443,
    "recall": 0.6119818878439568,
    "f1": 0.5879459624136797,
    "class_loss": {
        "Down": 0.749762522322791,
        "Up": 1.1920961365103722,
        "Right": 1.8258939782778423,
        "Left": 1.8547821938991547,
        "Forward": 0.7231975197792053,
        "Backward": 5.276014447212219
    },
    "low_confidence": 0.576171875
}