{
    "loss": 0.6079400751901709,
    "accuracy": 76.09756097560975,
    "precision": 0.7562666688793696,
    "recall": 0.7609756097560976,
    "f1": 0.7532336162231156,
    "class_loss": {
        "Down": 0.39977352839449176,
        "Up": 0.697567740212316,
        "Right": 1.2398776334265005,
        "Left": 0.9716670798218768,
        "Forward": 0.415983185172081,
        "Backward": 0.1440755682939198
    },
    "low_confidence": 0.75146484375
}