{
    "loss": 1.0459461354691049,
    "accuracy": 64.94773519163763,
    "precision": 0.6600066513149874,
    "recall": 0.6494773519163763,
    "f1": 0.6399843775838474,
    "class_loss": {
        "Down": 0.591880299978786,
        "Up": 1.6420168871680896,
        "Right": 2.283609370390574,
        "Left": 3.308433845639229,
        "Forward": 0.7604704794028531,
        "Backward": 0.0
    },
    "low_confidence": 0.71630859375
}