{
    "loss": 0.5206501483917236,
    "accuracy": 82.75862068965517,
    "precision": 0.8258356617145972,
    "recall": 0.8275862068965517,
    "f1": 0.8215560421552688,
    "class_loss": {
        "Down": 0.3156833052635193,
        "Up": 2.572768449783325,
        "Right": 0.5839393734931946,
        "Left": 0.3840042054653168,
        "Forward": 0.5695986747741699,
        "Backward": 0.0
    },
    "low_confidence": 0.7080078125
}