{
    "loss": 0.7151501007654049,
    "accuracy": 72.6970818815331,
    "precision": 0.724514018960294,
    "recall": 0.726970818815331,
    "f1": 0.7227638542170185,
    "class_loss": {
        "Down": 0.433598677524262,
        "Up": 0.5945522035989497,
        "Right": 0.792980606633204,
        "Left": 0.7086654959453477,
        "Forward": 1.12905345470817,
        "Backward": 0.29526636168291726
    },
    "low_confidence": 0.693359375
}