{
    "loss": 1.2085895770988255,
    "accuracy": 53.460728803716606,
    "precision": 0.56896302574476,
    "recall": 0.5346072880371661,
    "f1": 0.5473879160038144,
    "class_loss": {
        "Down": 0.95529755582844,
        "Up": 0.8421726865043123,
        "Right": 1.3834749592675104,
        "Left": 1.8479506688308902,
        "Forward": 1.7240818305121315,
        "Backward": 0.0
    },
    "low_confidence": 0.6435546875
}