{
    "loss": 1.2811678489049276,
    "accuracy": 46.8826192964124,
    "precision": 0.5418560210311782,
    "recall": 0.468826192964124,
    "f1": 0.491161726775661,
    "class_loss": {
        "Down": 1.1826789034737482,
        "Up": 1.3763550685511694,
        "Right": 1.4189453191227384,
        "Left": 1.1194317042827606,
        "Forward": 1.2574507024553088,
        "Backward": 2.663464982062578
    },
    "low_confidence": 0.67822265625
}