{
    "loss": 2.062125133143531,
    "accuracy": 33.22884012539185,
    "precision": 0.463437134418066,
    "recall": 0.3322884012539185,
    "f1": 0.34812863766250246,
    "class_loss": {
        "Down": 2.9812789026059603,
        "Up": 2.576246302264432,
        "Right": 1.810054343766891,
        "Left": 3.330923004792287,
        "Forward": 1.6354456449548402,
        "Backward": 0.0
    },
    "low_confidence": 0.7626953125
}