{
    "loss": 1.0250449180603027,
    "accuracy": 59.850107066381156,
    "precision": 0.5681391493270316,
    "recall": 0.5985010706638115,
    "f1": 0.5744300974440968,
    "class_loss": {
        "Down": 0.7050276100635529,
        "Up": 1.9631680250167847,
        "Right": 1.229829877614975,
        "Left": 1.0367166996002197,
        "Forward": 0.8513316363096237,
        "Backward": 1.8274788558483124
    },
    "low_confidence": 0.521484375
}