{
    "loss": 1.7500683963298798,
    "accuracy": 60.599571734475376,
    "precision": 0.3672308094401827,
    "recall": 0.6059957173447538,
    "f1": 0.4573247680228409,
    "class_loss": {
        "Down": 0.0,
        "Up": 0.0,
        "Right": 0.4209403470158577,
        "Left": 4.037476301193237,
        "Forward": 3.368980288505554,
        "Backward": 0.0
    },
    "low_confidence": 0.6572265625
}