Epoch,Training Loss,Training Accuracy,Training Precision,Training Recall,Training F1,Random Val Loss,Random Val Accuracy,Random Val Precision,Random Val Recall,Random Val F1,Sequence Val Loss,Sequence Val Accuracy,Sequence Val Precision,Sequence Val Recall,Sequence Val F1
1,1.8336753113227977,29.922726645508487,0.2841833115515348,0.29922726645508485,0.2848544552753065,1.4323592483997345,61.15606936416185,0.6017848252011839,0.6115606936416185,0.5549907939612357,1.8189106583595276,0.0,0.0,0.0,0.0
2,1.361929312086942,52.71836622050504,0.5130911316210218,0.5271836622050504,0.5054328666247656,1.0114450454711914,67.86127167630057,0.6840154101777107,0.6786127167630058,0.6450933971242895,2.044188290834427,2.5433526011560694,0.4587118084227911,0.025433526011560695,0.04819486167293865
3,1.16177471269641,57.789430109010624,0.5692171565017513,0.5778943010901062,0.5658491268654917,0.8455786556005478,72.48554913294798,0.7132669515072425,0.7248554913294798,0.7069081316248573,2.234872817993164,0.9248554913294798,0.5838150289017341,0.009248554913294798,0.01820865587217884
