{
    "loss": 0.941605806350708,
    "accuracy": 67.24137931034483,
    "precision": 0.5876267748478701,
    "recall": 0.6724137931034483,
    "f1": 0.6261083743842364,
    "class_loss": {
        "Down": 0.6996426582336426,
        "Up": 2.1755497455596924,
        "Right": 1.056723713874817,
        "Left": 0.3831973969936371,
        "Forward": 0.7502546906471252,
        "Backward": 1.7268383502960205
    },
    "low_confidence": 0.5517578125
}