{
    "loss": 1.6009355783462524,
    "accuracy": 60.3448275862069,
    "precision": 0.36414982164090365,
    "recall": 0.603448275862069,
    "f1": 0.45420837968112715,
    "class_loss": {
        "Down": 0.0,
        "Up": 0.0,
        "Right": 0.3376157283782959,
        "Left": 3.758388042449951,
        "Forward": 3.082737922668457,
        "Backward": 0.0
    },
    "low_confidence": 0.7021484375
}