Epoch,Training Loss,Training Accuracy,Training Precision,Training Recall,Training F1,Random Val Loss,Random Val Accuracy,Random Val Precision,Random Val Recall,Random Val F1,Sequence Val Loss,Sequence Val Accuracy,Sequence Val Precision,Sequence Val Recall,Sequence Val F1
1,1.2763647151754258,55.91577540106952,0.5760021260493222,0.5591577540106952,0.5567584348765008,0.7868801256020864,74.39759036144578,0.7630509753449398,0.7439759036144579,0.7436735166665255,2.726255257924398,22.89156626506024,0.05240238060676441,0.2289156626506024,0.08528230569336168
2,0.6773733867609755,74.69919786096257,0.7545692951034801,0.7469919786096256,0.7475069094252813,0.47811652223269147,80.42168674698796,0.8297149328481324,0.8042168674698795,0.8040383830736842,3.5365938345591226,22.89156626506024,0.05240238060676441,0.2289156626506024,0.08528230569336168
