{
    "loss": 0.5525469715933075,
    "accuracy": 78.1431475029036,
    "precision": 0.7806136503742072,
    "recall": 0.781431475029036,
    "f1": 0.7774125169402973,
    "class_loss": {
        "Down": 0.49665163953233676,
        "Up": 0.31894659141509096,
        "Right": 0.46121920374385433,
        "Left": 0.4081179815821531,
        "Forward": 1.1452682204674345,
        "Backward": 0.26016156337695956
    },
    "low_confidence": 0.794921875
}