{
    "loss": 3.490538556945,
    "accuracy": 30.181112078977932,
    "precision": 0.4633303773410917,
    "recall": 0.30181112078977934,
    "f1": 0.2925791961108481,
    "class_loss": {
        "Down": 4.793980608306891,
        "Up": 3.4746154037836408,
        "Right": 2.6106120034261644,
        "Left": 3.9122313698807547,
        "Forward": 2.1764880387429484,
        "Backward": 0.0
    },
    "low_confidence": 0.8505859375
}