{
    "loss": 1.1678477194574144,
    "accuracy": 51.27133402995472,
    "precision": 0.5550692323399163,
    "recall": 0.5127133402995472,
    "f1": 0.5239866577733742,
    "class_loss": {
        "Down": 1.2109104381667244,
        "Up": 1.2802493479516772,
        "Right": 1.585207172234853,
        "Left": 1.2242744617991976,
        "Forward": 0.9414860301547581,
        "Backward": 2.950635289413516
    },
    "low_confidence": 0.72021484375
}