{
    "loss": 2.245783476697074,
    "accuracy": 33.61198188784396,
    "precision": 0.45612619764074136,
    "recall": 0.33611981887843956,
    "f1": 0.34646408778898424,
    "class_loss": {
        "Down": 3.4705433218102706,
        "Up": 2.8588711100940905,
        "Right": 2.358078150777146,
        "Left": 3.8993706577099285,
        "Forward": 1.5433275110191769,
        "Backward": 0.0
    },
    "low_confidence": 0.8037109375
}