{
    "loss": 0.7723798081278801,
    "accuracy": 70.16550522648083,
    "precision": 0.7012778593563351,
    "recall": 0.7016550522648084,
    "f1": 0.6946121422409705,
    "class_loss": {
        "Down": 0.3897554322525307,
        "Up": 0.7097019991940923,
        "Right": 1.0176917722931615,
        "Left": 0.6230432184206115,
        "Forward": 1.190611635921178,
        "Backward": 0.40330294057989874
    },
    "low_confidence": 0.68603515625
}