{
    "loss": 1.1143851592636633,
    "accuracy": 58.34966608594657,
    "precision": 0.576462935397882,
    "recall": 0.5834966608594657,
    "f1": 0.5553884436111476,
    "class_loss": {
        "Down": 0.5206562380805828,
        "Up": 0.9301157477031271,
        "Right": 2.4302113238308163,
        "Left": 1.4287054347805679,
        "Forward": 1.7284910264274767,
        "Backward": 0.0
    },
    "low_confidence": 0.65283203125
}