{
    "loss": 0.023291855489973118,
    "accuracy": 99.49731416957027,
    "precision": 0.9949951194387999,
    "recall": 0.9949731416957027,
    "f1": 0.9949566895133434,
    "class_loss": {
        "Down": 0.01893570140021405,
        "Up": 0.00610201286919484,
        "Right": 0.02587755641218758,
        "Left": 0.00383025970977205,
        "Forward": 0.06846904573548171,
        "Backward": 0.00038791987730990986
    },
    "low_confidence": 0.9833984375
}