{
    "loss": 5.265016388815133,
    "accuracy": 44.20913182346109,
    "precision": 0.5571265902034874,
    "recall": 0.4420913182346109,
    "f1": 0.43048512839867614,
    "class_loss": {
        "Down": 4.3942707486410795,
        "Up": 4.611363197541795,
        "Right": 8.065304552726857,
        "Left": 9.333026278737597,
        "Forward": 1.4048181258959846,
        "Backward": 0.0
    },
    "low_confidence": 0.9189453125
}