{
    "loss": 0.47943220163385075,
    "accuracy": 80.84168118466899,
    "precision": 0.8098571073755723,
    "recall": 0.8084168118466899,
    "f1": 0.8070026906902333,
    "class_loss": {
        "Down": 0.3603644540740384,
        "Up": 0.3362252649471716,
        "Right": 0.3842408114147407,
        "Left": 0.5190775026739748,
        "Forward": 0.8861666360387096,
        "Backward": 0.1112941999780122
    },
    "low_confidence": 0.8076171875
}