{
    "loss": 2.944856487620941,
    "accuracy": 33.71443089430894,
    "precision": 0.44665445262045106,
    "recall": 0.33714430894308944,
    "f1": 0.3349412639097776,
    "class_loss": {
        "Down": 4.08876098908376,
        "Up": 3.036149320338505,
        "Right": 1.9429037705202872,
        "Left": 3.7223681991454214,
        "Forward": 1.732919127394956,
        "Backward": 0.0
    },
    "low_confidence": 0.81396484375
}