{
    "loss": 0.6319919327894846,
    "accuracy": 74.71264367816092,
    "precision": 0.7424492741689632,
    "recall": 0.7471264367816092,
    "f1": 0.7403638049990209,
    "class_loss": {
        "Down": 0.48282736788193387,
        "Up": 0.6511597832043966,
        "Right": 1.0968238413333893,
        "Left": 1.096485326687495,
        "Forward": 0.4563228239615758,
        "Backward": 0.5953464522957802
    },
    "low_confidence": 0.7109375
}