{
    "loss": 1.1267324090003967,
    "accuracy": 61.37234413096482,
    "precision": 0.601282651596938,
    "recall": 0.6137234413096482,
    "f1": 0.5996022959630807,
    "class_loss": {
        "Down": 0.737400194896119,
        "Up": 1.3081593699753284,
        "Right": 1.800152579943339,
        "Left": 2.1590532908837,
        "Forward": 0.6314086293180784,
        "Backward": 7.060339689254761
    },
    "low_confidence": 0.69921875
}