{
    "loss": 0.18752025826661675,
    "accuracy": 93.62115272938443,
    "precision": 0.9363967744471383,
    "recall": 0.9362115272938444,
    "f1": 0.9344103604260029,
    "class_loss": {
        "Down": 0.08398030491338836,
        "Up": 0.1200412852793104,
        "Right": 0.17880514653882496,
        "Left": 0.07903131396785655,
        "Forward": 0.52862190110264,
        "Backward": 0.008376161153271958
    },
    "low_confidence": 0.90771484375
}