{
    "loss": 1.9613598915230896,
    "accuracy": 50.89648664343786,
    "precision": 0.5789156431088547,
    "recall": 0.5089648664343787,
    "f1": 0.5097221252236773,
    "class_loss": {
        "Down": 1.6627076923139517,
        "Up": 2.1617410744540395,
        "Right": 2.937132936339457,
        "Left": 2.988417153762704,
        "Forward": 0.9805774109858393,
        "Backward": 0.0
    },
    "low_confidence": 0.80029296875
}