{
    "loss": 0.27971714873004844,
    "accuracy": 89.66499709639953,
    "precision": 0.8967196816136492,
    "recall": 0.8966499709639953,
    "f1": 0.8943232943595064,
    "class_loss": {
        "Down": 0.12848630192241184,
        "Up": 0.19609110588552775,
        "Right": 0.32228846185737187,
        "Left": 0.10756614463645275,
        "Forward": 0.7154641754373356,
        "Backward": 0.05115542555301578
    },
    "low_confidence": 0.8935546875
}