{
    "loss": 3.2228736871419206,
    "accuracy": 55.00145180023229,
    "precision": 0.5386397863266312,
    "recall": 0.5500145180023229,
    "f1": 0.5343934401300127,
    "class_loss": {
        "Down": 1.8963202853128314,
        "Up": 1.7673256624324876,
        "Right": 1.9738420859070085,
        "Left": 1.677449165424386,
        "Forward": 1.669210318645421,
        "Backward": 23.880933549669052
    },
    "low_confidence": 0.83544921875
}