{
    "loss": 0.6852764785289764,
    "accuracy": 71.96098920236851,
    "precision": 0.7160180460172177,
    "recall": 0.7196098920236851,
    "f1": 0.7013049077524858,
    "class_loss": {
        "Down": 0.5546708727876345,
        "Up": 0.7126444230477015,
        "Right": 1.4901082813739777,
        "Left": 1.19439401725928,
        "Forward": 0.40516464163859683,
        "Backward": 0.9511558479732938
    },
    "low_confidence": 0.70849609375
}