{
    "loss": 1.3176238884528477,
    "accuracy": 56.00835945663532,
    "precision": 0.5749560432421273,
    "recall": 0.5600835945663531,
    "f1": 0.5317682367371489,
    "class_loss": {
        "Down": 1.5358517142859371,
        "Up": 1.1861713474447078,
        "Right": 2.597249898043546,
        "Left": 1.6509702801704407,
        "Forward": 0.5823012503484885,
        "Backward": 7.564131100972493
    },
    "low_confidence": 0.68505859375
}