{
    "loss": 0.3366948326152784,
    "accuracy": 87.7540650406504,
    "precision": 0.8771734072410627,
    "recall": 0.8775406504065041,
    "f1": 0.8759507261786788,
    "class_loss": {
        "Down": 0.2242900684337925,
        "Up": 0.33074610414742317,
        "Right": 0.28622892802512206,
        "Left": 0.2704650579296328,
        "Forward": 0.6523640541428769,
        "Backward": 0.05154783190566916
    },
    "low_confidence": 0.83544921875
}