{
    "loss": 2.3550127515659875,
    "accuracy": 43.287238675958186,
    "precision": 0.5306508834207068,
    "recall": 0.4328723867595819,
    "f1": 0.4506669156540114,
    "class_loss": {
        "Down": 3.2260363013416096,
        "Up": 2.1928471562744356,
        "Right": 1.8541813881860838,
        "Left": 3.4154317761713173,
        "Forward": 1.3670710717448062,
        "Backward": 0.0
    },
    "low_confidence": 0.78369140625
}