{
    "loss": 0.9209552089925166,
    "accuracy": 66.31460511033681,
    "precision": 0.6818314301176461,
    "recall": 0.6631460511033682,
    "f1": 0.6492599819268463,
    "class_loss": {
        "Down": 0.6344724948759433,
        "Up": 0.41736295067325785,
        "Right": 0.7012893971469667,
        "Left": 0.8942034661217972,
        "Forward": 1.9983986064239785,
        "Backward": 0.6720840368350899
    },
    "low_confidence": 0.73291015625
}