{
    "loss": 0.8497804999351501,
    "accuracy": 67.67676767676768,
    "precision": 0.6616506598734999,
    "recall": 0.6767676767676768,
    "f1": 0.6591444446082079,
    "class_loss": {
        "Down": 0.7602115223805109,
        "Up": 0.9978426446517309,
        "Right": 1.4388554195563,
        "Left": 1.4511015514532726,
        "Forward": 0.5440252423286438,
        "Backward": 2.3650452163484363
    },
    "low_confidence": 0.623046875
}