{
    "loss": 1.2509868343671162,
    "accuracy": 54.3712991988854,
    "precision": 0.5394714288333441,
    "recall": 0.543712991988854,
    "f1": 0.5226336097301845,
    "class_loss": {
        "Down": 1.502392514185472,
        "Up": 1.1162248308008367,
        "Right": 1.9716895791617306,
        "Left": 1.6029364400439792,
        "Forward": 0.7601472586393356,
        "Backward": 6.857796827952067
    },
    "low_confidence": 0.59814453125
}