{
    "loss": 1.1015858557489184,
    "accuracy": 53.36119818878439,
    "precision": 0.575936884625236,
    "recall": 0.533611981887844,
    "f1": 0.5460580637698261,
    "class_loss": {
        "Down": 1.131139181719886,
        "Up": 0.9101811276541816,
        "Right": 1.1891799641980065,
        "Left": 1.2522783623801337,
        "Forward": 1.0291099336412217,
        "Backward": 3.252950593522242
    },
    "low_confidence": 0.73095703125
}