{
    "loss": 2.4856049093935226,
    "accuracy": 33.646812957157785,
    "precision": 0.45510093465064677,
    "recall": 0.33646812957157785,
    "f1": 0.34627080852545666,
    "class_loss": {
        "Down": 4.436605566426327,
        "Up": 2.905580062108735,
        "Right": 2.4555842089914504,
        "Left": 4.183129618374201,
        "Forward": 1.5979172754204936,
        "Backward": 0.0
    },
    "low_confidence": 0.8271484375
}