{
    "loss": 0.7502153664827347,
    "accuracy": 74.10404624277457,
    "precision": 0.7388088475195174,
    "recall": 0.7410404624277457,
    "f1": 0.7327913158214653,
    "class_loss": {
        "Down": 0.4798128753900528,
        "Up": 0.7087229937314987,
        "Right": 1.4296474754810333,
        "Left": 0.69583959877491,
        "Forward": 1.088513731956482,
        "Backward": 0.2897357791662216
    },
    "low_confidence": 0.63427734375
}