{
    "loss": 0.8455786556005478,
    "accuracy": 72.48554913294798,
    "precision": 0.7132669515072425,
    "recall": 0.7248554913294798,
    "f1": 0.7069081316248573,
    "class_loss": {
        "Down": 0.5053114891052246,
        "Up": 0.7386215925216675,
        "Right": 1.611422210931778,
        "Left": 0.8492638468742371,
        "Forward": 1.279126912355423,
        "Backward": 0.33953388035297394
    },
    "low_confidence": 0.58447265625
}