{
    "loss": 2.234872817993164,
    "accuracy": 0.9248554913294798,
    "precision": 0.5838150289017341,
    "recall": 0.009248554913294798,
    "f1": 0.01820865587217884,
    "class_loss": {
        "Down": 0.0,
        "Up": 0.0,
        "Right": 1.1833714644114177,
        "Left": 3.991512934366862,
        "Forward": 3.113344669342041,
        "Backward": 0.0
    },
    "low_confidence": 0.59228515625
}