{
    "loss": 0.4884414261689893,
    "accuracy": 81.75631533101046,
    "precision": 0.8157423543115928,
    "recall": 0.8175631533101045,
    "f1": 0.8138085491185207,
    "class_loss": {
        "Down": 0.22852475030554664,
        "Up": 0.5558430140631067,
        "Right": 0.4975175118004834,
        "Left": 0.2979260218088274,
        "Forward": 0.9403537677394019,
        "Backward": 0.16396973085055058
    },
    "low_confidence": 0.78466796875
}