{
    "loss": 1.6412773848170656,
    "accuracy": 49.321283391405345,
    "precision": 0.5543766726568004,
    "recall": 0.4932128339140534,
    "f1": 0.5125956636655254,
    "class_loss": {
        "Down": 1.6126561119504597,
        "Up": 1.6370028995751706,
        "Right": 2.0266619991097183,
        "Left": 2.140149732644204,
        "Forward": 1.413533884551256,
        "Backward": 0.0
    },
    "low_confidence": 0.72216796875
}