{
    "loss": 0.47305657267570494,
    "accuracy": 81.33054684778823,
    "precision": 0.8120233230172468,
    "recall": 0.8133054684778823,
    "f1": 0.812118357323425,
    "class_loss": {
        "Down": 0.2922236564879616,
        "Up": 0.527415966656473,
        "Right": 0.6956697839829656,
        "Left": 0.7808566461006801,
        "Forward": 0.36726711789766947,
        "Backward": 1.0094518201937899
    },
    "low_confidence": 0.794921875
}