{
    "loss": 1.3881940007209779,
    "accuracy": 48.31069313827935,
    "precision": 0.5202017179783817,
    "recall": 0.4831069313827934,
    "f1": 0.48680859158044415,
    "class_loss": {
        "Down": 1.6102709187401665,
        "Up": 1.5879450639088948,
        "Right": 2.295013493961758,
        "Left": 1.2876051949130165,
        "Forward": 0.9749600476688809,
        "Backward": 3.444857487878339
    },
    "low_confidence": 0.71044921875
}