{
    "loss": 1.9482754396067725,
    "accuracy": 35.9108324625566,
    "precision": 0.4221802200252108,
    "recall": 0.359108324625566,
    "f1": 0.35539476453228386,
    "class_loss": {
        "Down": 2.7804654962138127,
        "Up": 2.6146601118768253,
        "Right": 2.293492187674229,
        "Left": 3.051449385400002,
        "Forward": 1.3154689409666591,
        "Backward": 0.0
    },
    "low_confidence": 0.75048828125
}