{
    "loss": 0.48407689702731593,
    "accuracy": 82.21181765389082,
    "precision": 0.8232913997622093,
    "recall": 0.8221181765389083,
    "f1": 0.8147879499604236,
    "class_loss": {
        "Down": 0.34155414246574595,
        "Up": 0.33012888697838344,
        "Right": 0.4017247978459906,
        "Left": 0.27746766046793375,
        "Forward": 1.1366349806388218,
        "Backward": 0.17820176197198667
    },
    "low_confidence": 0.8017578125
}