{
    "loss": 1.6359148320727939,
    "accuracy": 47.905778164924506,
    "precision": 0.5254810216997192,
    "recall": 0.47905778164924506,
    "f1": 0.49206818279013576,
    "class_loss": {
        "Down": 1.925352603521036,
        "Up": 1.086552203266814,
        "Right": 1.9609126144399245,
        "Left": 2.154899179295171,
        "Forward": 1.910924321160682,
        "Backward": 0.0
    },
    "low_confidence": 0.74951171875
}