{
    "loss": 0.7311406822668182,
    "accuracy": 72.25972706155633,
    "precision": 0.7191088912241168,
    "recall": 0.7225972706155633,
    "f1": 0.7197826322319353,
    "class_loss": {
        "Down": 0.49844551279588983,
        "Up": 0.7147906515057441,
        "Right": 0.6850099353878586,
        "Left": 0.5709433643906204,
        "Forward": 1.3034297586591155,
        "Backward": 0.2637600551307615
    },
    "low_confidence": 0.70458984375
}