{
    "loss": 1.685552902450716,
    "accuracy": 38.95542973286876,
    "precision": 0.5043832808453891,
    "recall": 0.38955429732868757,
    "f1": 0.4061143622025818,
    "class_loss": {
        "Down": 1.7074224351216918,
        "Up": 1.7161785941795413,
        "Right": 1.32834087120783,
        "Left": 2.145133660698775,
        "Forward": 1.649765869242049,
        "Backward": 0.0
    },
    "low_confidence": 0.69189453125
}