{
    "loss": 0.4962478578090668,
    "accuracy": 81.03448275862068,
    "precision": 0.8255110001560305,
    "recall": 0.8103448275862069,
    "f1": 0.8039747505926181,
    "class_loss": {
        "Down": 0.22584296762943268,
        "Up": 2.547267436981201,
        "Right": 0.4591476619243622,
        "Left": 0.26125478744506836,
        "Forward": 0.6467510461807251,
        "Backward": 0.0
    },
    "low_confidence": 0.7392578125
}