{
    "loss": 2.204625129699707,
    "accuracy": 60.3448275862069,
    "precision": 0.36414982164090365,
    "recall": 0.603448275862069,
    "f1": 0.45420837968112715,
    "class_loss": {
        "Down": 0.0,
        "Up": 0.0,
        "Right": 0.07159630954265594,
        "Left": 5.3077778816223145,
        "Forward": 5.7182159423828125,
        "Backward": 0.0
    },
    "low_confidence": 0.921875
}