{
    "loss": 0.9224904947810703,
    "accuracy": 65.23859282479972,
    "precision": 0.6437811302316551,
    "recall": 0.6523859282479972,
    "f1": 0.638214964185029,
    "class_loss": {
        "Down": 0.8080417970816295,
        "Up": 1.2075519919395448,
        "Right": 1.259152646859487,
        "Left": 1.5536338104142082,
        "Forward": 0.5947371860345204,
        "Backward": 2.348080542087555
    },
    "low_confidence": 0.60302734375
}