{
    "loss": 1.0984975934028625,
    "accuracy": 55.4858934169279,
    "precision": 0.5230492238172704,
    "recall": 0.554858934169279,
    "f1": 0.5231071580159424,
    "class_loss": {
        "Down": 1.0979877380948317,
        "Up": 1.6154090389609337,
        "Right": 2.0240662739827084,
        "Left": 2.1158914296672893,
        "Forward": 0.7818885325557656,
        "Backward": 0.0
    },
    "low_confidence": 0.54736328125
}