Epoch,Training Loss,Training Accuracy,Training Precision,Training Recall,Training F1,Random Val Loss,Random Val Accuracy,Random Val Precision,Random Val Recall,Random Val F1,Sequence Val Loss,Sequence Val Accuracy,Sequence Val Precision,Sequence Val Recall,Sequence Val F1
1,3.0489805161952974,19.300727566693613,0.19416751688336475,0.19300727566693612,0.12569400404375325,2.013156294822693,36.86131386861314,0.21371330034828334,0.3686131386861314,0.2530683800913251,3.227331757545471,0.0,0.0,0.0,0.0
2,1.5480294227600098,44.421988682295876,0.44282722418394643,0.44421988682295876,0.3566227268525518,1.2629217505455017,58.75912408759124,0.669148732391997,0.5875912408759124,0.5650649191897207,2.7406514286994934,0.0,0.0,0.0,0.0
3,1.0783480137586594,65.42037186742118,0.6634311062589853,0.6542037186742118,0.6329475826892893,0.9969347417354584,75.18248175182482,0.7961028106777098,0.7518248175182481,0.7476196709464508,2.434509754180908,59.48905109489051,0.7372262773722628,0.5948905109489051,0.6584541545845415
