{
    "loss": 0.49508992830912274,
    "accuracy": 81.30807200929152,
    "precision": 0.8115822283138824,
    "recall": 0.8130807200929152,
    "f1": 0.8057098657215199,
    "class_loss": {
        "Down": 0.22047037310484383,
        "Up": 0.4367659703862888,
        "Right": 0.45185554006861317,
        "Left": 0.33058750843284307,
        "Forward": 1.1012343951949366,
        "Backward": 0.2179620502585614
    },
    "low_confidence": 0.79443359375
}