{
    "loss": 1.834734657271097,
    "accuracy": 46.01480836236934,
    "precision": 0.5308231114359837,
    "recall": 0.46014808362369336,
    "f1": 0.48131584061623023,
    "class_loss": {
        "Down": 1.9653716138530306,
        "Up": 1.4172727121839703,
        "Right": 2.176840074981252,
        "Left": 2.6774061244213954,
        "Forward": 1.8090276909962055,
        "Backward": 0.0
    },
    "low_confidence": 0.77294921875
}