{
    "loss": 0.6364180523416271,
    "accuracy": 74.00696864111498,
    "precision": 0.7330705808742484,
    "recall": 0.7400696864111498,
    "f1": 0.7304822508944459,
    "class_loss": {
        "Down": 0.40691928889440454,
        "Up": 0.6577152091523876,
        "Right": 1.311889674352563,
        "Left": 0.8428546864053478,
        "Forward": 0.4966011176938596,
        "Backward": 0.12619948493083938
    },
    "low_confidence": 0.72607421875
}