{
    "loss": 1.032305790030438,
    "accuracy": 61.11498257839721,
    "precision": 0.6083503707964772,
    "recall": 0.6111498257839721,
    "f1": 0.603761274141982,
    "class_loss": {
        "Down": 0.7418112125661638,
        "Up": 1.4595444718996684,
        "Right": 2.4243565797805786,
        "Left": 3.174748000999292,
        "Forward": 0.7536391576995021,
        "Backward": 0.0
    },
    "low_confidence": 0.68603515625
}