{
    "loss": 0.1762364081762455,
    "accuracy": 93.23098141695702,
    "precision": 0.9350742359204554,
    "recall": 0.9323098141695703,
    "f1": 0.9312763806700287,
    "class_loss": {
        "Down": 0.03958609719605496,
        "Up": 0.08176643010746273,
        "Right": 0.46390893068854455,
        "Left": 0.07028579581701369,
        "Forward": 0.2859626684199881,
        "Backward": 0.009435679317599957
    },
    "low_confidence": 0.916015625
}