{
    "loss": 2.803779458206177,
    "accuracy": 46.17813588850174,
    "precision": 0.5880624947584461,
    "recall": 0.4617813588850174,
    "f1": 0.43954736694803864,
    "class_loss": {
        "Down": 1.808959376284436,
        "Up": 2.5894353325106203,
        "Right": 5.111552904595386,
        "Left": 4.294324454348031,
        "Forward": 0.8126744862096755,
        "Backward": 0.0
    },
    "low_confidence": 0.85693359375
}