{
    "loss": 0.6216687248812781,
    "accuracy": 75.13061650992685,
    "precision": 0.7520834768724352,
    "recall": 0.7513061650992685,
    "f1": 0.7370737534671478,
    "class_loss": {
        "Down": 0.3454880001644293,
        "Up": 0.6375995563136206,
        "Right": 1.1635921637217204,
        "Left": 1.3889276478025647,
        "Forward": 0.3602725009123484,
        "Backward": 1.5384957186877728
    },
    "low_confidence": 0.7607421875
}