{
    "loss": 1.1030977858437432,
    "accuracy": 60.91954022988506,
    "precision": 0.6061964065596397,
    "recall": 0.6091954022988506,
    "f1": 0.5652549933631881,
    "class_loss": {
        "Down": 1.2002057307644893,
        "Up": 1.7578322011977434,
        "Right": 2.8243213983682485,
        "Left": 3.486045974951524,
        "Forward": 0.45089674526825546,
        "Backward": 0.0
    },
    "low_confidence": 0.736328125
}