{
    "loss": 0.17104570471026279,
    "accuracy": 94.33979384436701,
    "precision": 0.9433243769543989,
    "recall": 0.9433979384436701,
    "f1": 0.9422500518117451,
    "class_loss": {
        "Down": 0.04964295461670392,
        "Up": 0.10400259267124864,
        "Right": 0.1836958736250246,
        "Left": 0.11731312332536888,
        "Forward": 0.44928099856608444,
        "Backward": 0.012261886526916729
    },
    "low_confidence": 0.9130859375
}