{
    "loss": 2.2729082518037305,
    "accuracy": 49.09988385598142,
    "precision": 0.5777036494768747,
    "recall": 0.4909988385598142,
    "f1": 0.48428098423189286,
    "class_loss": {
        "Down": 1.6472962600015115,
        "Up": 2.3602387791872026,
        "Right": 3.3124352758955005,
        "Left": 3.8895107368762427,
        "Forward": 0.9372547812897927,
        "Backward": 0.0
    },
    "low_confidence": 0.81884765625
}