{
    "loss": 0.5700503567026721,
    "accuracy": 78.26110627177701,
    "precision": 0.7782440878416859,
    "recall": 0.78261106271777,
    "f1": 0.779367387217537,
    "class_loss": {
        "Down": 0.3657984287236576,
        "Up": 0.43172725241769244,
        "Right": 0.6314126683606042,
        "Left": 0.3954328867365365,
        "Forward": 1.103211657592544,
        "Backward": 0.20415489565736303
    },
    "low_confidence": 0.7705078125
}