{
    "loss": 1.9977279103326577,
    "accuracy": 39.50166957026713,
    "precision": 0.492499014826917,
    "recall": 0.39501669570267134,
    "f1": 0.4091007041103668,
    "class_loss": {
        "Down": 2.0949801694655763,
        "Up": 2.027601100111672,
        "Right": 1.8393751312622852,
        "Left": 2.5673101472784765,
        "Forward": 1.796181464868207,
        "Backward": 0.0
    },
    "low_confidence": 0.75
}