{
    "loss": 1.468316674232483,
    "accuracy": 43.10344827586207,
    "precision": 0.21974306964164975,
    "recall": 0.43103448275862066,
    "f1": 0.2910882221227049,
    "class_loss": {
        "Down": 2.1071972846984863,
        "Up": 2.9374468326568604,
        "Right": 1.3007738590240479,
        "Left": 1.9678609371185303,
        "Forward": 0.9774478673934937,
        "Backward": 0.0
    },
    "low_confidence": 0.39013671875
}