{
    "loss": 1.7630033493041992,
    "accuracy": 13.793103448275861,
    "precision": 0.019024970273483946,
    "recall": 0.13793103448275862,
    "f1": 0.03343782654127482,
    "class_loss": {
        "Down": 0.0,
        "Up": 0.0,
        "Right": 1.2880866527557373,
        "Left": 3.4333584308624268,
        "Forward": 0.7088492512702942,
        "Backward": 0.0
    },
    "low_confidence": 0.476318359375
}