{
    "loss": 0.45956979108893353,
    "accuracy": 81.39372822299651,
    "precision": 0.8199636879400647,
    "recall": 0.8139372822299652,
    "f1": 0.8102233142118499,
    "class_loss": {
        "Down": 0.23661187177766924,
        "Up": 0.7767374139765034,
        "Right": 0.7497686802045159,
        "Left": 0.8451556258875391,
        "Forward": 0.2907152253648509,
        "Backward": 0.05572242320376972
    },
    "low_confidence": 0.81005859375
}