{
    "loss": 1.4938761015301165,
    "accuracy": 58.745644599303134,
    "precision": 0.6134505079421014,
    "recall": 0.5874564459930314,
    "f1": 0.5730641218782656,
    "class_loss": {
        "Down": 1.1151829850342538,
        "Up": 3.018145940701167,
        "Right": 1.631887714068095,
        "Left": 5.179158852746089,
        "Forward": 0.5927984745282194,
        "Backward": 0.0
    },
    "low_confidence": 0.77685546875
}