{
    "loss": 0.4382023245648102,
    "accuracy": 84.02112369337979,
    "precision": 0.8398227055316999,
    "recall": 0.840211236933798,
    "f1": 0.8337967770963955,
    "class_loss": {
        "Down": 0.21066660113218758,
        "Up": 0.24629844152541072,
        "Right": 0.43878728344484613,
        "Left": 0.3323012325498793,
        "Forward": 1.030883313053184,
        "Backward": 0.1875508825113583
    },
    "low_confidence": 0.80517578125
}