{
    "loss": 1.5176333699944533,
    "accuracy": 54.028745644599304,
    "precision": 0.5810238031106755,
    "recall": 0.5402874564459931,
    "f1": 0.5543647133029357,
    "class_loss": {
        "Down": 1.72565570279308,
        "Up": 0.9533651124192289,
        "Right": 1.6377710700035095,
        "Left": 2.524736045859754,
        "Forward": 1.6320332706935945,
        "Backward": 0.0
    },
    "low_confidence": 0.74462890625
}