{
    "loss": 0.4828559358914693,
    "accuracy": 80.32044583768722,
    "precision": 0.8021314447798505,
    "recall": 0.8032044583768722,
    "f1": 0.8016982403071256,
    "class_loss": {
        "Down": 0.2993017201622327,
        "Up": 0.6615956581301159,
        "Right": 0.7914450930224525,
        "Left": 0.5284260042115219,
        "Forward": 0.38361986643738216,
        "Backward": 1.015085080529705
    },
    "low_confidence": 0.79296875
}