{
    "loss": 1.1379011124372482,
    "accuracy": 61.12852664576803,
    "precision": 0.6227555963053506,
    "recall": 0.6112852664576802,
    "f1": 0.594022155165288,
    "class_loss": {
        "Down": 1.2966154531428689,
        "Up": 2.096724136111637,
        "Right": 3.03212099808913,
        "Left": 3.186409118083807,
        "Forward": 0.5528349617185692,
        "Backward": 0.0
    },
    "low_confidence": 0.76953125
}