Epoch,Training Loss,Training Accuracy,Training Precision,Training Recall,Training F1,Random Val Loss,Random Val Accuracy,Random Val Precision,Random Val Recall,Random Val F1,Sequence Val Loss,Sequence Val Accuracy,Sequence Val Precision,Sequence Val Recall,Sequence Val F1
1,0.9773871081206111,62.77697123672988,0.627094373508552,0.6277697123672988,0.6246599684110499,0.7723798081278801,70.16550522648083,0.7012778593563351,0.7016550522648084,0.6946121422409705,1.1143851592636633,58.34966608594657,0.576462935397882,0.5834966608594657,0.5553884436111476
