{
    "loss": 1.2727438906828563,
    "accuracy": 48.937652385928246,
    "precision": 0.4358586288724431,
    "recall": 0.4893765238592825,
    "f1": 0.4166215870905332,
    "class_loss": {
        "Down": 1.3669413129488628,
        "Up": 1.6696011225382488,
        "Right": 2.0222571790218353,
        "Left": 2.1740363041559854,
        "Forward": 0.6646007796128591,
        "Backward": 4.851092743873596
    },
    "low_confidence": 0.51953125
}