{
    "loss": 1.4467033743858337,
    "accuracy": 48.97248345524208,
    "precision": 0.3660338570341964,
    "recall": 0.4897248345524208,
    "f1": 0.40895880469109147,
    "class_loss": {
        "Down": 1.2259928328650338,
        "Up": 1.7685866206884384,
        "Right": 2.0674018263816833,
        "Left": 2.2006744841734567,
        "Forward": 0.9009760295351347,
        "Backward": 5.853281497955322
    },
    "low_confidence": 0.5087890625
}