{
    "loss": 1.0218161357773674,
    "accuracy": 59.56112852664577,
    "precision": 0.5746507835123595,
    "recall": 0.5956112852664577,
    "f1": 0.5667907514641505,
    "class_loss": {
        "Down": 1.186590035756429,
        "Up": 1.1899676336182488,
        "Right": 1.9024412075678507,
        "Left": 1.2173641191588507,
        "Forward": 0.5949038955900404,
        "Backward": 2.6669119855631953
    },
    "low_confidence": 0.58154296875
}