{
    "loss": 1.1655652708477444,
    "accuracy": 53.15221177290143,
    "precision": 0.4942304225820328,
    "recall": 0.5315221177290143,
    "f1": 0.4907648201782732,
    "class_loss": {
        "Down": 1.3761441535071324,
        "Up": 1.6949068754911423,
        "Right": 2.8550237325521617,
        "Left": 1.7334267634611864,
        "Forward": 0.7364850581520134,
        "Backward": 0.0
    },
    "low_confidence": 0.525390625
}