{
    "loss": 0.6279820849498113,
    "accuracy": 76.42457897793264,
    "precision": 0.7617590337173388,
    "recall": 0.7642457897793263,
    "f1": 0.7583358426923789,
    "class_loss": {
        "Down": 0.4074382784741896,
        "Up": 0.5210241737465063,
        "Right": 0.5239159141977628,
        "Left": 0.4721226568713232,
        "Forward": 1.3073796428464077,
        "Backward": 0.24814506914871917
    },
    "low_confidence": 0.751953125
}