{
    "loss": 1.9314427703006745,
    "accuracy": 37.821210801393725,
    "precision": 0.49247160587625005,
    "recall": 0.3782121080139373,
    "f1": 0.38865021312098497,
    "class_loss": {
        "Down": 2.3232220648855404,
        "Up": 1.8654002832046834,
        "Right": 1.414650703874132,
        "Left": 2.3454072208842263,
        "Forward": 1.7794502869608901,
        "Backward": 0.0
    },
    "low_confidence": 0.73876953125
}