{
    "loss": 0.4946877313984765,
    "accuracy": 79.51933124346917,
    "precision": 0.7980451212147402,
    "recall": 0.7951933124346917,
    "f1": 0.7918304992297553,
    "class_loss": {
        "Down": 0.4061569144328435,
        "Up": 0.3098645959463384,
        "Right": 0.9005444205469555,
        "Left": 0.8505722612970406,
        "Forward": 0.37502877083089614,
        "Backward": 0.85153229401128
    },
    "low_confidence": 0.80029296875
}