{
    "loss": 0.5575953311390347,
    "accuracy": 76.5586903517938,
    "precision": 0.7648091842121368,
    "recall": 0.765586903517938,
    "f1": 0.759457614764193,
    "class_loss": {
        "Down": 0.25154345366689895,
        "Up": 0.39361651274893017,
        "Right": 1.209750939740075,
        "Left": 0.6118673413991929,
        "Forward": 0.5066147724787394,
        "Backward": 0.9177702455275246
    },
    "low_confidence": 0.77099609375
}