{
    "loss": 1.00518079996109,
    "accuracy": 60.88470916057123,
    "precision": 0.5932844655070121,
    "recall": 0.6088470916057123,
    "f1": 0.5942562268720649,
    "class_loss": {
        "Down": 1.0051571695428145,
        "Up": 1.1419358565472066,
        "Right": 2.913337093133193,
        "Left": 2.917296694448361,
        "Forward": 0.7971997928702169,
        "Backward": 0.0
    },
    "low_confidence": 0.73046875
}