{
    "loss": 0.5231122505609636,
    "accuracy": 80.74368466898954,
    "precision": 0.8051512683130335,
    "recall": 0.8074368466898955,
    "f1": 0.801442154098788,
    "class_loss": {
        "Down": 0.23285941720974665,
        "Up": 0.3395657217199052,
        "Right": 0.55375708612027,
        "Left": 0.5015314919529138,
        "Forward": 1.0782486048561555,
        "Backward": 0.17295462649134505
    },
    "low_confidence": 0.77099609375
}