{
    "loss": 1.265468072366073,
    "accuracy": 56.94141986062718,
    "precision": 0.5874102960120957,
    "recall": 0.5694141986062717,
    "f1": 0.5767402467360095,
    "class_loss": {
        "Down": 1.0589147678211979,
        "Up": 0.9082392690344209,
        "Right": 1.5258022778564029,
        "Left": 2.180438105162466,
        "Forward": 1.5429122210029633,
        "Backward": 0.0
    },
    "low_confidence": 0.70947265625
}