{
    "loss": 0.31467216179050783,
    "accuracy": 88.1587543554007,
    "precision": 0.880435294445478,
    "recall": 0.8815875435540069,
    "f1": 0.879374664650672,
    "class_loss": {
        "Down": 0.17217583745649015,
        "Up": 0.18500647031598622,
        "Right": 0.4143655696814811,
        "Left": 0.17813702710662727,
        "Forward": 0.7000404218280757,
        "Backward": 0.06905122571872736
    },
    "low_confidence": 0.8759765625
}