{
    "loss": 3.0777187691771055,
    "accuracy": 53.302845528455286,
    "precision": 0.5288615377599416,
    "recall": 0.5330284552845529,
    "f1": 0.5140640205007753,
    "class_loss": {
        "Down": 1.960048803705722,
        "Up": 1.2847141570859686,
        "Right": 2.194775279111615,
        "Left": 1.773310560718528,
        "Forward": 1.4296324115158283,
        "Backward": 22.290396372477215
    },
    "low_confidence": 0.8173828125
}