{
    "loss": 0.3616013633846133,
    "accuracy": 86.52184959349593,
    "precision": 0.8634058383671561,
    "recall": 0.8652184959349594,
    "f1": 0.8638151460993788,
    "class_loss": {
        "Down": 0.17152896849438548,
        "Up": 0.2738998206159859,
        "Right": 0.42989755359788734,
        "Left": 0.33744038199936904,
        "Forward": 0.6713112061498342,
        "Backward": 0.09348081003365762
    },
    "low_confidence": 0.84375
}