{
    "loss": 2.788016177214255,
    "accuracy": 54.80908826945412,
    "precision": 0.5423608313569436,
    "recall": 0.5480908826945412,
    "f1": 0.5315643983806039,
    "class_loss": {
        "Down": 1.6185119501128793,
        "Up": 1.3910360383357159,
        "Right": 1.8073465218086069,
        "Left": 1.7829976196905288,
        "Forward": 1.2826144040708671,
        "Backward": 20.380608240763348
    },
    "low_confidence": 0.8056640625
}