{
    "loss": 0.9271430969238281,
    "accuracy": 74.13793103448276,
    "precision": 0.7649425287356321,
    "recall": 0.7413793103448276,
    "f1": 0.744384236453202,
    "class_loss": {
        "Down": 0.8982425332069397,
        "Up": 2.654686450958252,
        "Right": 0.8559405207633972,
        "Left": 0.9675476551055908,
        "Forward": 0.8858101963996887,
        "Backward": 0.0
    },
    "low_confidence": 0.5078125
}