{
    "loss": 1.7171286344528198,
    "accuracy": 60.3448275862069,
    "precision": 0.36414982164090365,
    "recall": 0.603448275862069,
    "f1": 0.45420837968112715,
    "class_loss": {
        "Down": 0.0,
        "Up": 0.0,
        "Right": 0.35907718539237976,
        "Left": 4.281099319458008,
        "Forward": 2.8511600494384766,
        "Backward": 0.0
    },
    "low_confidence": 0.689453125
}