{
    "loss": 0.5673547814721647,
    "accuracy": 77.21254355400697,
    "precision": 0.7741548656544628,
    "recall": 0.7721254355400697,
    "f1": 0.7682032067117363,
    "class_loss": {
        "Down": 0.6017653825490371,
        "Up": 0.6191603334053702,
        "Right": 1.0884183904399043,
        "Left": 0.8988498319750247,
        "Forward": 0.3401607171348903,
        "Backward": 0.0794831836828962
    },
    "low_confidence": 0.75830078125
}