{
    "loss": 1.1001806103664895,
    "accuracy": 64.45993031358886,
    "precision": 0.6555613372360517,
    "recall": 0.6445993031358885,
    "f1": 0.639558991553645,
    "class_loss": {
        "Down": 1.2572825219896104,
        "Up": 1.7202569882074992,
        "Right": 2.043338884909948,
        "Left": 3.6706584791342416,
        "Forward": 0.621912817268268,
        "Backward": 0.0
    },
    "low_confidence": 0.70068359375
}