{
    "loss": 1.3524357080459595,
    "accuracy": 53.44827586206897,
    "precision": 0.5609855545200373,
    "recall": 0.5344827586206896,
    "f1": 0.4615654077723043,
    "class_loss": {
        "Down": 1.7040784358978271,
        "Up": 2.764540433883667,
        "Right": 1.0665202140808105,
        "Left": 1.8454229831695557,
        "Forward": 1.0506236553192139,
        "Backward": 0.0
    },
    "low_confidence": 0.375732421875
}