{
    "loss": 1.7861213684082031,
    "accuracy": 60.3448275862069,
    "precision": 0.36414982164090365,
    "recall": 0.603448275862069,
    "f1": 0.45420837968112715,
    "class_loss": {
        "Down": 0.0,
        "Up": 0.0,
        "Right": 0.8310885429382324,
        "Left": 4.1124701499938965,
        "Forward": 1.6024866104125977,
        "Backward": 0.0
    },
    "low_confidence": 0.43603515625
}