{
    "loss": 0.4833723909601017,
    "accuracy": 82.15556039488966,
    "precision": 0.8198578486395042,
    "recall": 0.8215556039488966,
    "f1": 0.8154390592599089,
    "class_loss": {
        "Down": 0.19586609559202636,
        "Up": 0.41755451620728884,
        "Right": 0.4571616524071605,
        "Left": 0.3965267067844117,
        "Forward": 1.0338536133920704,
        "Backward": 0.11814308597456182
    },
    "low_confidence": 0.79150390625
}