{
    "loss": 1.9044346818689653,
    "accuracy": 45.80611207897793,
    "precision": 0.5341954718470943,
    "recall": 0.45806112078977934,
    "f1": 0.4814264358427748,
    "class_loss": {
        "Down": 1.8046599648541946,
        "Up": 1.827709570546713,
        "Right": 1.8394606164139178,
        "Left": 2.9523900673666503,
        "Forward": 1.6785773626348424,
        "Backward": 0.0
    },
    "low_confidence": 0.76123046875
}