{
    "loss": 0.7507651729716195,
    "accuracy": 71.67174796747967,
    "precision": 0.7141696745707324,
    "recall": 0.7167174796747967,
    "f1": 0.7118016406951747,
    "class_loss": {
        "Down": 0.4232962639933383,
        "Up": 0.6903776736171158,
        "Right": 0.6144385468904618,
        "Left": 0.6933388472707184,
        "Forward": 1.4006583847933345,
        "Backward": 0.4699809654288132
    },
    "low_confidence": 0.701171875
}