{
    "loss": 1.472568389614699,
    "accuracy": 45.07658246225319,
    "precision": 0.5176760209570881,
    "recall": 0.45076582462253195,
    "f1": 0.4707427043951313,
    "class_loss": {
        "Down": 1.2642526549381623,
        "Up": 1.3351879322071032,
        "Right": 1.247298644700398,
        "Left": 2.116328327334486,
        "Forward": 1.7637869311316359,
        "Backward": 0.0
    },
    "low_confidence": 0.6767578125
}