Epoch,Training Loss,Training Accuracy,Training Precision,Training Recall,Training F1,Random Val Loss,Random Val Accuracy,Random Val Precision,Random Val Recall,Random Val F1,Sequence Val Loss,Sequence Val Accuracy,Sequence Val Precision,Sequence Val Recall,Sequence Val F1
1,0.9817418883188853,61.698567977540314,0.60234459355474,0.6169856797754032,0.5926419154372524,0.8387690669960446,66.16174806302777,0.6586775019304492,0.6616174806302777,0.6389146649231974,1.028038933655868,59.534691390267255,0.5875746442714146,0.5953469139026726,0.5675907195611616
2,0.7803042529768266,69.11548673529347,0.6839650850042678,0.6911548673529347,0.6808430942528972,0.7296912547614839,71.27622529816314,0.7113414103417257,0.7127622529816314,0.7079275549968473,0.9850696109493987,62.1593975798729,0.6101946998867551,0.621593975798729,0.6091908161804943
3,0.6998336408131633,72.2980913621624,0.7179418145599912,0.722980913621624,0.7158966096260175,0.6722958912452062,73.01732393140071,0.7279909547103884,0.7301732393140071,0.7218109993712044,0.9836534097221576,63.275877078436494,0.6197012299338305,0.6327587707843649,0.6105172117795198
4,0.643397569946924,74.48883544799669,0.7407944098675237,0.7448883544799669,0.7395078310338273,0.6183377010954751,75.1762862366153,0.7498089081116307,0.7517628623661531,0.7466733130707467,1.012882593473316,61.80900147993384,0.6056919624216063,0.6180900147993383,0.6033054536539654
5,0.6005441741317428,76.0922435743977,0.7575919405396409,0.760922435743977,0.7566712072870082,0.5774695623252127,76.92609036301907,0.7681184249317721,0.7692609036301906,0.7644462985268798,1.0517005132394843,61.42378340733003,0.6135801256696641,0.6142378340733002,0.5948455155603641
