{
    "loss": 0.4828530333667959,
    "accuracy": 80.81083042973287,
    "precision": 0.8063327932246274,
    "recall": 0.8081083042973287,
    "f1": 0.802775816290936,
    "class_loss": {
        "Down": 0.35200975681725416,
        "Up": 0.35907958887526104,
        "Right": 0.5316901310897594,
        "Left": 0.2227013287946807,
        "Forward": 1.0361139113462068,
        "Backward": 0.09845436378086907
    },
    "low_confidence": 0.8193359375
}