{
    "loss": 3.9326609419206506,
    "accuracy": 29.98148954703833,
    "precision": 0.4748304251581985,
    "recall": 0.29981489547038326,
    "f1": 0.2896816626033378,
    "class_loss": {
        "Down": 5.234299428192322,
        "Up": 4.203043841204227,
        "Right": 3.09161505370624,
        "Left": 4.2271041684364095,
        "Forward": 2.3275315673728696,
        "Backward": 0.0
    },
    "low_confidence": 0.87890625
}