{
    "loss": 0.4587579794504024,
    "accuracy": 82.95405052264809,
    "precision": 0.8275129390246909,
    "recall": 0.8295405052264808,
    "f1": 0.8226155179976985,
    "class_loss": {
        "Down": 0.2250376934254611,
        "Up": 0.26480342440859034,
        "Right": 0.5164089253931133,
        "Left": 0.3007256154453865,
        "Forward": 1.0451769883985873,
        "Backward": 0.16434760265380005
    },
    "low_confidence": 0.80859375
}