{
    "loss": 1.9500186212066586,
    "accuracy": 46.020252613240416,
    "precision": 0.5215370176885451,
    "recall": 0.4602025261324042,
    "f1": 0.4811240114391652,
    "class_loss": {
        "Down": 1.7899021333272473,
        "Up": 1.6261092499277208,
        "Right": 2.3081382747946515,
        "Left": 3.108404908387456,
        "Forward": 1.8633423019801416,
        "Backward": 0.0
    },
    "low_confidence": 0.78076171875
}