{
    "loss": 0.5088034828503927,
    "accuracy": 80.59909439219784,
    "precision": 0.812762054284758,
    "recall": 0.8059909439219785,
    "f1": 0.8046393442702223,
    "class_loss": {
        "Down": 0.17222676757309172,
        "Up": 0.33565557152032854,
        "Right": 0.743683646288183,
        "Left": 0.6622543917761908,
        "Forward": 0.562861133284039,
        "Backward": 1.2285169179794257
    },
    "low_confidence": 0.79443359375
}