{
    "loss": 1.148580640554428,
    "accuracy": 63.53187042842215,
    "precision": 0.6412031851434111,
    "recall": 0.6353187042842215,
    "f1": 0.6301431154066114,
    "class_loss": {
        "Down": 0.6856212172853319,
        "Up": 1.3765932369666796,
        "Right": 3.5646089796836558,
        "Left": 3.838421288018043,
        "Forward": 0.9903874339923884,
        "Backward": 0.0
    },
    "low_confidence": 0.74658203125
}