{
    "loss": 0.8026697635650635,
    "accuracy": 72.41379310344827,
    "precision": 0.7436462057432822,
    "recall": 0.7241379310344828,
    "f1": 0.7222652156744224,
    "class_loss": {
        "Down": 0.5338815450668335,
        "Up": 2.690217971801758,
        "Right": 0.8022810816764832,
        "Left": 0.8153613805770874,
        "Forward": 0.8602073192596436,
        "Backward": 0.0
    },
    "low_confidence": 0.60205078125
}