{
    "loss": 6.342760765994036,
    "accuracy": 37.363893728223,
    "precision": 0.43801122523680985,
    "recall": 0.37363893728222997,
    "f1": 0.34006638945737744,
    "class_loss": {
        "Down": 15.29628920113599,
        "Up": 2.881228156663753,
        "Right": 3.537410808382211,
        "Left": 3.6976071016656027,
        "Forward": 4.862049738566081,
        "Backward": 12.93934245021255
    },
    "low_confidence": 0.87060546875
}