{
    "loss": 7.289679653856352,
    "accuracy": 35.36948315911731,
    "precision": 0.46396551305604705,
    "recall": 0.35369483159117304,
    "f1": 0.3287387750706776,
    "class_loss": {
        "Down": 17.1589758257935,
        "Up": 3.675583344694691,
        "Right": 3.9769845615317334,
        "Left": 5.74234939168673,
        "Forward": 5.414409752214147,
        "Backward": 0.0
    },
    "low_confidence": 0.88330078125
}