{
    "loss": 0.6046244502067566,
    "accuracy": 77.58620689655173,
    "precision": 0.7952586206896551,
    "recall": 0.7758620689655172,
    "f1": 0.7769095747692656,
    "class_loss": {
        "Down": 0.3579539656639099,
        "Up": 1.33219313621521,
        "Right": 0.7282043695449829,
        "Left": 0.10745058208703995,
        "Forward": 0.5680051445960999,
        "Backward": 1.0725091695785522
    },
    "low_confidence": 0.6826171875
}