{
    "loss": 1.893985390663147,
    "accuracy": 60.3448275862069,
    "precision": 0.3771551724137931,
    "recall": 0.603448275862069,
    "f1": 0.46419098143236076,
    "class_loss": {
        "Down": 0.0,
        "Up": 0.0,
        "Right": 0.20155468583106995,
        "Left": 4.617948055267334,
        "Forward": 4.190941333770752,
        "Backward": 0.0
    },
    "low_confidence": 0.794921875
}