{
    "loss": 1.3618692755699158,
    "accuracy": 47.85867237687366,
    "precision": 0.38842274910410624,
    "recall": 0.4785867237687366,
    "f1": 0.42103582249898136,
    "class_loss": {
        "Down": 0.9855668842792511,
        "Up": 2.6430639028549194,
        "Right": 1.2843649089336395,
        "Left": 1.6682756841182709,
        "Forward": 1.1810275316238403,
        "Backward": 3.0493388175964355
    },
    "low_confidence": 0.409912109375
}