{
    "loss": 1.4846332967281342,
    "accuracy": 60.599571734475376,
    "precision": 0.3672308094401827,
    "recall": 0.6059957173447538,
    "f1": 0.4573247680228409,
    "class_loss": {
        "Down": 0.0,
        "Up": 0.0,
        "Right": 0.6772890537977219,
        "Left": 3.3171809911727905,
        "Forward": 1.5270205736160278,
        "Backward": 0.0
    },
    "low_confidence": 0.5078125
}