{
    "loss": 0.10175725255437472,
    "accuracy": 96.70441347270615,
    "precision": 0.9670527762490576,
    "recall": 0.9670441347270615,
    "f1": 0.9667927683426508,
    "class_loss": {
        "Down": 0.021710511713064515,
        "Up": 0.05427224286486981,
        "Right": 0.17295055553593017,
        "Left": 0.06246756878681481,
        "Forward": 0.23002042338528014,
        "Backward": 0.0029223380702037335
    },
    "low_confidence": 0.943359375
}