{
    "loss": 3.3092770555562043,
    "accuracy": 45.2943524970964,
    "precision": 0.5791897285657954,
    "recall": 0.452943524970964,
    "f1": 0.4349095548160147,
    "class_loss": {
        "Down": 2.183789550625653,
        "Up": 3.1341236812528224,
        "Right": 5.207591524229969,
        "Left": 5.878578973745273,
        "Forward": 0.8963222933038905,
        "Backward": 0.0
    },
    "low_confidence": 0.87548828125
}