{
    "loss": 0.42743590214978094,
    "accuracy": 82.4390243902439,
    "precision": 0.8276824534449986,
    "recall": 0.824390243902439,
    "f1": 0.8234221554288239,
    "class_loss": {
        "Down": 0.3248123489320278,
        "Up": 0.673113874119261,
        "Right": 0.729830722446027,
        "Left": 0.5182797163724899,
        "Forward": 0.2981969688249671,
        "Backward": 0.047558937211761076
    },
    "low_confidence": 0.80908203125
}