{
    "loss": 1.5109962821006775,
    "accuracy": 60.0,
    "precision": 0.6266662077283761,
    "recall": 0.6,
    "f1": 0.5900343835815474,
    "class_loss": {
        "Down": 1.5883749822775524,
        "Up": 3.0825199862321218,
        "Right": 1.6607969502607982,
        "Left": 4.862580710401137,
        "Forward": 0.5702557028473719,
        "Backward": 0.0
    },
    "low_confidence": 0.77490234375
}