{
    "loss": 0.623858644730515,
    "accuracy": 76.25580720092915,
    "precision": 0.7628526184935817,
    "recall": 0.7625580720092915,
    "f1": 0.7523536935511771,
    "class_loss": {
        "Down": 0.2541892145656877,
        "Up": 0.4694745712396171,
        "Right": 0.6287114518108191,
        "Left": 0.4281436102809729,
        "Forward": 1.3898824828642387,
        "Backward": 0.3488264275300834
    },
    "low_confidence": 0.75830078125
}