{
    "loss": 1.5404624439672463,
    "accuracy": 51.05799941927991,
    "precision": 0.5550458952955585,
    "recall": 0.5105799941927991,
    "f1": 0.5246080031655734,
    "class_loss": {
        "Down": 1.3143422680407546,
        "Up": 1.2960641522588858,
        "Right": 1.4566993510557547,
        "Left": 2.3080824277421925,
        "Forward": 1.9427463310139794,
        "Backward": 0.0
    },
    "low_confidence": 0.736328125
}