{
    "loss": 0.8136774342921045,
    "accuracy": 65.64133275261324,
    "precision": 0.6935355433237004,
    "recall": 0.6564133275261324,
    "f1": 0.6586640925183757,
    "class_loss": {
        "Down": 0.6316862572674398,
        "Up": 1.0127135534529332,
        "Right": 1.0248664291920486,
        "Left": 0.5670552186116025,
        "Forward": 0.727444083188419,
        "Backward": 1.1924266695148416
    },
    "low_confidence": 0.66845703125
}