{
    "loss": 1.5689124140405544,
    "accuracy": 45.67726480836237,
    "precision": 0.5702969401732707,
    "recall": 0.45677264808362367,
    "f1": 0.47923002815777815,
    "class_loss": {
        "Down": 1.8900808701696603,
        "Up": 1.6399485041578132,
        "Right": 1.6717587241695986,
        "Left": 2.0271147371968254,
        "Forward": 1.0188259832981614,
        "Backward": 0.0
    },
    "low_confidence": 0.66552734375
}