{
    "loss": 0.5977407460627349,
    "accuracy": 74.98257839721255,
    "precision": 0.7502366831179482,
    "recall": 0.7498257839721254,
    "f1": 0.7349441465902997,
    "class_loss": {
        "Down": 0.489594843076623,
        "Up": 0.6262705287207728,
        "Right": 1.4040275708488796,
        "Left": 1.0772727015225783,
        "Forward": 0.3165967652331228,
        "Backward": 0.11694504143670201
    },
    "low_confidence": 0.7568359375
}