{
    "loss": 1.0764839934266133,
    "accuracy": 63.69337979094077,
    "precision": 0.6426675571348699,
    "recall": 0.6369337979094076,
    "f1": 0.6249034099581867,
    "class_loss": {
        "Down": 0.9047019018067254,
        "Up": 1.715053945283095,
        "Right": 2.6866523822148642,
        "Left": 3.713973142206669,
        "Forward": 0.574578326843355,
        "Backward": 0.0
    },
    "low_confidence": 0.7333984375
}