{
    "loss": 0.5662334720293681,
    "accuracy": 77.29014280738419,
    "precision": 0.7748174826068529,
    "recall": 0.7729014280738419,
    "f1": 0.7623847588379413,
    "class_loss": {
        "Down": 0.29439632495244344,
        "Up": 0.6220033927096261,
        "Right": 1.1874079518847995,
        "Left": 1.0998712870809766,
        "Forward": 0.33945380283726584,
        "Backward": 0.8781057287680755
    },
    "low_confidence": 0.783203125
}