{
    "loss": 1.0571177191204495,
    "accuracy": 61.85997910135841,
    "precision": 0.6198169738041439,
    "recall": 0.6185997910135841,
    "f1": 0.5967548131444977,
    "class_loss": {
        "Down": 1.007394033043008,
        "Up": 1.7505001823107402,
        "Right": 2.434192629960867,
        "Left": 3.746318232554656,
        "Forward": 0.5568383526367445,
        "Backward": 0.0
    },
    "low_confidence": 0.75244140625
}