{
    "loss": 0.869730109638638,
    "accuracy": 66.91048415186346,
    "precision": 0.6726708124563204,
    "recall": 0.6691048415186346,
    "f1": 0.654686174137526,
    "class_loss": {
        "Down": 0.4990785605377621,
        "Up": 0.9905458662245009,
        "Right": 1.5429345488548278,
        "Left": 1.3876318560706244,
        "Forward": 0.6304027987851037,
        "Backward": 2.059516234397888
    },
    "low_confidence": 0.65625
}