{
    "loss": 1.031884921590487,
    "accuracy": 56.426332288401255,
    "precision": 0.5495891541090372,
    "recall": 0.5642633228840125,
    "f1": 0.5466848127192564,
    "class_loss": {
        "Down": 0.7553351427379408,
        "Up": 1.282798779507478,
        "Right": 2.5710444266979513,
        "Left": 2.0805303620604367,
        "Forward": 0.9057962721420659,
        "Backward": 0.0
    },
    "low_confidence": 0.595703125
}