{
    "loss": 1.009408712387085,
    "accuracy": 0.6306209850107066,
    "precision": 0.5771123574717696,
    "recall": 0.6306209850107066,
    "f1": 0.5967962304181834,
    "class_loss": {
        "0": 0.6172760426998138,
        "1": 2.0542601943016052,
        "2": 1.0715088099241257,
        "3": 1.0374768525362015,
        "4": 0.892745852470398,
        "5": 1.8379749357700348
    },
    "low_confidence": 0.52197265625
}