{
    "loss": 1.9897317737340927,
    "accuracy": 0.6059957173447538,
    "precision": 0.3672308094401827,
    "recall": 0.6059957173447538,
    "f1": 0.4573247680228409,
    "class_loss": {
        "0": 0.0,
        "1": 0.0,
        "2": 0.4119950234889984,
        "3": 4.707880973815918,
        "4": 3.949069023132324,
        "5": 0.0
    },
    "low_confidence": 0.66357421875
}