{
    "loss": 0.5522021849950155,
    "accuracy": 77.60362243120863,
    "precision": 0.7751346898856625,
    "recall": 0.7760362243120864,
    "f1": 0.7708253675970927,
    "class_loss": {
        "Down": 0.4265512566599581,
        "Up": 0.4296601575281885,
        "Right": 1.0713810824685626,
        "Left": 0.9838889486259884,
        "Forward": 0.3782576319244173,
        "Backward": 1.1937904684012757
    },
    "low_confidence": 0.7763671875
}