{
    "loss": 1.0548352811071608,
    "accuracy": 59.770114942528735,
    "precision": 0.5814863672106871,
    "recall": 0.5977011494252874,
    "f1": 0.5798851386130758,
    "class_loss": {
        "Down": 1.0180157783784365,
        "Up": 1.2769568727041285,
        "Right": 2.4527969176952658,
        "Left": 3.4809492849386654,
        "Forward": 0.7893419279044287,
        "Backward": 0.0
    },
    "low_confidence": 0.71630859375
}