{
    "loss": 0.5125508904457092,
    "accuracy": 81.03448275862068,
    "precision": 0.8334685598377283,
    "recall": 0.8103448275862069,
    "f1": 0.8093486870010373,
    "class_loss": {
        "Down": 0.27721190452575684,
        "Up": 2.319951295852661,
        "Right": 0.4747229218482971,
        "Left": 0.26739269495010376,
        "Forward": 0.6586617827415466,
        "Backward": 0.0
    },
    "low_confidence": 0.72412109375
}