{
    "loss": 2.16798734664917,
    "accuracy": 60.3448275862069,
    "precision": 0.36414982164090365,
    "recall": 0.603448275862069,
    "f1": 0.45420837968112715,
    "class_loss": {
        "Down": 0.0,
        "Up": 0.0,
        "Right": 0.05611543729901314,
        "Left": 5.19405460357666,
        "Forward": 5.733551979064941,
        "Backward": 0.0
    },
    "low_confidence": 0.93798828125
}