{
    "loss": 0.8113583577451883,
    "accuracy": 65.42356271777004,
    "precision": 0.6913578096720504,
    "recall": 0.6542356271777003,
    "f1": 0.6565057357786304,
    "class_loss": {
        "Down": 0.6288355798633011,
        "Up": 1.0050927177071571,
        "Right": 1.0271354916471023,
        "Left": 0.5743874744684608,
        "Forward": 0.723457154162504,
        "Backward": 1.1585083918439016
    },
    "low_confidence": 0.66845703125
}