{
    "loss": 1.5667823281622044,
    "accuracy": 45.804297328687575,
    "precision": 0.5724002565047099,
    "recall": 0.4580429732868757,
    "f1": 0.48032329172813076,
    "class_loss": {
        "Down": 1.8963908654624138,
        "Up": 1.6220763419945556,
        "Right": 1.651998206352194,
        "Left": 2.025658576283604,
        "Forward": 1.0220320600896113,
        "Backward": 0.0
    },
    "low_confidence": 0.6650390625
}