{
    "loss": 1.4886267291174995,
    "accuracy": 44.44444444444444,
    "precision": 0.5244735314905216,
    "recall": 0.4444444444444444,
    "f1": 0.45963400783982766,
    "class_loss": {
        "Down": 1.9688201718860203,
        "Up": 1.583907315466139,
        "Right": 1.6344091892242432,
        "Left": 1.3773786637518142,
        "Forward": 1.2703828268580966,
        "Backward": 2.7849448932842775
    },
    "low_confidence": 0.640625
}