{
    "loss": 1.832887273364597,
    "accuracy": 35.0400557297109,
    "precision": 0.4242581258302089,
    "recall": 0.350400557297109,
    "f1": 0.3529514844223154,
    "class_loss": {
        "Down": 2.617042666987369,
        "Up": 2.0083094829072556,
        "Right": 1.5717814438618147,
        "Left": 2.4719888161008177,
        "Forward": 1.5414071154263285,
        "Backward": 0.0
    },
    "low_confidence": 0.69091796875
}