{
    "loss": 0.48493055074855135,
    "accuracy": 82.44229094076655,
    "precision": 0.8222839604693367,
    "recall": 0.8244229094076655,
    "f1": 0.8187364871221553,
    "class_loss": {
        "Down": 0.2650714271046497,
        "Up": 0.326235740342074,
        "Right": 0.46836119931605125,
        "Left": 0.36043982918339745,
        "Forward": 1.0808684111193374,
        "Backward": 0.21602150978934434
    },
    "low_confidence": 0.78759765625
}