{
    "loss": 1.3309136948772464,
    "accuracy": 57.0539343786295,
    "precision": 0.6071276832642318,
    "recall": 0.570539343786295,
    "f1": 0.5834559568851349,
    "class_loss": {
        "Down": 1.327142458598035,
        "Up": 0.8369725779686348,
        "Right": 1.4158777644236882,
        "Left": 2.4905261965759564,
        "Forward": 1.5454000277865318,
        "Backward": 0.0
    },
    "low_confidence": 0.7138671875
}