{
    "loss": 0.31267393014773176,
    "accuracy": 88.40737514518003,
    "precision": 0.8857144545141117,
    "recall": 0.8840737514518002,
    "f1": 0.880822169008229,
    "class_loss": {
        "Down": 0.17744194957669135,
        "Up": 0.1385392447312673,
        "Right": 0.23245276717676056,
        "Left": 0.28575688569496077,
        "Forward": 0.8027180725777591,
        "Backward": 0.07168679768478291
    },
    "low_confidence": 0.88037109375
}