{
    "loss": 2.939178910242777,
    "accuracy": 54.87441927990709,
    "precision": 0.5379180357633827,
    "recall": 0.5487441927990708,
    "f1": 0.5344328403581536,
    "class_loss": {
        "Down": 1.8089422138221563,
        "Up": 1.3868950137250575,
        "Right": 1.4889790270840977,
        "Left": 1.9609092284032765,
        "Forward": 1.63118068760659,
        "Backward": 21.767184257507324
    },
    "low_confidence": 0.82080078125
}