{
    "loss": 0.8212792307690338,
    "accuracy": 68.5866724738676,
    "precision": 0.6821560031837067,
    "recall": 0.6858667247386759,
    "f1": 0.6803745630650115,
    "class_loss": {
        "Down": 0.5352504639713852,
        "Up": 0.7054407490348374,
        "Right": 0.861491134873143,
        "Left": 0.738978150818083,
        "Forward": 1.3415014912132863,
        "Backward": 0.4740789392273183
    },
    "low_confidence": 0.66943359375
}