{
    "loss": 1.2474467864915453,
    "accuracy": 51.56068524970964,
    "precision": 0.5623981604254625,
    "recall": 0.5156068524970964,
    "f1": 0.5302945032711892,
    "class_loss": {
        "Down": 1.113957503027674,
        "Up": 0.9092594781015293,
        "Right": 1.1571077331900597,
        "Left": 1.8241592119447887,
        "Forward": 1.789075696420285,
        "Backward": 0.0
    },
    "low_confidence": 0.63720703125
}