{
    "loss": 0.8368777420785692,
    "accuracy": 68.02507836990596,
    "precision": 0.6815786655164886,
    "recall": 0.6802507836990596,
    "f1": 0.6617235397374364,
    "class_loss": {
        "Down": 0.5954528947671255,
        "Up": 0.8038598729504479,
        "Right": 1.5853941784964667,
        "Left": 1.6900419394175212,
        "Forward": 0.5165728973017798,
        "Backward": 1.7511799854040146
    },
    "low_confidence": 0.68310546875
}