{
    "loss": 1.006517328818639,
    "accuracy": 60.95437129919888,
    "precision": 0.6054839070832807,
    "recall": 0.6095437129919888,
    "f1": 0.5855745786352012,
    "class_loss": {
        "Down": 0.7569738014748222,
        "Up": 1.0348326588670413,
        "Right": 2.3416729248487034,
        "Left": 2.6341803750166526,
        "Forward": 0.911347064976063,
        "Backward": 0.0
    },
    "low_confidence": 0.6103515625
}