{
    "loss": 0.6475290656089783,
    "accuracy": 74.13793103448276,
    "precision": 0.7675047892720307,
    "recall": 0.7413793103448276,
    "f1": 0.7349338212001707,
    "class_loss": {
        "Down": 0.29224199056625366,
        "Up": 1.3917341232299805,
        "Right": 0.8191100358963013,
        "Left": 0.09985827654600143,
        "Forward": 0.6301853656768799,
        "Backward": 1.267339825630188
    },
    "low_confidence": 0.693359375
}