{
    "loss": 1.8416756391525269,
    "accuracy": 60.3448275862069,
    "precision": 0.3705384150030248,
    "recall": 0.603448275862069,
    "f1": 0.4591454272863569,
    "class_loss": {
        "Down": 0.0,
        "Up": 0.0,
        "Right": 0.21794790029525757,
        "Left": 4.436742305755615,
        "Forward": 4.07973575592041,
        "Backward": 0.0
    },
    "low_confidence": 0.78125
}