{
    "loss": 0.43090004156585093,
    "accuracy": 84.11004645760744,
    "precision": 0.8391419389968297,
    "recall": 0.8411004645760743,
    "f1": 0.8394828467160486,
    "class_loss": {
        "Down": 0.21668478518862416,
        "Up": 0.39887621336513096,
        "Right": 0.5127113054471987,
        "Left": 0.37238425554500687,
        "Forward": 0.7335996488454165,
        "Backward": 0.12614290435104286
    },
    "low_confidence": 0.810546875
}