{
    "loss": 2.55258483290931,
    "accuracy": 56.11752322880372,
    "precision": 0.5472412602313446,
    "recall": 0.5611752322880371,
    "f1": 0.5433505449608687,
    "class_loss": {
        "Down": 1.3195000437647104,
        "Up": 1.374690196877562,
        "Right": 1.621122925292428,
        "Left": 1.5265035923846342,
        "Forward": 1.2472840544313282,
        "Backward": 18.95158847173055
    },
    "low_confidence": 0.7734375
}