{
    "loss": 0.6939377188682556,
    "accuracy": 74.13793103448276,
    "precision": 0.7086483496219804,
    "recall": 0.7413793103448276,
    "f1": 0.7185259722055348,
    "class_loss": {
        "Down": 0.4894692897796631,
        "Up": 1.469937801361084,
        "Right": 0.7921831011772156,
        "Left": 0.15690532326698303,
        "Forward": 0.5748258829116821,
        "Backward": 1.5002340078353882
    },
    "low_confidence": 0.67578125
}