{
    "loss": 1.7619116306304932,
    "accuracy": 60.3448275862069,
    "precision": 0.36414982164090365,
    "recall": 0.603448275862069,
    "f1": 0.45420837968112715,
    "class_loss": {
        "Down": 0.0,
        "Up": 0.0,
        "Right": 0.16545403003692627,
        "Left": 4.474386692047119,
        "Forward": 3.6605234146118164,
        "Backward": 0.0
    },
    "low_confidence": 0.83056640625
}