{
    "loss": 0.49645793437957764,
    "accuracy": 80.46602787456446,
    "precision": 0.8014157578946591,
    "recall": 0.8046602787456446,
    "f1": 0.802621963143989,
    "class_loss": {
        "Down": 0.3110394846234057,
        "Up": 0.3903655394635819,
        "Right": 0.523152960119424,
        "Left": 0.37828250581191647,
        "Forward": 0.9573145809548872,
        "Backward": 0.14332186631832478
    },
    "low_confidence": 0.80078125
}