{
    "loss": 2.681839378869713,
    "accuracy": 34.569178281068524,
    "precision": 0.45677784385087666,
    "recall": 0.34569178281068524,
    "f1": 0.3471617827456322,
    "class_loss": {
        "Down": 3.2858748358228933,
        "Up": 2.7875951158096,
        "Right": 2.020472772209258,
        "Left": 3.3344858768978156,
        "Forward": 1.9757571737732618,
        "Backward": 0.0
    },
    "low_confidence": 0.81396484375
}