Epoch,Training Loss,Training Accuracy,Training Precision,Training Recall,Training F1,Random Val Loss,Random Val Accuracy,Random Val Precision,Random Val Recall,Random Val F1,Sequence Val Loss,Sequence Val Accuracy,Sequence Val Precision,Sequence Val Recall,Sequence Val F1
1,0.9943271988914126,67.49476204729123,0.6712815036985826,0.6749476204729123,0.6723969511911282,0.6243263085683187,77.62803234501348,0.787959451062744,0.7762803234501348,0.7775851854057587,2.1124989489714303,30.7277628032345,0.7859912121995347,0.30727762803234504,0.1513155019734933
