{
    "loss": 0.7265257239341736,
    "accuracy": 70.6896551724138,
    "precision": 0.6704806687565309,
    "recall": 0.7068965517241379,
    "f1": 0.6855100324402259,
    "class_loss": {
        "Down": 0.3964102268218994,
        "Up": 1.4489802122116089,
        "Right": 0.8692908883094788,
        "Left": 0.1441180557012558,
        "Forward": 0.6241278052330017,
        "Backward": 1.827359676361084
    },
    "low_confidence": 0.67529296875
}