{
    "loss": 0.47213319192330044,
    "accuracy": 81.2590737514518,
    "precision": 0.8112868215726156,
    "recall": 0.812590737514518,
    "f1": 0.8108020269181176,
    "class_loss": {
        "Down": 0.43007700779923685,
        "Up": 0.38652718743240394,
        "Right": 0.4593278222751838,
        "Left": 0.31224452590362894,
        "Forward": 0.860479121958768,
        "Backward": 0.10637547623762791
    },
    "low_confidence": 0.80517578125
}