{
    "loss": 2.8753481501491343,
    "accuracy": 33.433144599303134,
    "precision": 0.4443777870168841,
    "recall": 0.3343314459930314,
    "f1": 0.3336584774413903,
    "class_loss": {
        "Down": 3.82008136096208,
        "Up": 3.0449084998052345,
        "Right": 2.2025945038136947,
        "Left": 3.5332774554844946,
        "Forward": 1.7187004211591557,
        "Backward": 0.0
    },
    "low_confidence": 0.80517578125
}