{
    "loss": 0.5498792986075084,
    "accuracy": 78.19575060954371,
    "precision": 0.7794124170259515,
    "recall": 0.7819575060954371,
    "f1": 0.7768677873994364,
    "class_loss": {
        "Down": 0.3015449918806553,
        "Up": 0.49782100485430825,
        "Right": 0.9947343683905072,
        "Left": 0.9016274842951033,
        "Forward": 0.43894348177644943,
        "Backward": 0.9315131277218461
    },
    "low_confidence": 0.76123046875
}