{
    "loss": 1.0363866570923064,
    "accuracy": 61.093695576454195,
    "precision": 0.6061715723871107,
    "recall": 0.610936955764542,
    "f1": 0.5879165669239125,
    "class_loss": {
        "Down": 1.281749587309988,
        "Up": 1.3970763953402638,
        "Right": 2.2843229587261495,
        "Left": 3.2274766094409504,
        "Forward": 0.6359257472265097,
        "Backward": 0.0
    },
    "low_confidence": 0.7109375
}