{
    "loss": 0.12648822705226917,
    "accuracy": 96.0347706155633,
    "precision": 0.9605317583190917,
    "recall": 0.960347706155633,
    "f1": 0.9599377185528191,
    "class_loss": {
        "Down": 0.07925116106074441,
        "Up": 0.0945818340750756,
        "Right": 0.09039617438490193,
        "Left": 0.09436958788514689,
        "Forward": 0.3077745529719525,
        "Backward": 0.004158157898860669
    },
    "low_confidence": 0.9287109375
}