{
    "loss": 2.713120002179898,
    "accuracy": 46.666303716608596,
    "precision": 0.5700936548890366,
    "recall": 0.4666630371660859,
    "f1": 0.4610701976113341,
    "class_loss": {
        "Down": 2.1956478354634448,
        "Up": 2.9265962921082975,
        "Right": 3.5390802028993207,
        "Left": 5.0833254850821925,
        "Forward": 0.9034737987120315,
        "Backward": 0.0
    },
    "low_confidence": 0.84228515625
}