{
    "loss": 0.46350285022155097,
    "accuracy": 81.74216027874564,
    "precision": 0.8187022001560277,
    "recall": 0.8174216027874565,
    "f1": 0.8156160512690188,
    "class_loss": {
        "Down": 0.28531294186478073,
        "Up": 0.30314420665735786,
        "Right": 0.8889706095923549,
        "Left": 0.7706196262784626,
        "Forward": 0.3976018597250399,
        "Backward": 0.1299018331876141
    },
    "low_confidence": 0.80517578125
}