{
    "loss": 1.342136183510656,
    "accuracy": 60.34843205574913,
    "precision": 0.6053377790402534,
    "recall": 0.6034843205574912,
    "f1": 0.5987756182417834,
    "class_loss": {
        "Down": 1.4326904035276837,
        "Up": 2.0569615095853804,
        "Right": 2.0353726148605347,
        "Left": 4.8710837091008825,
        "Forward": 0.7590632250775462,
        "Backward": 0.0
    },
    "low_confidence": 0.755859375
}