{
    "loss": 0.4892904175364453,
    "accuracy": 81.11498257839722,
    "precision": 0.8152548502770665,
    "recall": 0.8111498257839721,
    "f1": 0.8110626172342679,
    "class_loss": {
        "Down": 0.26521799421828723,
        "Up": 0.4341459352037181,
        "Right": 0.7375259354062702,
        "Left": 0.8141386398802632,
        "Forward": 0.44230621534845105,
        "Backward": 0.09020959031040547
    },
    "low_confidence": 0.78466796875
}