{
    "loss": 1.26009452731713,
    "accuracy": 64.11149825783973,
    "precision": 0.6502293906507705,
    "recall": 0.6411149825783972,
    "f1": 0.6301728535914191,
    "class_loss": {
        "Down": 0.9117153113087019,
        "Up": 2.322789125641187,
        "Right": 1.79932235678037,
        "Left": 4.502492442727089,
        "Forward": 0.6382802374984907,
        "Backward": 0.0
    },
    "low_confidence": 0.759765625
}