{
    "loss": 0.3817291614358072,
    "accuracy": 85.76328397212544,
    "precision": 0.8551389735666859,
    "recall": 0.8576328397212544,
    "f1": 0.8548591774580586,
    "class_loss": {
        "Down": 0.18459549829087876,
        "Up": 0.2645237668313914,
        "Right": 0.5000498809472278,
        "Left": 0.2704698181607657,
        "Forward": 0.7728153780378677,
        "Backward": 0.09485817415784199
    },
    "low_confidence": 0.83935546875
}