{
    "loss": 2.7531128940398855,
    "accuracy": 54.622168989547035,
    "precision": 0.5292943638604956,
    "recall": 0.5462216898954704,
    "f1": 0.5266776851110465,
    "class_loss": {
        "Down": 1.4197070948407053,
        "Up": 1.1918478147884788,
        "Right": 1.7911107932194703,
        "Left": 1.5109048612562388,
        "Forward": 1.3549099658980155,
        "Backward": 20.606192217932808
    },
    "low_confidence": 0.78955078125
}