{
    "loss": 0.4370934332686442,
    "accuracy": 83.45673635307782,
    "precision": 0.8349670181240416,
    "recall": 0.8345673635307782,
    "f1": 0.827984752904181,
    "class_loss": {
        "Down": 0.2280122417335709,
        "Up": 0.26206809951475374,
        "Right": 0.3800256179162749,
        "Left": 0.33495693353729117,
        "Forward": 1.0464755732704092,
        "Backward": 0.1377351904089597
    },
    "low_confidence": 0.8212890625
}