{
    "loss": 2.2023795271314963,
    "accuracy": 42.68292682926829,
    "precision": 0.5093295658635256,
    "recall": 0.4268292682926829,
    "f1": 0.4456676674148666,
    "class_loss": {
        "Down": 2.6519570106613464,
        "Up": 1.6539957920574662,
        "Right": 1.7704769841059007,
        "Left": 3.365916832408402,
        "Forward": 2.0673330674894275,
        "Backward": 0.0
    },
    "low_confidence": 0.8095703125
}