{
    "loss": 0.7089755535125732,
    "accuracy": 74.13793103448276,
    "precision": 0.7579796640141467,
    "recall": 0.7413793103448276,
    "f1": 0.7396820420958352,
    "class_loss": {
        "Down": 0.4601444900035858,
        "Up": 2.7585012912750244,
        "Right": 0.6565607190132141,
        "Left": 0.6596492528915405,
        "Forward": 0.7897813320159912,
        "Backward": 0.0
    },
    "low_confidence": 0.66357421875
}