{
    "loss": 1.8291878700256348,
    "accuracy": 60.3448275862069,
    "precision": 0.36414982164090365,
    "recall": 0.603448275862069,
    "f1": 0.45420837968112715,
    "class_loss": {
        "Down": 0.0,
        "Up": 0.0,
        "Right": 0.1313120722770691,
        "Left": 4.50960636138916,
        "Forward": 4.231610298156738,
        "Backward": 0.0
    },
    "low_confidence": 0.86865234375
}