{
    "loss": 0.4896701892217,
    "accuracy": 81.26088470916058,
    "precision": 0.8172580684260119,
    "recall": 0.8126088470916057,
    "f1": 0.8134964856813631,
    "class_loss": {
        "Down": 0.42710952166881827,
        "Up": 0.6123827603128221,
        "Right": 0.5639266865120993,
        "Left": 0.6990556124183867,
        "Forward": 0.3799819317128923,
        "Backward": 1.1162940288195387
    },
    "low_confidence": 0.77685546875
}