{
    "loss": 1.281440026892556,
    "accuracy": 57.088122605363985,
    "precision": 0.5787998430019577,
    "recall": 0.5708812260536399,
    "f1": 0.5371270790931942,
    "class_loss": {
        "Down": 2.0861360893437735,
        "Up": 2.0092113610977926,
        "Right": 2.5341205092576833,
        "Left": 3.833818565194423,
        "Forward": 0.4827748433673858,
        "Backward": 0.0
    },
    "low_confidence": 0.77001953125
}