{
    "loss": 0.5933934403790369,
    "accuracy": 76.59352142110762,
    "precision": 0.7660015059910489,
    "recall": 0.7659352142110762,
    "f1": 0.758144848558079,
    "class_loss": {
        "Down": 0.4820750272936291,
        "Up": 0.7121955037117005,
        "Right": 1.2086971826023525,
        "Left": 0.8815185229811403,
        "Forward": 0.34128341972827914,
        "Backward": 1.4138565054163337
    },
    "low_confidence": 0.75732421875
}