{
    "loss": 1.0635868271191915,
    "accuracy": 60.01393242772553,
    "precision": 0.5844361621839146,
    "recall": 0.6001393242772554,
    "f1": 0.5768613318896746,
    "class_loss": {
        "Down": 1.148081556746834,
        "Up": 1.5262307648857434,
        "Right": 2.919381957787734,
        "Left": 3.1288711497416863,
        "Forward": 0.5859221094753593,
        "Backward": 0.0
    },
    "low_confidence": 0.70361328125
}