{
    "loss": 2.2798213958740234,
    "accuracy": 18.96551724137931,
    "precision": 0.15249912922326714,
    "recall": 0.1896551724137931,
    "f1": 0.14984586708724643,
    "class_loss": {
        "Down": 2.2251906394958496,
        "Up": 0.6567487120628357,
        "Right": 1.4351686239242554,
        "Left": 1.9069886207580566,
        "Forward": 3.008904218673706,
        "Backward": 7.253354549407959
    },
    "low_confidence": 0.431884765625
}