{
    "loss": 2.6204476356506348,
    "accuracy": 0.0,
    "precision": 0.0,
    "recall": 0.0,
    "f1": 0.0,
    "class_loss": {
        "Down": 0.0,
        "Up": 0.0,
        "Right": 1.3387830257415771,
        "Left": 5.58754301071167,
        "Forward": 2.664426803588867,
        "Backward": 0.0
    },
    "low_confidence": 0.65966796875
}