{
    "loss": 0.3882863372564316,
    "accuracy": 86.05908826945412,
    "precision": 0.8581199040402572,
    "recall": 0.8605908826945412,
    "f1": 0.8569477217796324,
    "class_loss": {
        "Down": 0.20282236952334642,
        "Up": 0.28765503717241464,
        "Right": 0.4171464760546331,
        "Left": 0.25510076954270955,
        "Forward": 0.8492518951771436,
        "Backward": 0.1138279612835807
    },
    "low_confidence": 0.82421875
}