{
    "loss": 1.8135607971937,
    "accuracy": 48.40301974448316,
    "precision": 0.5454240973086877,
    "recall": 0.4840301974448316,
    "f1": 0.5032317458787691,
    "class_loss": {
        "Down": 2.253245345465299,
        "Up": 1.4200466614502696,
        "Right": 2.1516487010651164,
        "Left": 2.6903449022211134,
        "Forward": 1.4601401288903528,
        "Backward": 0.0
    },
    "low_confidence": 0.76171875
}