{
    "loss": 0.5604061281515492,
    "accuracy": 77.81649245063879,
    "precision": 0.7778849200012643,
    "recall": 0.778164924506388,
    "f1": 0.7737951285702215,
    "class_loss": {
        "Down": 0.21582132077741403,
        "Up": 0.4406612365058175,
        "Right": 0.7485093368148362,
        "Left": 0.5021260787767393,
        "Forward": 0.9634560937130893,
        "Backward": 0.1866817251537685
    },
    "low_confidence": 0.76220703125
}