{
    "loss": 1.655341854577677,
    "accuracy": 47.925740418118465,
    "precision": 0.540295864443979,
    "recall": 0.4792574041811847,
    "f1": 0.5001690080481663,
    "class_loss": {
        "Down": 1.6274305221125267,
        "Up": 1.3806536910629057,
        "Right": 1.897045594950517,
        "Left": 2.511889172019437,
        "Forward": 1.6076075098807774,
        "Backward": 0.0
    },
    "low_confidence": 0.7490234375
}