{
    "loss": 0.34963117139758887,
    "accuracy": 87.34030197444831,
    "precision": 0.8724258543351988,
    "recall": 0.8734030197444832,
    "f1": 0.8704129936037499,
    "class_loss": {
        "Down": 0.14140923811053788,
        "Up": 0.34886362541604926,
        "Right": 0.3724484100110001,
        "Left": 0.20039068310762997,
        "Forward": 0.756923867734494,
        "Backward": 0.09288451526285994
    },
    "low_confidence": 0.8369140625
}