{
    "loss": 2.034570963831222,
    "accuracy": 48.02918118466899,
    "precision": 0.5518893374162279,
    "recall": 0.4802918118466899,
    "f1": 0.501206725489712,
    "class_loss": {
        "Down": 2.231905054732941,
        "Up": 1.9327125367596296,
        "Right": 1.9424701867004235,
        "Left": 3.2696280346717685,
        "Forward": 1.4765245650985068,
        "Backward": 0.0
    },
    "low_confidence": 0.7744140625
}