{
    "loss": 0.8773503204186758,
    "accuracy": 66.9453152211773,
    "precision": 0.6562084804694088,
    "recall": 0.6694531522117729,
    "f1": 0.6496738615963674,
    "class_loss": {
        "Down": 0.7465285658836365,
        "Up": 1.009060521920522,
        "Right": 1.519820660352707,
        "Left": 1.5240785380204518,
        "Forward": 0.5560235579808553,
        "Backward": 2.053828740119934
    },
    "low_confidence": 0.61279296875
}