{
    "loss": 1.1214281817277272,
    "accuracy": 61.442006269592476,
    "precision": 0.5822356994800665,
    "recall": 0.6144200626959248,
    "f1": 0.5924802846588072,
    "class_loss": {
        "Down": 0.6812263854912349,
        "Up": 1.206015009433031,
        "Right": 1.7470835546652477,
        "Left": 2.0035762588183084,
        "Forward": 0.7226148843765259,
        "Backward": 5.457710862159729
    },
    "low_confidence": 0.6064453125
}