{
    "loss": 0.7931060581295578,
    "accuracy": 69.7898519163763,
    "precision": 0.6951718984362649,
    "recall": 0.6978985191637631,
    "f1": 0.6943719583973214,
    "class_loss": {
        "Down": 0.5619056449720153,
        "Up": 0.6455478134254614,
        "Right": 0.903962892514688,
        "Left": 0.7590487218565412,
        "Forward": 1.1659017864752699,
        "Backward": 0.4307165526940177
    },
    "low_confidence": 0.6650390625
}