{
    "loss": 1.248067781449882,
    "accuracy": 52.52613240418118,
    "precision": 0.5614420699697644,
    "recall": 0.5252613240418118,
    "f1": 0.538625387089447,
    "class_loss": {
        "Down": 1.1047177871932155,
        "Up": 0.935963380924729,
        "Right": 1.4054924696683884,
        "Left": 1.7702037124545313,
        "Forward": 1.6036168738238272,
        "Backward": 0.0
    },
    "low_confidence": 0.6142578125
}