{
    "loss": 0.045358703946004865,
    "accuracy": 98.70608304297329,
    "precision": 0.9873364075748171,
    "recall": 0.9870608304297329,
    "f1": 0.9869928178033244,
    "class_loss": {
        "Down": 0.039783767571120905,
        "Up": 0.02172500280344307,
        "Right": 0.011475909615573645,
        "Left": 0.018908825321381703,
        "Forward": 0.1466066932771355,
        "Backward": 0.001476439487454947
    },
    "low_confidence": 0.97412109375
}