{
    "loss": 4.382653721303103,
    "accuracy": 44.68459639953542,
    "precision": 0.5569935137205699,
    "recall": 0.44684596399535426,
    "f1": 0.44207047192268134,
    "class_loss": {
        "Down": 3.9896497907923876,
        "Up": 4.400862681344152,
        "Right": 5.643237458607233,
        "Left": 8.271221406131312,
        "Forward": 1.3484173255925045,
        "Backward": 0.0
    },
    "low_confidence": 0.90625
}