{
    "loss": 0.9695671363561241,
    "accuracy": 62.677845528455286,
    "precision": 0.632043918299802,
    "recall": 0.6267784552845529,
    "f1": 0.6255999447182894,
    "class_loss": {
        "Down": 0.8192221246383808,
        "Up": 0.7365025277766917,
        "Right": 0.9578727632761002,
        "Left": 1.0840325659071957,
        "Forward": 1.3230909953514736,
        "Backward": 0.6120471044236587
    },
    "low_confidence": 0.59814453125
}