{
    "loss": 1.3072865323542997,
    "accuracy": 47.18713704994193,
    "precision": 0.5277268637849566,
    "recall": 0.4718713704994193,
    "f1": 0.48975225096361913,
    "class_loss": {
        "Down": 1.3382300587667935,
        "Up": 0.9345549804618559,
        "Right": 1.410218392809232,
        "Left": 1.6858241985319182,
        "Forward": 1.6146089485095394,
        "Backward": 0.0
    },
    "low_confidence": 0.5751953125
}