{
    "loss": 0.48882256877477714,
    "accuracy": 79.96697154471545,
    "precision": 0.7964126879456487,
    "recall": 0.7996697154471545,
    "f1": 0.7971512578637522,
    "class_loss": {
        "Down": 0.34684457705203664,
        "Up": 0.4477567164515092,
        "Right": 0.5110256216217278,
        "Left": 0.33726301090521404,
        "Forward": 0.8737724388102621,
        "Backward": 0.17607248258224512
    },
    "low_confidence": 0.8056640625
}