{
    "loss": 4.129789357321478,
    "accuracy": 28.711164343786294,
    "precision": 0.4608127203171091,
    "recall": 0.28711164343786294,
    "f1": 0.2746074676596415,
    "class_loss": {
        "Down": 5.142274954125483,
        "Up": 5.038136584766128,
        "Right": 3.171328138700725,
        "Left": 4.391685536960301,
        "Forward": 1.9689479075202974,
        "Backward": 0.0
    },
    "low_confidence": 0.86767578125
}