{
    "loss": 1.124317228794098,
    "accuracy": 0.5920770877944326,
    "precision": 0.5570173980298161,
    "recall": 0.5920770877944326,
    "f1": 0.5529488819724964,
    "class_loss": {
        "0": 0.7357731759548187,
        "1": 2.1651399731636047,
        "2": 1.1290882229804993,
        "3": 1.3671084940433502,
        "4": 0.9453894346952438,
        "5": 2.352631688117981
    },
    "low_confidence": 0.483642578125
}