{
    "loss": 1.7839857041835785,
    "accuracy": 0.6059957173447538,
    "precision": 0.3672308094401827,
    "recall": 0.6059957173447538,
    "f1": 0.4573247680228409,
    "class_loss": {
        "0": 0.0,
        "1": 0.0,
        "2": 0.36371711641550064,
        "3": 4.410682439804077,
        "4": 3.094774603843689,
        "5": 0.0
    },
    "low_confidence": 0.69677734375
}