{
    "loss": 0.5111414566636086,
    "accuracy": 80.62098501070663,
    "precision": 0.815459469608101,
    "recall": 0.8062098501070664,
    "f1": 0.8063203655433034,
    "class_loss": {
        "Down": 0.3916216939687729,
        "Up": 0.5027253851294518,
        "Right": 0.7245083600282669,
        "Left": 0.23599007353186607,
        "Forward": 0.5117734596133232,
        "Backward": 1.0052054971456528
    },
    "low_confidence": 0.7333984375
}