{
    "loss": 2.372155785560608,
    "accuracy": 53.21199143468951,
    "precision": 0.394214491518773,
    "recall": 0.5321199143468951,
    "f1": 0.45290206243660547,
    "class_loss": {
        "Down": 0.0,
        "Up": 0.0,
        "Right": 0.5043953210115433,
        "Left": 6.179313659667969,
        "Forward": 3.578897476196289,
        "Backward": 0.0
    },
    "low_confidence": 0.6474609375
}