{
    "loss": 0.8086309283971786,
    "accuracy": 68.65203761755485,
    "precision": 0.6779836174378714,
    "recall": 0.6865203761755486,
    "f1": 0.6631673924057944,
    "class_loss": {
        "Down": 0.6207375402251879,
        "Up": 0.9889256109793981,
        "Right": 1.4829470316569011,
        "Left": 1.6185010770956676,
        "Forward": 0.46217919141054153,
        "Backward": 2.10308665699429
    },
    "low_confidence": 0.65869140625
}