{
    "loss": 1.2577830106019974,
    "accuracy": 55.067920585161964,
    "precision": 0.5576066738035093,
    "recall": 0.5506792058516197,
    "f1": 0.5236638845373823,
    "class_loss": {
        "Down": 1.3465842685916207,
        "Up": 1.1809820614077828,
        "Right": 2.1349299495870415,
        "Left": 1.8405959804852803,
        "Forward": 0.6584767426053683,
        "Backward": 6.971691131591797
    },
    "low_confidence": 0.63232421875
}