{
    "loss": 0.5089226726628624,
    "accuracy": 80.40795586527294,
    "precision": 0.8021082289402186,
    "recall": 0.8040795586527294,
    "f1": 0.7978706901793422,
    "class_loss": {
        "Down": 0.32055848141597815,
        "Up": 0.36619688210517826,
        "Right": 0.5748712213647214,
        "Left": 0.2541273424475433,
        "Forward": 1.1188546644132173,
        "Backward": 0.11708164588958807
    },
    "low_confidence": 0.81640625
}