{
    "loss": 3.620242948931724,
    "accuracy": 30.593060394889662,
    "precision": 0.45546042623895217,
    "recall": 0.30593060394889665,
    "f1": 0.30120598134310955,
    "class_loss": {
        "Down": 4.457370540077707,
        "Up": 3.7114249316688914,
        "Right": 3.4145114654529607,
        "Left": 4.212350942992546,
        "Forward": 2.214592045024374,
        "Backward": 0.0
    },
    "low_confidence": 0.859375
}