{
    "loss": 0.23945108676950136,
    "accuracy": 91.22386759581882,
    "precision": 0.9119259496677098,
    "recall": 0.9122386759581882,
    "f1": 0.9106262820097646,
    "class_loss": {
        "Down": 0.14409259085853895,
        "Up": 0.14346181761680377,
        "Right": 0.21848660365988812,
        "Left": 0.16438138264196892,
        "Forward": 0.5926318519093372,
        "Backward": 0.019425041221337678
    },
    "low_confidence": 0.9013671875
}