{
    "loss": 0.35977609110651193,
    "accuracy": 86.77228513356562,
    "precision": 0.8686863100949113,
    "recall": 0.8677228513356562,
    "f1": 0.8630631344607572,
    "class_loss": {
        "Down": 0.10460386406285344,
        "Up": 0.2476100028940925,
        "Right": 0.34933609418846945,
        "Left": 0.2866863267565215,
        "Forward": 0.8728706277906895,
        "Backward": 0.13650187852369897
    },
    "low_confidence": 0.84326171875
}