{
    "loss": 1.8656933720189113,
    "accuracy": 50.7313443670151,
    "precision": 0.5650352195694742,
    "recall": 0.507313443670151,
    "f1": 0.5269733573172327,
    "class_loss": {
        "Down": 2.0707301069455952,
        "Up": 1.4264272692646967,
        "Right": 1.9234011069768004,
        "Left": 3.12924997243681,
        "Forward": 1.7082459983085432,
        "Backward": 0.0
    },
    "low_confidence": 0.7802734375
}