{
    "loss": 0.6409418039851719,
    "accuracy": 74.95646116335772,
    "precision": 0.7482209376849768,
    "recall": 0.7495646116335771,
    "f1": 0.7471821863664478,
    "class_loss": {
        "Down": 0.41362544695536296,
        "Up": 0.706959057185385,
        "Right": 1.0131867746512095,
        "Left": 0.8703273766570621,
        "Forward": 0.5250926209820641,
        "Backward": 1.1974171715788544
    },
    "low_confidence": 0.7197265625
}