{
    "loss": 1.019609875811471,
    "accuracy": 61.54649947753396,
    "precision": 0.6109176325763656,
    "recall": 0.6154649947753396,
    "f1": 0.6001374394204282,
    "class_loss": {
        "Down": 1.2129910070645182,
        "Up": 1.5476734048376481,
        "Right": 1.9898063311210046,
        "Left": 2.526306368983709,
        "Forward": 0.6508675124496222,
        "Backward": 0.0
    },
    "low_confidence": 0.65576171875
}