{
    "loss": 0.5607403026686775,
    "accuracy": 77.32497387669801,
    "precision": 0.7692796300669033,
    "recall": 0.7732497387669801,
    "f1": 0.76849504600127,
    "class_loss": {
        "Down": 0.36562885526153777,
        "Up": 0.6675977538029353,
        "Right": 0.846041006843249,
        "Left": 1.0351724750465816,
        "Forward": 0.386471833454238,
        "Backward": 1.0324856570921839
    },
    "low_confidence": 0.76611328125
}