{
    "loss": 1.1428969254096348,
    "accuracy": 58.37687216997562,
    "precision": 0.5842587471078996,
    "recall": 0.5837687216997561,
    "f1": 0.5594178841345044,
    "class_loss": {
        "Down": 1.4877124820884906,
        "Up": 1.840672420958678,
        "Right": 2.294326750131754,
        "Left": 3.5699481471226764,
        "Forward": 0.5421363900363859,
        "Backward": 0.0
    },
    "low_confidence": 0.72607421875
}