{
    "loss": 1.152956336736679,
    "accuracy": 56.20985010706638,
    "precision": 0.5396283462715669,
    "recall": 0.5620985010706638,
    "f1": 0.5299118050506572,
    "class_loss": {
        "Down": 0.8564731627702713,
        "Up": 2.1274945735931396,
        "Right": 1.3120936155319214,
        "Left": 1.2578908205032349,
        "Forward": 0.9251439273357391,
        "Backward": 2.353495240211487
    },
    "low_confidence": 0.486328125
}