{
    "loss": 1.6262824535369873,
    "accuracy": 60.599571734475376,
    "precision": 0.3672308094401827,
    "recall": 0.6059957173447538,
    "f1": 0.4573247680228409,
    "class_loss": {
        "Down": 0.0,
        "Up": 0.0,
        "Right": 0.34719353169202805,
        "Left": 3.9889516830444336,
        "Forward": 2.8082321882247925,
        "Backward": 0.0
    },
    "low_confidence": 0.70751953125
}