{
    "loss": 0.5376934085203253,
    "accuracy": 79.1637630662021,
    "precision": 0.7906552376768458,
    "recall": 0.7916376306620209,
    "f1": 0.7907172405659321,
    "class_loss": {
        "Down": 0.333809583083443,
        "Up": 0.5350653898456822,
        "Right": 0.9049499410650005,
        "Left": 0.7467476686705714,
        "Forward": 0.4654016442920851,
        "Backward": 0.20915898080565967
    },
    "low_confidence": 0.76416015625
}