{
    "loss": 1.1239766206430353,
    "accuracy": 62.29965156794425,
    "precision": 0.6642906178801303,
    "recall": 0.6229965156794425,
    "f1": 0.634924054045161,
    "class_loss": {
        "Down": 0.8637770083215501,
        "Up": 1.7302975937724114,
        "Right": 1.707971195379893,
        "Left": 3.461989796410004,
        "Forward": 0.8603411320111026,
        "Backward": 0.0
    },
    "low_confidence": 0.71630859375
}