{
    "loss": 0.6589031457901001,
    "accuracy": 73.9463601532567,
    "precision": 0.7372577009302465,
    "recall": 0.7394636015325671,
    "f1": 0.7306144435744285,
    "class_loss": {
        "Down": 0.5836468908521865,
        "Up": 0.6992167989412944,
        "Right": 1.2809728741645814,
        "Left": 0.8585464341772927,
        "Forward": 0.43778906332121953,
        "Backward": 1.2459831510306052
    },
    "low_confidence": 0.71875
}