{
    "loss": 0.9843736976385117,
    "accuracy": 63.984674329501914,
    "precision": 0.6310438311494256,
    "recall": 0.6398467432950191,
    "f1": 0.625739186581228,
    "class_loss": {
        "Down": 0.8455485191784406,
        "Up": 1.408509800831477,
        "Right": 2.576066168454977,
        "Left": 2.7490599109576297,
        "Forward": 0.6825354637164208,
        "Backward": 0.0
    },
    "low_confidence": 0.677734375
}