{
    "loss": 0.362062421247915,
    "accuracy": 86.64706736353078,
    "precision": 0.8666889162557203,
    "recall": 0.8664706736353078,
    "f1": 0.8626095428112807,
    "class_loss": {
        "Down": 0.211015194999399,
        "Up": 0.21111981325817328,
        "Right": 0.3520682634854758,
        "Left": 0.2624199277617865,
        "Forward": 0.8372937242190043,
        "Backward": 0.11400911462691578
    },
    "low_confidence": 0.83740234375
}