{
    "loss": 2.2164884697531644,
    "accuracy": 45.31431475029036,
    "precision": 0.5301048777092591,
    "recall": 0.4531431475029036,
    "f1": 0.467790639001167,
    "class_loss": {
        "Down": 3.3943284505141387,
        "Up": 1.5061722600871854,
        "Right": 1.7129951522996028,
        "Left": 3.3182115483505186,
        "Forward": 1.6519077125816577,
        "Backward": 0.0
    },
    "low_confidence": 0.8017578125
}