{
    "loss": 0.6463280419508616,
    "accuracy": 75.33960292580983,
    "precision": 0.74894363218535,
    "recall": 0.7533960292580982,
    "f1": 0.7470498340334216,
    "class_loss": {
        "Down": 0.5025837272405624,
        "Up": 0.5970472296079,
        "Right": 1.2453034222126007,
        "Left": 0.98097691933314,
        "Forward": 0.4853021129965782,
        "Backward": 0.8830654596288999
    },
    "low_confidence": 0.7119140625
}