{
    "loss": 1.2782947172721226,
    "accuracy": 56.739811912225704,
    "precision": 0.5640668468454068,
    "recall": 0.567398119122257,
    "f1": 0.5459255752229937,
    "class_loss": {
        "Down": 1.511582458561117,
        "Up": 1.0740262920206243,
        "Right": 2.428345197981054,
        "Left": 1.4790800213813782,
        "Forward": 0.7224596217274666,
        "Backward": 7.905275185902913
    },
    "low_confidence": 0.6875
}