{
    "loss": 0.020471802242186473,
    "accuracy": 99.4592044134727,
    "precision": 0.994614507013771,
    "recall": 0.994592044134727,
    "f1": 0.9945750905046664,
    "class_loss": {
        "Down": 0.01121668152013121,
        "Up": 0.016798701607277273,
        "Right": 0.011312899255211017,
        "Left": 0.001725340622215299,
        "Forward": 0.06678927349383701,
        "Backward": 0.0004555932522531618
    },
    "low_confidence": 0.98583984375
}