{
    "loss": 5.6294959092130705,
    "accuracy": 43.51952671312427,
    "precision": 0.5557055748177495,
    "recall": 0.43519526713124274,
    "f1": 0.42713316392552697,
    "class_loss": {
        "Down": 4.4588818779038295,
        "Up": 5.546230884597171,
        "Right": 8.281450833582861,
        "Left": 9.698031175468333,
        "Forward": 1.596861531317615,
        "Backward": 0.0
    },
    "low_confidence": 0.92236328125
}