{
    "loss": 0.5281288325786591,
    "accuracy": 78.57889237199582,
    "precision": 0.7932646898744021,
    "recall": 0.7857889237199582,
    "f1": 0.7840235723632403,
    "class_loss": {
        "Down": 0.44966066661808224,
        "Up": 0.6978989756769605,
        "Right": 0.6838736444711685,
        "Left": 1.0103717274136013,
        "Forward": 0.33721103303962285,
        "Backward": 0.9191065438031016
    },
    "low_confidence": 0.78369140625
}