{
    "loss": 1.283448009689649,
    "accuracy": 60.74538488331592,
    "precision": 0.635427247072564,
    "recall": 0.6074538488331592,
    "f1": 0.5861956676750912,
    "class_loss": {
        "Down": 1.1551157596864199,
        "Up": 2.5065315080185733,
        "Right": 3.11599272948045,
        "Left": 4.595521819133025,
        "Forward": 0.494117618359289,
        "Backward": 0.0
    },
    "low_confidence": 0.7666015625
}