{
    "loss": 0.6679209431012472,
    "accuracy": 72.44862417276211,
    "precision": 0.7266534251010078,
    "recall": 0.724486241727621,
    "f1": 0.7205012904052608,
    "class_loss": {
        "Down": 0.5187505523363749,
        "Up": 0.6941955248514812,
        "Right": 0.9460867126782735,
        "Left": 1.2056599835554758,
        "Forward": 0.4865298244688246,
        "Backward": 1.2495662384545025
    },
    "low_confidence": 0.71240234375
}