{
    "loss": 0.9643770396709442,
    "accuracy": 62.83524904214559,
    "precision": 0.624172252597344,
    "recall": 0.6283524904214559,
    "f1": 0.616902347047593,
    "class_loss": {
        "Down": 1.05030893338354,
        "Up": 1.2230264364431302,
        "Right": 1.8412592594440167,
        "Left": 2.8300694066744585,
        "Forward": 0.7361255996964045,
        "Backward": 0.0
    },
    "low_confidence": 0.66943359375
}