{
    "loss": 0.5942009611538163,
    "accuracy": 77.63864692218351,
    "precision": 0.7748716585464351,
    "recall": 0.7763864692218351,
    "f1": 0.770843794747383,
    "class_loss": {
        "Down": 0.3182596905087983,
        "Up": 0.38676869710562406,
        "Right": 0.6661379440791078,
        "Left": 0.5599491018112059,
        "Forward": 1.1245992950819157,
        "Backward": 0.15834680401840834
    },
    "low_confidence": 0.7509765625
}