{
    "loss": 1.4014175482335742,
    "accuracy": 52.31380662020906,
    "precision": 0.56508846003766,
    "recall": 0.5231380662020906,
    "f1": 0.5392845806087594,
    "class_loss": {
        "Down": 1.3531485797054525,
        "Up": 0.897861768502787,
        "Right": 1.6712328957186804,
        "Left": 2.2761058501782827,
        "Forward": 1.7128853478258657,
        "Backward": 0.0
    },
    "low_confidence": 0.70751953125
}