{
    "loss": 1.0915616750717163,
    "accuracy": 51.724137931034484,
    "precision": 0.5607593058212346,
    "recall": 0.5172413793103449,
    "f1": 0.5266393638916822,
    "class_loss": {
        "Down": 1.1823619100782605,
        "Up": 1.1214521845181784,
        "Right": 1.5671395692560408,
        "Left": 1.1765061438083648,
        "Forward": 0.8468077566888598,
        "Backward": 2.8707237898700195
    },
    "low_confidence": 0.74853515625
}