{
    "loss": 2.866373842292362,
    "accuracy": 31.800766283524904,
    "precision": 0.4470049420149919,
    "recall": 0.31800766283524906,
    "f1": 0.32297270309139703,
    "class_loss": {
        "Down": 4.584540756125199,
        "Up": 4.057694671209902,
        "Right": 2.7093938915506723,
        "Left": 4.513220469968823,
        "Forward": 1.749656915685369,
        "Backward": 0.0
    },
    "low_confidence": 0.85986328125
}