{
    "loss": 0.6110657329360644,
    "accuracy": 77.04885307781649,
    "precision": 0.7680388236589022,
    "recall": 0.7704885307781649,
    "f1": 0.7657232901841469,
    "class_loss": {
        "Down": 0.3520384266006726,
        "Up": 0.48533078869459806,
        "Right": 0.6231179309112055,
        "Left": 0.5823185047893612,
        "Forward": 1.101676748306663,
        "Backward": 0.19358830753265432
    },
    "low_confidence": 0.73486328125
}