{
    "loss": 1.395303907028089,
    "accuracy": 52.40635888501742,
    "precision": 0.574301058774732,
    "recall": 0.5240635888501742,
    "f1": 0.5420943358553088,
    "class_loss": {
        "Down": 1.4178411186389301,
        "Up": 1.0096538112195859,
        "Right": 1.4495469054414167,
        "Left": 2.2071955637075007,
        "Forward": 1.6086870274476466,
        "Backward": 0.0
    },
    "low_confidence": 0.697265625
}