{
    "loss": 0.7596511344114939,
    "accuracy": 70.5677464298154,
    "precision": 0.6973684726807612,
    "recall": 0.7056774642981539,
    "f1": 0.6911131386921296,
    "class_loss": {
        "Down": 0.5324761420488358,
        "Up": 0.7625904604792595,
        "Right": 1.4289057950178783,
        "Left": 1.3367222001155217,
        "Forward": 0.5354427893956503,
        "Backward": 0.9733139514923096
    },
    "low_confidence": 0.6630859375
}