{
    "loss": 1.0680362631877263,
    "accuracy": 62.69592476489028,
    "precision": 0.6101153275758032,
    "recall": 0.6269592476489029,
    "f1": 0.6134322026498461,
    "class_loss": {
        "Down": 0.5963651482015848,
        "Up": 1.1012876741588116,
        "Right": 1.8760352432727814,
        "Left": 2.0589195092519126,
        "Forward": 0.706961472829183,
        "Backward": 5.907525330781937
    },
    "low_confidence": 0.6572265625
}