{
    "loss": NaN,
    "accuracy": 71.93670150987224,
    "precision": 0.7202804723542371,
    "recall": 0.7193670150987224,
    "f1": 0.7175388136562634,
    "class_loss": {
        "Down": 0.4486351875754876,
        "Up": 0.41857945480309294,
        "Right": 0.8006121522804309,
        "Left": NaN,
        "Forward": 1.176083399374449,
        "Backward": 0.20486593226185762
    },
    "low_confidence": NaN
}