{
    "loss": 2.5541111080389163,
    "accuracy": 34.86316782810685,
    "precision": 0.5028782116797496,
    "recall": 0.3486316782810685,
    "f1": 0.3550589059593675,
    "class_loss": {
        "Down": 3.2553513568652943,
        "Up": 2.0617729733329635,
        "Right": 2.2174118545032493,
        "Left": 3.5971438879567073,
        "Forward": 1.787910850295969,
        "Backward": 0.0
    },
    "low_confidence": 0.7841796875
}