{
    "loss": 1.436140489578247,
    "accuracy": 46.22082897944967,
    "precision": 0.5170027877975776,
    "recall": 0.4622082897944967,
    "f1": 0.4760006431319365,
    "class_loss": {
        "Down": 1.6046466112136841,
        "Up": 1.734074166085985,
        "Right": 1.8583164188596937,
        "Left": 1.2437923206223382,
        "Forward": 1.1978850934240552,
        "Backward": 2.7762941240587016
    },
    "low_confidence": 0.66796875
}