{
    "loss": 1.8195429146289825,
    "accuracy": 35.10971786833856,
    "precision": 0.44348165346538254,
    "recall": 0.3510971786833856,
    "f1": 0.35595646769732375,
    "class_loss": {
        "Down": 2.3789924947839034,
        "Up": 2.3155694846063852,
        "Right": 1.8315845704995668,
        "Left": 2.5848788768053055,
        "Forward": 1.4630344710416263,
        "Backward": 0.0
    },
    "low_confidence": 0.70654296875
}