{
    "loss": 0.8008800069491069,
    "accuracy": 67.92058516196447,
    "precision": 0.6710868776874442,
    "recall": 0.6792058516196448,
    "f1": 0.6735901051791302,
    "class_loss": {
        "Down": 0.7287393987178803,
        "Up": 0.9402363419532775,
        "Right": 1.2104645914501615,
        "Left": 1.168274101946089,
        "Forward": 0.5690983447763655,
        "Backward": 1.4433962997535001
    },
    "low_confidence": 0.658203125
}