{
    "loss": 0.9622477180427975,
    "accuracy": 61.12852664576803,
    "precision": 0.5945227379203305,
    "recall": 0.6112852664576802,
    "f1": 0.5995371017294135,
    "class_loss": {
        "Down": 1.0906078964471817,
        "Up": 0.9486138777186474,
        "Right": 2.298800926942092,
        "Left": 1.970604196190834,
        "Forward": 0.865390459034178,
        "Backward": 0.0
    },
    "low_confidence": 0.60009765625
}