{
    "loss": 0.5300507353411781,
    "accuracy": 78.26541274817137,
    "precision": 0.7828133110190048,
    "recall": 0.7826541274817137,
    "f1": 0.7762450618753325,
    "class_loss": {
        "Down": 0.397150218900707,
        "Up": 0.5480478283431794,
        "Right": 0.938444718056255,
        "Left": 1.041262032588323,
        "Forward": 0.32301084167427485,
        "Backward": 1.1304659047815948
    },
    "low_confidence": 0.779296875
}