{
    "loss": 1.1380735884110134,
    "accuracy": 59.17798676419366,
    "precision": 0.5942743421468019,
    "recall": 0.5917798676419366,
    "f1": 0.5604876700542305,
    "class_loss": {
        "Down": 1.4946387974839461,
        "Up": 1.7482898688564699,
        "Right": 2.4826014821345987,
        "Left": 3.668356636395821,
        "Forward": 0.5190899224861318,
        "Backward": 0.0
    },
    "low_confidence": 0.7490234375
}