{
    "loss": 0.3996580375565423,
    "accuracy": 85.51103368176538,
    "precision": 0.8530872813772049,
    "recall": 0.8551103368176539,
    "f1": 0.8520026118133354,
    "class_loss": {
        "Down": 0.219244628696254,
        "Up": 0.27955341118353383,
        "Right": 0.4021714623603556,
        "Left": 0.34239929252200657,
        "Forward": 0.8106708478320528,
        "Backward": 0.18288827333081928
    },
    "low_confidence": 0.8125
}