{
    "loss": 1.6498300331252351,
    "accuracy": 50.86563588850174,
    "precision": 0.5625736832830861,
    "recall": 0.5086563588850174,
    "f1": 0.5268090027740685,
    "class_loss": {
        "Down": 1.8857529816096243,
        "Up": 1.2800675843819886,
        "Right": 1.8560226145717833,
        "Left": 2.7385878859786317,
        "Forward": 1.3869482398093227,
        "Backward": 0.0
    },
    "low_confidence": 0.74609375
}