{
    "loss": 0.06035905460723572,
    "accuracy": 98.34131823461092,
    "precision": 0.9837489799182463,
    "recall": 0.9834131823461092,
    "f1": 0.9832779392233542,
    "class_loss": {
        "Down": 0.03276571684896394,
        "Up": 0.042229876284384064,
        "Right": 0.023414059740456718,
        "Left": 0.04317592481944572,
        "Forward": 0.17656670036484245,
        "Backward": 0.0018037766161695698
    },
    "low_confidence": 0.96337890625
}