{
    "loss": 3.898003570458025,
    "accuracy": 44.66100464576074,
    "precision": 0.566864106070298,
    "recall": 0.44661004645760743,
    "f1": 0.43981901296480647,
    "class_loss": {
        "Down": 3.030762979812416,
        "Up": 3.9322001993842424,
        "Right": 5.031183421043782,
        "Left": 7.547150824605991,
        "Forward": 1.1340126011564924,
        "Backward": 0.0
    },
    "low_confidence": 0.8935546875
}