{
    "loss": 1.0137357711791992,
    "accuracy": 67.24137931034483,
    "precision": 0.5876267748478701,
    "recall": 0.6724137931034483,
    "f1": 0.6261083743842364,
    "class_loss": {
        "Down": 0.7951011657714844,
        "Up": 2.2176215648651123,
        "Right": 1.0751583576202393,
        "Left": 0.3710814118385315,
        "Forward": 0.9231148958206177,
        "Backward": 1.5545570850372314
    },
    "low_confidence": 0.489501953125
}