{
    "loss": 1.5781543254852295,
    "accuracy": 60.3448275862069,
    "precision": 0.36414982164090365,
    "recall": 0.603448275862069,
    "f1": 0.45420837968112715,
    "class_loss": {
        "Down": 0.0,
        "Up": 0.0,
        "Right": 0.39789730310440063,
        "Left": 3.424345016479492,
        "Forward": 3.280172109603882,
        "Backward": 0.0
    },
    "low_confidence": 0.66064453125
}