{
    "loss": 0.5476878954304589,
    "accuracy": 78.23058167885755,
    "precision": 0.7894614924788318,
    "recall": 0.7823058167885754,
    "f1": 0.7725590168208681,
    "class_loss": {
        "Down": 0.3910772931244638,
        "Up": 0.5177459647258122,
        "Right": 1.2323904309007856,
        "Left": 0.9920743227832847,
        "Forward": 0.30585970746146307,
        "Backward": 1.19005674756456
    },
    "low_confidence": 0.77685546875
}