{
    "loss": 1.1620140896903144,
    "accuracy": 59.24764890282132,
    "precision": 0.5884224091387521,
    "recall": 0.5924764890282131,
    "f1": 0.5584146902815625,
    "class_loss": {
        "Down": 1.224281210648386,
        "Up": 1.6631832358737786,
        "Right": 3.6425927785726695,
        "Left": 3.9800308553072123,
        "Forward": 0.4996280686321875,
        "Backward": 0.0
    },
    "low_confidence": 0.75146484375
}