{
    "loss": 0.6319212292631468,
    "accuracy": 74.22500870776733,
    "precision": 0.7392318998225711,
    "recall": 0.7422500870776733,
    "f1": 0.7328424154732994,
    "class_loss": {
        "Down": 0.3972046996156375,
        "Up": 0.5273529042800268,
        "Right": 1.2047382096449535,
        "Left": 1.131840467453003,
        "Forward": 0.4864363918701808,
        "Backward": 0.47540409564971925
    },
    "low_confidence": 0.7138671875
}