{
    "loss": 1.1083551744620006,
    "accuracy": 61.23301985370951,
    "precision": 0.5938579806281902,
    "recall": 0.6123301985370951,
    "f1": 0.5973342916797704,
    "class_loss": {
        "Down": 0.6388030042871833,
        "Up": 1.1652242112904787,
        "Right": 1.9872928659121196,
        "Left": 2.2092009782791138,
        "Forward": 0.6775869888563951,
        "Backward": 6.985585480928421
    },
    "low_confidence": 0.70751953125
}