{
    "loss": 0.7935153990983963,
    "accuracy": 69.83629397422501,
    "precision": 0.6896429135221133,
    "recall": 0.69836293974225,
    "f1": 0.6879438662564163,
    "class_loss": {
        "Down": 0.5537236928939819,
        "Up": 0.9071503356099129,
        "Right": 1.3093949755032857,
        "Left": 1.3823946962753932,
        "Forward": 0.5719997535149256,
        "Backward": 1.3018002331256866
    },
    "low_confidence": 0.64306640625
}