{
    "loss": 1.0855879882971446,
    "accuracy": 62.83524904214559,
    "precision": 0.6173531323751991,
    "recall": 0.6283524904214559,
    "f1": 0.6147913173397909,
    "class_loss": {
        "Down": 0.5944209625678403,
        "Up": 1.171462882310152,
        "Right": 1.7228743235270183,
        "Left": 2.038042942682902,
        "Forward": 0.7464454099535942,
        "Backward": 5.859544634819031
    },
    "low_confidence": 0.64111328125
}