{
    "loss": 0.8118447589653509,
    "accuracy": 65.59233449477352,
    "precision": 0.6933202326230399,
    "recall": 0.6559233449477352,
    "f1": 0.6582592524987089,
    "class_loss": {
        "Down": 0.6306396201252937,
        "Up": 1.0128690881861582,
        "Right": 1.023375907153995,
        "Left": 0.5696980519979088,
        "Forward": 0.7271662800124398,
        "Backward": 1.1563790109422472
    },
    "low_confidence": 0.66845703125
}