{
    "loss": 1.5673826467590752,
    "accuracy": 45.72263356562137,
    "precision": 0.5709868566608748,
    "recall": 0.4572263356562137,
    "f1": 0.4794080507164509,
    "class_loss": {
        "Down": 1.8944031653412874,
        "Up": 1.640639735632632,
        "Right": 1.6675742636952136,
        "Left": 2.0177468304755166,
        "Forward": 1.0096191302422555,
        "Backward": 0.0
    },
    "low_confidence": 0.666015625
}