{
    "loss": 0.5084554493427277,
    "accuracy": 79.97213514454894,
    "precision": 0.7976367786578691,
    "recall": 0.7997213514454894,
    "f1": 0.795011928272228,
    "class_loss": {
        "Down": 0.3085089142123858,
        "Up": 0.4786311811870999,
        "Right": 1.0092276490396923,
        "Left": 0.7902685195207596,
        "Forward": 0.375063799156083,
        "Backward": 0.9752005711011589
    },
    "low_confidence": 0.787109375
}