{
    "loss": 1.1050886081324682,
    "accuracy": 60.81504702194357,
    "precision": 0.6024012894841612,
    "recall": 0.6081504702194357,
    "f1": 0.5826682951370749,
    "class_loss": {
        "Down": 1.4497673150740171,
        "Up": 1.5926387483874958,
        "Right": 2.7058116426834693,
        "Left": 3.402505186887888,
        "Forward": 0.5731483932765614,
        "Backward": 0.0
    },
    "low_confidence": 0.73681640625
}