{
    "loss": 0.39858584023184246,
    "accuracy": 85.31867015098723,
    "precision": 0.8518170063417131,
    "recall": 0.8531867015098722,
    "f1": 0.8493003303971547,
    "class_loss": {
        "Down": 0.14950356221999284,
        "Up": 0.37147357011282883,
        "Right": 0.426527116999582,
        "Left": 0.2537371559344508,
        "Forward": 0.8751620534393523,
        "Backward": 0.10965807633248106
    },
    "low_confidence": 0.83642578125
}