{
    "loss": 2.5831189043803735,
    "accuracy": 56.934160859465734,
    "precision": 0.5460009875953373,
    "recall": 0.5693416085946573,
    "f1": 0.5512855318151769,
    "class_loss": {
        "Down": 1.0837990478426218,
        "Up": 1.6458646072464627,
        "Right": 1.4608506692073695,
        "Left": 1.434951252340667,
        "Forward": 1.5048004550908152,
        "Backward": 19.437406169043648
    },
    "low_confidence": 0.791015625
}