{
    "loss": 0.4842809153639752,
    "accuracy": 81.53310104529616,
    "precision": 0.8150692714839819,
    "recall": 0.8153310104529616,
    "f1": 0.8142155428970569,
    "class_loss": {
        "Down": 0.4115443080663681,
        "Up": 0.4716011046067528,
        "Right": 0.9795751882636029,
        "Left": 0.5843727530344672,
        "Forward": 0.36423753720262775,
        "Backward": 0.2156632133977837
    },
    "low_confidence": 0.79296875
}