{
    "loss": 1.2772648658441461,
    "accuracy": 62.926829268292686,
    "precision": 0.6403389819969709,
    "recall": 0.6292682926829268,
    "f1": 0.6190059187102162,
    "class_loss": {
        "Down": 1.3306488427850935,
        "Up": 2.311224004129569,
        "Right": 2.236243357261022,
        "Left": 4.263923517117898,
        "Forward": 0.5479380507831988,
        "Backward": 0.0
    },
    "low_confidence": 0.76171875
}