{
    "loss": 0.658539526992374,
    "accuracy": 72.97109021246952,
    "precision": 0.7271330288009393,
    "recall": 0.7297109021246952,
    "f1": 0.7210648050868177,
    "class_loss": {
        "Down": 0.3112914032406277,
        "Up": 0.6488649076885648,
        "Right": 1.3738886541790432,
        "Left": 0.8132821374469333,
        "Forward": 0.5300994012090895,
        "Backward": 1.3655918666323565
    },
    "low_confidence": 0.7353515625
}