{
    "loss": 0.9540150158935123,
    "accuracy": 62.62626262626262,
    "precision": 0.620231365597056,
    "recall": 0.6262626262626263,
    "f1": 0.6167914047662583,
    "class_loss": {
        "Down": 0.8408037573099136,
        "Up": 1.277370097891738,
        "Right": 2.285178670516381,
        "Left": 2.5836883276127853,
        "Forward": 0.7770468707299895,
        "Backward": 0.0
    },
    "low_confidence": 0.68408203125
}