Epoch,Training Loss,Training Accuracy,Training Precision,Training Recall,Training F1,Random Val Loss,Random Val Accuracy,Random Val Precision,Random Val Recall,Random Val F1,Sequence Val Loss,Sequence Val Accuracy,Sequence Val Precision,Sequence Val Recall,Sequence Val F1
1,1.308889720034092,53.643048128342244,0.5453997607229467,0.5364304812834224,0.5294955530452468,0.7955131431420644,71.08433734939759,0.7142403003988587,0.7108433734939759,0.7097426086076745,2.6820910026629767,22.89156626506024,0.05240238060676441,0.2289156626506024,0.08528230569336168
