{
    "loss": 0.43061949754202805,
    "accuracy": 83.33696283391406,
    "precision": 0.8331089391652863,
    "recall": 0.8333696283391405,
    "f1": 0.8293083095255384,
    "class_loss": {
        "Down": 0.35745823479912897,
        "Up": 0.28529175453715855,
        "Right": 0.40472952959438163,
        "Left": 0.2732598102065148,
        "Forward": 0.9060954090069842,
        "Backward": 0.10436544777109737
    },
    "low_confidence": 0.81640625
}