{
    "loss": 2.60651391223709,
    "accuracy": 39.153237514518004,
    "precision": 0.4754191545789193,
    "recall": 0.39153237514518,
    "f1": 0.40349104911439465,
    "class_loss": {
        "Down": 3.7391918506338326,
        "Up": 2.01426905851828,
        "Right": 1.9013597236609914,
        "Left": 3.468008850235492,
        "Forward": 2.067794761477759,
        "Backward": 0.0
    },
    "low_confidence": 0.84033203125
}