{
    "loss": 0.6722958912452062,
    "accuracy": 73.01732393140071,
    "precision": 0.7279909547103884,
    "recall": 0.7301732393140071,
    "f1": 0.7218109993712044,
    "class_loss": {
        "Down": 0.4314043580657906,
        "Up": 0.688006057507462,
        "Right": 1.1577915512853199,
        "Left": 1.2373541603485743,
        "Forward": 0.46541803396410414,
        "Backward": 1.1725649879081175
    },
    "low_confidence": 0.73046875
}