{
    "loss": 0.9836534097221576,
    "accuracy": 63.275877078436494,
    "precision": 0.6197012299338305,
    "recall": 0.6327587707843649,
    "f1": 0.6105172117795198,
    "class_loss": {
        "Down": 0.7769303208393655,
        "Up": 1.2318446025518435,
        "Right": 2.7077452594583686,
        "Left": 2.4029734667390583,
        "Forward": 0.7240538888731222,
        "Backward": 0.0
    },
    "low_confidence": 0.66455078125
}