{
    "loss": 0.6254645552900102,
    "accuracy": 77.12325783972125,
    "precision": 0.7678657010519132,
    "recall": 0.7712325783972126,
    "f1": 0.7618214573735764,
    "class_loss": {
        "Down": 0.33213947561604007,
        "Up": 0.47511229181179293,
        "Right": 0.6082162019555215,
        "Left": 0.4264812311502518,
        "Forward": 1.3655172172519896,
        "Backward": 0.2518009197794729
    },
    "low_confidence": 0.74560546875
}