{
    "loss": 1.4621611122511913,
    "accuracy": 50.08347851335656,
    "precision": 0.5478971670127526,
    "recall": 0.5008347851335656,
    "f1": 0.5152704858476195,
    "class_loss": {
        "Down": 1.2953053766024718,
        "Up": 1.1083639331038548,
        "Right": 1.2853057556268241,
        "Left": 2.2079612318775617,
        "Forward": 2.0100376722553084,
        "Backward": 0.0
    },
    "low_confidence": 0.71044921875
}