{
    "loss": 0.46158583738185743,
    "accuracy": 82.24085365853658,
    "precision": 0.8241543211359519,
    "recall": 0.8224085365853658,
    "f1": 0.8163791753052847,
    "class_loss": {
        "Down": 0.36855407190267686,
        "Up": 0.3598559168684814,
        "Right": 0.33258941100427397,
        "Left": 0.26181934977433197,
        "Forward": 1.0838783968377996,
        "Backward": 0.08156536434769267
    },
    "low_confidence": 0.82470703125
}