{
    "loss": 3.0683487450975613,
    "accuracy": 32.98490127758421,
    "precision": 0.440878785101684,
    "recall": 0.32984901277584205,
    "f1": 0.3302487339666038,
    "class_loss": {
        "Down": 4.04573292835899,
        "Up": 3.3687128916562323,
        "Right": 2.0069266823140626,
        "Left": 3.407705721212551,
        "Forward": 2.110761247980859,
        "Backward": 0.0
    },
    "low_confidence": 0.8212890625
}