{
    "loss": 0.5541289107943023,
    "accuracy": 78.23025551684088,
    "precision": 0.7860448477202084,
    "recall": 0.7823025551684089,
    "f1": 0.7793028015764515,
    "class_loss": {
        "Down": 0.3608538853349509,
        "Up": 0.48698102841498675,
        "Right": 0.395417041938614,
        "Left": 0.5642316922959354,
        "Forward": 1.0616368361645274,
        "Backward": 0.16338938862814015
    },
    "low_confidence": 0.7744140625
}