{
    "loss": 2.1864559806827284,
    "accuracy": 37.409262485481996,
    "precision": 0.4950094153258191,
    "recall": 0.37409262485482,
    "f1": 0.3851328444390592,
    "class_loss": {
        "Down": 2.5205814881601194,
        "Up": 2.173006896804794,
        "Right": 1.590001439955409,
        "Left": 3.2135930323856883,
        "Forward": 1.6948863283295426,
        "Backward": 0.0
    },
    "low_confidence": 0.763671875
}