{
    "loss": 1.203468222088284,
    "accuracy": 49.66910484151863,
    "precision": 0.5488829687117193,
    "recall": 0.49669104841518635,
    "f1": 0.5050710739689938,
    "class_loss": {
        "Down": 1.4320023669136894,
        "Up": 1.2831888609462314,
        "Right": 1.4517118334770203,
        "Left": 1.1414100925127666,
        "Forward": 1.0035396681891546,
        "Backward": 3.19983767290515
    },
    "low_confidence": 0.7080078125
}