{
    "loss": 2.204361481136746,
    "accuracy": 33.646812957157785,
    "precision": 0.48026268657864035,
    "recall": 0.33646812957157785,
    "f1": 0.34608178663883593,
    "class_loss": {
        "Down": 3.4080266325097335,
        "Up": 2.99603792373091,
        "Right": 2.1516689381275613,
        "Left": 3.4109237271432695,
        "Forward": 1.5063941333442927,
        "Backward": 0.0
    },
    "low_confidence": 0.7919921875
}