{
    "loss": 0.5861014891653803,
    "accuracy": 76.84015679442508,
    "precision": 0.7655904804759966,
    "recall": 0.7684015679442509,
    "f1": 0.7636482559470595,
    "class_loss": {
        "Down": 0.4940832951273791,
        "Up": 0.4109749769257613,
        "Right": 0.5041147092407035,
        "Left": 0.4458143128413149,
        "Forward": 1.1819418508139776,
        "Backward": 0.16359501846167818
    },
    "low_confidence": 0.78271484375
}