{
    "loss": 3.2926557480298637,
    "accuracy": 30.406141114982578,
    "precision": 0.4490183058447483,
    "recall": 0.30406141114982577,
    "f1": 0.2958191215769555,
    "class_loss": {
        "Down": 4.462699742905334,
        "Up": 3.440295652905991,
        "Right": 2.0103216819479712,
        "Left": 3.8198302544954883,
        "Forward": 1.996483049946407,
        "Backward": 0.0
    },
    "low_confidence": 0.830078125
}