{
    "loss": 0.9121728878882196,
    "accuracy": 65.66310975609755,
    "precision": 0.6555984165704896,
    "recall": 0.6566310975609756,
    "f1": 0.6498539943650505,
    "class_loss": {
        "Down": 0.6397923217327507,
        "Up": 0.804508919103278,
        "Right": 0.9493223873001558,
        "Left": 0.8399706662253097,
        "Forward": 1.396806647932088,
        "Backward": 0.5533075051175224
    },
    "low_confidence": 0.6083984375
}