{
    "loss": 1.253576689089338,
    "accuracy": 47.70797038327526,
    "precision": 0.5428951396563013,
    "recall": 0.4770797038327526,
    "f1": 0.49270737937352416,
    "class_loss": {
        "Down": 1.05516017217567,
        "Up": 1.1120169797396084,
        "Right": 1.2117638952202268,
        "Left": 1.3366698684403673,
        "Forward": 1.952625698379932,
        "Backward": 0.0
    },
    "low_confidence": 0.564453125
}