{
    "loss": 0.8131770044565201,
    "accuracy": 68.73661670235546,
    "precision": 0.7103688721382287,
    "recall": 0.6873661670235546,
    "f1": 0.688190405753819,
    "class_loss": {
        "Down": 0.6199438720941544,
        "Up": 1.34447380900383,
        "Right": 1.1230534315109253,
        "Left": 0.6298909932374954,
        "Forward": 0.653047114610672,
        "Backward": 1.408850908279419
    },
    "low_confidence": 0.59814453125
}