{
    "loss": 1.8856767117977142,
    "accuracy": 60.38543897216274,
    "precision": 0.36750708019617323,
    "recall": 0.6038543897216274,
    "f1": 0.45692725211556295,
    "class_loss": {
        "Down": 0.0,
        "Up": 0.0,
        "Right": 0.4734358787536621,
        "Left": 4.272878408432007,
        "Forward": 3.69768488407135,
        "Backward": 0.0
    },
    "low_confidence": 0.62353515625
}