{
    "loss": 0.5428488954253818,
    "accuracy": 77.97909407665506,
    "precision": 0.7774902022209118,
    "recall": 0.7797909407665505,
    "f1": 0.7741097756303319,
    "class_loss": {
        "Down": 0.3285915760890297,
        "Up": 0.688338595887889,
        "Right": 1.093344087186067,
        "Left": 0.7664327751035276,
        "Forward": 0.38139790814855823,
        "Backward": 0.10315340895031114
    },
    "low_confidence": 0.767578125
}