{
    "loss": 1.2111250991406648,
    "accuracy": 62.508710801393725,
    "precision": 0.641971993942433,
    "recall": 0.6250871080139373,
    "f1": 0.6181129641293664,
    "class_loss": {
        "Down": 0.8183555155992508,
        "Up": 2.2154919733603795,
        "Right": 2.6029661893844604,
        "Left": 3.6813928447663784,
        "Forward": 0.6211582213316275,
        "Backward": 0.0
    },
    "low_confidence": 0.7353515625
}