{
    "loss": 0.5774695623252127,
    "accuracy": 76.92609036301907,
    "precision": 0.7681184249317721,
    "recall": 0.7692609036301906,
    "f1": 0.7644462985268798,
    "class_loss": {
        "Down": 0.4999616853064961,
        "Up": 0.5729355020655527,
        "Right": 1.0024647855096394,
        "Left": 0.9164043593737814,
        "Forward": 0.39911009271939596,
        "Backward": 0.7945083496153792
    },
    "low_confidence": 0.74658203125
}