{
    "loss": 1.0517005132394843,
    "accuracy": 61.42378340733003,
    "precision": 0.6135801256696641,
    "recall": 0.6142378340733002,
    "f1": 0.5948455155603641,
    "class_loss": {
        "Down": 1.1744524414635038,
        "Up": 1.4207852170137423,
        "Right": 2.7711558910933407,
        "Left": 2.40062223225832,
        "Forward": 0.6181414906512134,
        "Backward": 0.0
    },
    "low_confidence": 0.68798828125
}