{
    "loss": 1.9253027439117432,
    "accuracy": 10.344827586206897,
    "precision": 0.03886056971514243,
    "recall": 0.10344827586206896,
    "f1": 0.05647819472616633,
    "class_loss": {
        "Down": 1.534220814704895,
        "Up": 2.4763472080230713,
        "Right": 1.7390419244766235,
        "Left": 1.327850341796875,
        "Forward": 2.3709352016448975,
        "Backward": 0.0
    },
    "low_confidence": 0.28173828125
}