{
    "loss": 2.1507890224456787,
    "accuracy": 0.0,
    "precision": 0.0,
    "recall": 0.0,
    "f1": 0.0,
    "class_loss": {
        "Down": 0.0,
        "Up": 0.0,
        "Right": 2.137368679046631,
        "Left": 1.5807490348815918,
        "Forward": 3.278327703475952,
        "Backward": 0.0
    },
    "low_confidence": 0.291748046875
}