{
    "loss": 0.5033013210804375,
    "accuracy": 81.33347851335657,
    "precision": 0.8136715314006407,
    "recall": 0.8133347851335656,
    "f1": 0.8066296763932251,
    "class_loss": {
        "Down": 0.20743222993419128,
        "Up": 0.5611278004944324,
        "Right": 0.442161043347032,
        "Left": 0.3100714712507195,
        "Forward": 1.089999473757214,
        "Backward": 0.147529251433702
    },
    "low_confidence": 0.7900390625
}