{
    "loss": 1.9553548362390656,
    "accuracy": 43.33260743321719,
    "precision": 0.5203714951359218,
    "recall": 0.4333260743321719,
    "f1": 0.4525415559655738,
    "class_loss": {
        "Down": 2.3402624625807116,
        "Up": 1.650591489511082,
        "Right": 1.7258230777095176,
        "Left": 2.689778354135342,
        "Forward": 1.8091411004443803,
        "Backward": 0.0
    },
    "low_confidence": 0.77880859375
}