{
    "loss": 0.8522280213032588,
    "accuracy": 65.80466027874564,
    "precision": 0.6648228810292872,
    "recall": 0.6580466027874564,
    "f1": 0.6590354687796,
    "class_loss": {
        "Down": 0.7539954365130501,
        "Up": 0.7469436897529542,
        "Right": 0.9303217146039424,
        "Left": 0.5886340849317878,
        "Forward": 1.3036954688658975,
        "Backward": 0.534954924274757
    },
    "low_confidence": 0.6962890625
}