{
    "loss": 1.8886530496116238,
    "accuracy": 37.22052845528455,
    "precision": 0.5080332060597048,
    "recall": 0.3722052845528455,
    "f1": 0.38481617305646665,
    "class_loss": {
        "Down": 1.9712789437807767,
        "Up": 1.860643430711913,
        "Right": 1.7174287225983182,
        "Left": 2.153970498785463,
        "Forward": 1.7474942340938202,
        "Backward": 0.0
    },
    "low_confidence": 0.7265625
}