{
    "loss": 0.06783653086879188,
    "accuracy": 98.09269744483159,
    "precision": 0.9811117187252354,
    "recall": 0.9809269744483159,
    "f1": 0.9807201742659626,
    "class_loss": {
        "Down": 0.02590452843664766,
        "Up": 0.05242408463231253,
        "Right": 0.04734344073329811,
        "Left": 0.03202031246662416,
        "Forward": 0.20032337739097852,
        "Backward": 0.0024737276535402256
    },
    "low_confidence": 0.95947265625
}