{
    "loss": 3.6790365079848724,
    "accuracy": 45.11106271777003,
    "precision": 0.567560868286308,
    "recall": 0.45111062717770034,
    "f1": 0.4440086558733671,
    "class_loss": {
        "Down": 2.6065357905056437,
        "Up": 3.818991337325424,
        "Right": 4.992289168430124,
        "Left": 6.791738442799731,
        "Forward": 1.1361943639198522,
        "Backward": 0.0
    },
    "low_confidence": 0.88720703125
}