{
    "loss": 0.722249080075158,
    "accuracy": 71.57784743991641,
    "precision": 0.7126180680700921,
    "recall": 0.7157784743991641,
    "f1": 0.7021350768216046,
    "class_loss": {
        "Down": 0.4312755452262031,
        "Up": 0.9203183737066057,
        "Right": 1.2717667586273618,
        "Left": 1.337540458308326,
        "Forward": 0.45172259476449755,
        "Backward": 1.3162154573947191
    },
    "low_confidence": 0.69970703125
}