{
    "loss": 0.9541873663663865,
    "accuracy": 63.53187042842215,
    "precision": 0.6289896236419785,
    "recall": 0.6353187042842215,
    "f1": 0.6143813799493795,
    "class_loss": {
        "Down": 0.8587831117604908,
        "Up": 1.3016335020462673,
        "Right": 2.034963296009944,
        "Left": 2.6942536383867264,
        "Forward": 0.7147475689235661,
        "Backward": 0.0
    },
    "low_confidence": 0.6328125
}