{
    "loss": 0.8387690669960446,
    "accuracy": 66.16174806302777,
    "precision": 0.6586775019304492,
    "recall": 0.6616174806302777,
    "f1": 0.6389146649231974,
    "class_loss": {
        "Down": 0.5270436866415872,
        "Up": 1.158937966823578,
        "Right": 1.5355633027023738,
        "Left": 1.3309559971094131,
        "Forward": 0.5174630418419838,
        "Backward": 1.631883274191564
    },
    "low_confidence": 0.654296875
}