{
    "loss": 1.028038933655868,
    "accuracy": 59.534691390267255,
    "precision": 0.5875746442714146,
    "recall": 0.5953469139026726,
    "f1": 0.5675907195611616,
    "class_loss": {
        "Down": 0.6784445640213531,
        "Up": 1.4792059255497796,
        "Right": 2.6799685629931362,
        "Left": 1.8421596441417933,
        "Forward": 0.8832928346557505,
        "Backward": 0.0
    },
    "low_confidence": 0.60205078125
}