{
    "loss": 0.4275254292620553,
    "accuracy": 83.84327816492451,
    "precision": 0.8380019239648209,
    "recall": 0.8384327816492451,
    "f1": 0.8348263270082026,
    "class_loss": {
        "Down": 0.20198979187342855,
        "Up": 0.19883887519783996,
        "Right": 0.7063061539773587,
        "Left": 0.3340305716351227,
        "Forward": 0.7926388620226471,
        "Backward": 0.1229829871121587
    },
    "low_confidence": 0.82373046875
}