{
    "loss": 2.670942672086649,
    "accuracy": 54.72560975609756,
    "precision": 0.5382790366118081,
    "recall": 0.5472560975609756,
    "f1": 0.5263786889799937,
    "class_loss": {
        "Down": 1.3071543945744635,
        "Up": 0.9843981721503443,
        "Right": 1.9896893416781252,
        "Left": 1.5324910952875614,
        "Forward": 1.2758625738563076,
        "Backward": 19.820052252875435
    },
    "low_confidence": 0.7802734375
}