{
    "loss": 0.9272174448878677,
    "accuracy": 64.81562137049941,
    "precision": 0.6468765332299818,
    "recall": 0.6481562137049942,
    "f1": 0.6396976502844042,
    "class_loss": {
        "Down": 0.5342027925782733,
        "Up": 0.7808195566413579,
        "Right": 1.0694014220326036,
        "Left": 0.8300427973822311,
        "Forward": 1.4639775234240073,
        "Backward": 0.6695894778326705
    },
    "low_confidence": 0.62158203125
}