{
    "loss": 1.2293095849799338,
    "accuracy": 53.73112659698025,
    "precision": 0.5813248820600957,
    "recall": 0.5373112659698026,
    "f1": 0.5436285308903575,
    "class_loss": {
        "Down": 0.939079442317935,
        "Up": 0.9823231446635292,
        "Right": 1.3914906581242878,
        "Left": 1.4658138358499855,
        "Forward": 1.9630365035226267,
        "Backward": 0.0
    },
    "low_confidence": 0.580078125
}