{
    "loss": 0.5107970014214516,
    "accuracy": 77.8372591006424,
    "precision": 0.791100196609189,
    "recall": 0.778372591006424,
    "f1": 0.7809452401842728,
    "class_loss": {
        "Down": 0.41142380237579346,
        "Up": 0.5337774828076363,
        "Right": 0.7927457243204117,
        "Left": 0.191757595166564,
        "Forward": 0.46810293197631836,
        "Backward": 0.7965855598449707
    },
    "low_confidence": 0.7529296875
}