{
    "loss": 2.443367838859558,
    "accuracy": 58.35117773019272,
    "precision": 0.37025523088889106,
    "recall": 0.5835117773019272,
    "f1": 0.4530420657789997,
    "class_loss": {
        "Down": 0.0,
        "Up": 0.0,
        "Right": 0.3015209920704365,
        "Left": 6.562207937240601,
        "Forward": 4.288272142410278,
        "Backward": 0.0
    },
    "low_confidence": 0.751953125
}