{
    "loss": 1.1021509170532227,
    "accuracy": 58.13305468477882,
    "precision": 0.5392397173964559,
    "recall": 0.5813305468477882,
    "f1": 0.5260250935737679,
    "class_loss": {
        "Down": 1.0560195744037628,
        "Up": 1.2825179696083069,
        "Right": 1.9159851769606273,
        "Left": 2.062204738457998,
        "Forward": 0.6333999087413152,
        "Backward": 3.9054497877756753
    },
    "low_confidence": 0.54248046875
}