{
    "loss": 1.4195776283740997,
    "accuracy": 46.98711250435388,
    "precision": 0.4547854177529579,
    "recall": 0.46987112504353884,
    "f1": 0.42701433075739953,
    "class_loss": {
        "Down": 1.5326132286678662,
        "Up": 1.2723406986756758,
        "Right": 2.0881137306039985,
        "Left": 2.0585376156700983,
        "Forward": 0.8761686384677887,
        "Backward": 6.4583414395650225
    },
    "low_confidence": 0.48828125
}