{
    "loss": 0.3834681906130003,
    "accuracy": 85.71428571428571,
    "precision": 0.8568788072737131,
    "recall": 0.8571428571428571,
    "f1": 0.8565538398436126,
    "class_loss": {
        "Down": 0.2815256854114325,
        "Up": 0.39262839293350343,
        "Right": 0.8777479671913645,
        "Left": 0.44480982422828674,
        "Forward": 0.2796994182078735,
        "Backward": 0.07135398988484667
    },
    "low_confidence": 0.83447265625
}