{
    "loss": 1.579986475084139,
    "accuracy": 60.278745644599304,
    "precision": 0.615205314844816,
    "recall": 0.6027874564459931,
    "f1": 0.5902596658859378,
    "class_loss": {
        "Down": 1.65412803987662,
        "Up": 3.0791132777929304,
        "Right": 2.3358264764149985,
        "Left": 5.245086728905638,
        "Forward": 0.5614133671573971,
        "Backward": 0.0
    },
    "low_confidence": 0.79345703125
}