{
    "loss": 0.5578910261392593,
    "accuracy": 79.12205567451821,
    "precision": 0.809623829861837,
    "recall": 0.791220556745182,
    "f1": 0.7949247530809282,
    "class_loss": {
        "Down": 0.4893471449613571,
        "Up": 0.6241106986999512,
        "Right": 0.7298591583967209,
        "Left": 0.271121546626091,
        "Forward": 0.534919299185276,
        "Backward": 1.0346466451883316
    },
    "low_confidence": 0.7216796875
}