{
    "loss": 2.347284257411957,
    "accuracy": 56.9593147751606,
    "precision": 0.38379728765167737,
    "recall": 0.569593147751606,
    "f1": 0.4585913536663001,
    "class_loss": {
        "Down": 0.0,
        "Up": 0.0,
        "Right": 0.40109972655773163,
        "Left": 6.0894458293914795,
        "Forward": 4.127573728561401,
        "Backward": 0.0
    },
    "low_confidence": 0.68505859375
}