{
    "loss": 0.647720992565155,
    "accuracy": 74.13793103448276,
    "precision": 0.7043228385807097,
    "recall": 0.7413793103448276,
    "f1": 0.7183087027914614,
    "class_loss": {
        "Down": 0.4396069645881653,
        "Up": 1.4665004014968872,
        "Right": 0.844605565071106,
        "Left": 0.12636207044124603,
        "Forward": 0.4856555759906769,
        "Backward": 1.2869467735290527
    },
    "low_confidence": 0.69140625
}