{
    "loss": 1.839815616607666,
    "accuracy": 60.3448275862069,
    "precision": 0.36414982164090365,
    "recall": 0.603448275862069,
    "f1": 0.45420837968112715,
    "class_loss": {
        "Down": 0.0,
        "Up": 0.0,
        "Right": 0.17161135375499725,
        "Left": 4.592044353485107,
        "Forward": 3.977781057357788,
        "Backward": 0.0
    },
    "low_confidence": 0.822265625
}