{
    "loss": 1.2575823068618774,
    "accuracy": 51.724137931034484,
    "precision": 0.4062492035578663,
    "recall": 0.5172413793103449,
    "f1": 0.4236042692939244,
    "class_loss": {
        "Down": 1.519931435585022,
        "Up": 2.5102109909057617,
        "Right": 1.3847334384918213,
        "Left": 0.9435840845108032,
        "Forward": 0.8228676319122314,
        "Backward": 1.1964701414108276
    },
    "low_confidence": 0.415283203125
}