{
    "loss": 1.4692378044128418,
    "accuracy": 60.3448275862069,
    "precision": 0.36414982164090365,
    "recall": 0.603448275862069,
    "f1": 0.45420837968112715,
    "class_loss": {
        "Down": 0.0,
        "Up": 0.0,
        "Right": 0.4760187864303589,
        "Left": 3.425180196762085,
        "Forward": 2.1471786499023438,
        "Backward": 0.0
    },
    "low_confidence": 0.61328125
}