{
    "loss": 0.33768439244616916,
    "accuracy": 88.01538908246225,
    "precision": 0.879324932859482,
    "recall": 0.8801538908246226,
    "f1": 0.8770099738032047,
    "class_loss": {
        "Down": 0.1431849812226439,
        "Up": 0.27280453013049233,
        "Right": 0.32154635588328045,
        "Left": 0.2200546876216928,
        "Forward": 0.7956215673712669,
        "Backward": 0.1155578895995859
    },
    "low_confidence": 0.84765625
}