{
    "loss": 2.099704585619663,
    "accuracy": 47.45209059233449,
    "precision": 0.5511561037537317,
    "recall": 0.47452090592334495,
    "f1": 0.49571745416385954,
    "class_loss": {
        "Down": 2.632286514621228,
        "Up": 1.6749138027213581,
        "Right": 1.7847485794789262,
        "Left": 3.3989135023148265,
        "Forward": 1.7543824043335212,
        "Backward": 0.0
    },
    "low_confidence": 0.7978515625
}