{
    "loss": 1.1675458153088887,
    "accuracy": 56.21734587251829,
    "precision": 0.5350962098998578,
    "recall": 0.5621734587251829,
    "f1": 0.5233190648051073,
    "class_loss": {
        "Down": 1.0121630827585857,
        "Up": 1.4539187749226887,
        "Right": 1.8704346219698589,
        "Left": 1.8393695950508118,
        "Forward": 0.7497410227855047,
        "Backward": 4.392201375961304
    },
    "low_confidence": 0.51318359375
}