{
    "loss": 1.3351371983687084,
    "accuracy": 52.45559038662487,
    "precision": 0.4377476448310229,
    "recall": 0.5245559038662487,
    "f1": 0.4655121917605705,
    "class_loss": {
        "Down": 0.8708542670522418,
        "Up": 1.5340872555971146,
        "Right": 2.020142674446106,
        "Left": 1.908431629339854,
        "Forward": 0.9722479606668154,
        "Backward": 5.443906545639038
    },
    "low_confidence": 0.5126953125
}