{
    "loss": 0.7060226056310865,
    "accuracy": 71.68234064785788,
    "precision": 0.7137376149648988,
    "recall": 0.7168234064785789,
    "f1": 0.7089527026211266,
    "class_loss": {
        "Down": 0.621816916598214,
        "Up": 0.9400269813007779,
        "Right": 1.1933100832833183,
        "Left": 0.984054015411271,
        "Forward": 0.44243930180867513,
        "Backward": 1.4527510906286214
    },
    "low_confidence": 0.6923828125
}