{
    "loss": 0.9511128157377243,
    "accuracy": 63.25322187391153,
    "precision": 0.6258308680478208,
    "recall": 0.6325322187391152,
    "f1": 0.6070089830331231,
    "class_loss": {
        "Down": 0.89156673848629,
        "Up": 1.3365004161993663,
        "Right": 2.475645349575923,
        "Left": 2.8163143327602973,
        "Forward": 0.6266154884981613,
        "Backward": 0.0
    },
    "low_confidence": 0.66845703125
}