{
    "loss": 0.7316513442965473,
    "accuracy": 71.30698315911731,
    "precision": 0.7093304332235887,
    "recall": 0.7130698315911731,
    "f1": 0.708471331759336,
    "class_loss": {
        "Down": 0.38679179501623506,
        "Up": 0.5640244186962938,
        "Right": 0.938042025082895,
        "Left": 0.57005884608256,
        "Forward": 1.2856372996697443,
        "Backward": 0.27495284218209026
    },
    "low_confidence": 0.7431640625
}