{
    "loss": 2.1718822056433007,
    "accuracy": 37.434668989547035,
    "precision": 0.4846937427845855,
    "recall": 0.3743466898954704,
    "f1": 0.3926322876836928,
    "class_loss": {
        "Down": 2.0944740425103006,
        "Up": 1.9904005467130943,
        "Right": 2.571573964358928,
        "Left": 2.8780528691548835,
        "Forward": 1.7520921089121675,
        "Backward": 0.0
    },
    "low_confidence": 0.744140625
}