{
    "loss": 1.0516489068667094,
    "accuracy": 56.391501219087424,
    "precision": 0.5861241765309585,
    "recall": 0.5639150121908743,
    "f1": 0.5695806063476205,
    "class_loss": {
        "Down": 0.6623384300205443,
        "Up": 1.1452890819973416,
        "Right": 1.6061567147572835,
        "Left": 1.0114381319946713,
        "Forward": 0.9318961222966512,
        "Backward": 3.8240100882354784
    },
    "low_confidence": 0.734375
}