{
    "loss": 2.175451502866215,
    "accuracy": 35.771508185301286,
    "precision": 0.48270114988824653,
    "recall": 0.3577150818530129,
    "f1": 0.3723724812560139,
    "class_loss": {
        "Down": 2.879745514769303,
        "Up": 3.2770797722041607,
        "Right": 2.8233576957852793,
        "Left": 3.9999081316189122,
        "Forward": 1.432141618223654,
        "Backward": 0.0
    },
    "low_confidence": 0.79541015625
}