{
    "loss": 0.4862896139147105,
    "accuracy": 81.64561556329849,
    "precision": 0.8189162078744874,
    "recall": 0.8164561556329849,
    "f1": 0.8129255626853056,
    "class_loss": {
        "Down": 0.3475920331009008,
        "Up": 0.34312218165508024,
        "Right": 0.3698012925408505,
        "Left": 0.42473583337333465,
        "Forward": 0.9704922387997309,
        "Backward": 0.3801562753850939
    },
    "low_confidence": 0.79296875
}