{
    "loss": 2.00267288664731,
    "accuracy": 43.8135162601626,
    "precision": 0.5176233330493254,
    "recall": 0.438135162601626,
    "f1": 0.4561563303342163,
    "class_loss": {
        "Down": 2.320660213872358,
        "Up": 1.678980956086889,
        "Right": 1.6980219079285033,
        "Left": 3.0950122760841623,
        "Forward": 1.7526098722441783,
        "Backward": 0.0
    },
    "low_confidence": 0.783203125
}