{
    "loss": 0.38240944069844707,
    "accuracy": 85.94475900116144,
    "precision": 0.8571786950092949,
    "recall": 0.8594475900116144,
    "f1": 0.8562528213903682,
    "class_loss": {
        "Down": 0.19078801855168961,
        "Up": 0.2617651270357547,
        "Right": 0.47967380216276206,
        "Left": 0.2678782578419756,
        "Forward": 0.7717829361833908,
        "Backward": 0.12554195563791803
    },
    "low_confidence": 0.81689453125
}