{
    "loss": 1.7634193955444195,
    "accuracy": 49.836672473867594,
    "precision": 0.5568355658540021,
    "recall": 0.49836672473867594,
    "f1": 0.5181841298964566,
    "class_loss": {
        "Down": 2.0594832880989364,
        "Up": 1.2028881982838489,
        "Right": 1.81158337659306,
        "Left": 3.168293043068843,
        "Forward": 1.4833688067813073,
        "Backward": 0.0
    },
    "low_confidence": 0.763671875
}