{
    "loss": 0.26052917574566825,
    "accuracy": 90.23119918699187,
    "precision": 0.9027417563218826,
    "recall": 0.9023119918699187,
    "f1": 0.9007730055965366,
    "class_loss": {
        "Down": 0.17038350259126336,
        "Up": 0.18189779420693716,
        "Right": 0.18881796686737626,
        "Left": 0.2066218981657315,
        "Forward": 0.608000096761518,
        "Backward": 0.07731686744712836
    },
    "low_confidence": 0.89111328125
}