{
    "loss": 3.416940296765932,
    "accuracy": 54.31003193960511,
    "precision": 0.5442267743194942,
    "recall": 0.5431003193960511,
    "f1": 0.5316511164120656,
    "class_loss": {
        "Down": 2.238413766361773,
        "Up": 1.8482654834410506,
        "Right": 1.7355882962484186,
        "Left": 2.197544339778014,
        "Forward": 1.5853658872410081,
        "Backward": 25.758830494350857
    },
    "low_confidence": 0.837890625
}