{
    "loss": 0.07939909809027557,
    "accuracy": 97.85677990708479,
    "precision": 0.9784899302285333,
    "recall": 0.9785677990708479,
    "f1": 0.9784763977565282,
    "class_loss": {
        "Down": 0.04419194580555928,
        "Up": 0.08343504812499439,
        "Right": 0.08245899561033757,
        "Left": 0.050179201298979695,
        "Forward": 0.1579381546212567,
        "Backward": 0.002216644875379306
    },
    "low_confidence": 0.9482421875
}