{
    "loss": 3.6638903151762388,
    "accuracy": 43.858885017421606,
    "precision": 0.5728377739525201,
    "recall": 0.438588850174216,
    "f1": 0.429361574972368,
    "class_loss": {
        "Down": 2.7098322488619537,
        "Up": 4.055598393306136,
        "Right": 5.152616127061525,
        "Left": 6.610718851921627,
        "Forward": 0.905283532410075,
        "Backward": 0.0
    },
    "low_confidence": 0.88623046875
}