{
    "loss": 0.6844665673043993,
    "accuracy": 72.62277951933125,
    "precision": 0.7208830570517709,
    "recall": 0.7262277951933125,
    "f1": 0.7207560776271623,
    "class_loss": {
        "Down": 0.5359338088168039,
        "Up": 0.7012568864557478,
        "Right": 1.1686893622080485,
        "Left": 1.009991247786416,
        "Forward": 0.5038758198420207,
        "Backward": 1.1517262901786878
    },
    "low_confidence": 0.705078125
}