{
    "loss": 0.9564744446012708,
    "accuracy": 62.312783002438174,
    "precision": 0.616604851667164,
    "recall": 0.6231278300243818,
    "f1": 0.6168346412757052,
    "class_loss": {
        "Down": 1.1464411443785618,
        "Up": 1.124361467237274,
        "Right": 1.9537876706856947,
        "Left": 2.2780012333622346,
        "Forward": 0.7888479210850265,
        "Backward": 0.0
    },
    "low_confidence": 0.64404296875
}