{
    "loss": 0.6359789371490479,
    "accuracy": 72.41379310344827,
    "precision": 0.7668701534400264,
    "recall": 0.7241379310344828,
    "f1": 0.7224753694581282,
    "class_loss": {
        "Down": 0.47774478793144226,
        "Up": 1.4727109670639038,
        "Right": 0.6351431012153625,
        "Left": 0.08685757219791412,
        "Forward": 0.5572553873062134,
        "Backward": 1.376563310623169
    },
    "low_confidence": 0.72607421875
}