{
    "loss": 1.9064842462539673,
    "accuracy": 60.3448275862069,
    "precision": 0.36414982164090365,
    "recall": 0.603448275862069,
    "f1": 0.45420837968112715,
    "class_loss": {
        "Down": 0.0,
        "Up": 0.0,
        "Right": 0.10504920035600662,
        "Left": 4.863010883331299,
        "Forward": 4.24427604675293,
        "Backward": 0.0
    },
    "low_confidence": 0.8818359375
}