{
    "loss": 0.6383378483630993,
    "accuracy": 75.76945412311267,
    "precision": 0.7541063576300534,
    "recall": 0.7576945412311266,
    "f1": 0.7513273239975196,
    "class_loss": {
        "Down": 0.34497549495211355,
        "Up": 0.4583358759129489,
        "Right": 0.7215236833801976,
        "Left": 0.5550026951564683,
        "Forward": 1.1823258755935564,
        "Backward": 0.25509075639355516
    },
    "low_confidence": 0.73095703125
}