{
    "loss": 1.3157163612820484,
    "accuracy": 53.16492450638792,
    "precision": 0.5612664117947532,
    "recall": 0.5316492450638792,
    "f1": 0.5429333763068244,
    "class_loss": {
        "Down": 1.1738100766703703,
        "Up": 0.9059917694743139,
        "Right": 1.4944301649100251,
        "Left": 2.0190656150807627,
        "Forward": 1.7347229305774934,
        "Backward": 0.0
    },
    "low_confidence": 0.68798828125
}