{
    "loss": 0.5986300965150197,
    "accuracy": 75.58342041100661,
    "precision": 0.7564443093808887,
    "recall": 0.7558342041100662,
    "f1": 0.7447093905657779,
    "class_loss": {
        "Down": 0.3677996572520998,
        "Up": 0.7578372928831313,
        "Right": 1.324335789018207,
        "Left": 0.9713845819234848,
        "Forward": 0.3317176775799857,
        "Backward": 1.1245667581881762
    },
    "low_confidence": 0.7646484375
}