{
    "loss": 0.987686867515246,
    "accuracy": 61.650992685475444,
    "precision": 0.6196131464445831,
    "recall": 0.6165099268547545,
    "f1": 0.5991365167739027,
    "class_loss": {
        "Down": 0.9474960393027255,
        "Up": 1.6891291871046026,
        "Right": 2.173645881506113,
        "Left": 2.949907336097497,
        "Forward": 0.6007035148847434,
        "Backward": 0.0
    },
    "low_confidence": 0.7158203125
}