{
    "loss": 0.577918698390325,
    "accuracy": 76.34970393591084,
    "precision": 0.7611805185100035,
    "recall": 0.7634970393591083,
    "f1": 0.7609788841367803,
    "class_loss": {
        "Down": 0.4152069327731927,
        "Up": 0.7155734197960959,
        "Right": 0.8161155131128099,
        "Left": 0.8857481042544048,
        "Forward": 0.43837218383948007,
        "Backward": 0.9662475481815637
    },
    "low_confidence": 0.75146484375
}