{
    "loss": 1.151223180691401,
    "accuracy": 57.50609543712992,
    "precision": 0.6101231896388327,
    "recall": 0.5750609543712992,
    "f1": 0.5490209948195606,
    "class_loss": {
        "Down": 1.726475067828831,
        "Up": 1.834236270437638,
        "Right": 1.7690500708726735,
        "Left": 3.364132162470084,
        "Forward": 0.5199652778243439,
        "Backward": 0.0
    },
    "low_confidence": 0.7255859375
}