{
    "loss": 0.5679154131147597,
    "accuracy": 76.62835249042146,
    "precision": 0.7617891685060943,
    "recall": 0.7662835249042146,
    "f1": 0.7605957639963166,
    "class_loss": {
        "Down": 0.39932761987050375,
        "Up": 0.5139152271880044,
        "Right": 1.1087024847666422,
        "Left": 0.8306769005126423,
        "Forward": 0.424016805489858,
        "Backward": 0.8032181039908091
    },
    "low_confidence": 0.75927734375
}