{
    "loss": 1.0088003012869093,
    "accuracy": 63.18355973528387,
    "precision": 0.6230901579856073,
    "recall": 0.6318355973528388,
    "f1": 0.6192183553514312,
    "class_loss": {
        "Down": 0.9221780888344112,
        "Up": 1.3937249310935538,
        "Right": 2.3793362149825463,
        "Left": 2.9869752446046243,
        "Forward": 0.7312506868503987,
        "Backward": 0.0
    },
    "low_confidence": 0.72021484375
}