{
    "loss": 0.3484135254941605,
    "accuracy": 86.9229094076655,
    "precision": 0.8701569759381332,
    "recall": 0.869229094076655,
    "f1": 0.8644880467622618,
    "class_loss": {
        "Down": 0.15291902819579398,
        "Up": 0.20493684298600312,
        "Right": 0.3349642588722485,
        "Left": 0.22586233296466093,
        "Forward": 0.8988555606316637,
        "Backward": 0.1280677338816329
    },
    "low_confidence": 0.86474609375
}