{
    "loss": 2.7798652975578553,
    "accuracy": 54.72742450638792,
    "precision": 0.5268563611572019,
    "recall": 0.5472742450638792,
    "f1": 0.5308417469252437,
    "class_loss": {
        "Down": 1.5204590795002877,
        "Up": 1.3429023674655391,
        "Right": 1.506012027310889,
        "Left": 1.694211307990675,
        "Forward": 1.6832543130092803,
        "Backward": 20.512505849202473
    },
    "low_confidence": 0.80322265625
}