{
    "loss": 0.5230094803416211,
    "accuracy": 78.46689895470384,
    "precision": 0.7809834455193901,
    "recall": 0.7846689895470383,
    "f1": 0.7746233222731682,
    "class_loss": {
        "Down": 0.38059566202371015,
        "Up": 0.5232953604148782,
        "Right": 1.2386405921500663,
        "Left": 0.8513879095730574,
        "Forward": 0.31251434269158734,
        "Backward": 0.12304825347673613
    },
    "low_confidence": 0.77880859375
}