{
    "loss": 1.177301618715991,
    "accuracy": 62.29965156794425,
    "precision": 0.6203664226829828,
    "recall": 0.6229965156794425,
    "f1": 0.6115878116873408,
    "class_loss": {
        "Down": 1.217149159974522,
        "Up": 1.8223067258795103,
        "Right": 2.2612838745117188,
        "Left": 4.292603862782319,
        "Forward": 0.5896545224215674,
        "Backward": 0.0
    },
    "low_confidence": 0.74755859375
}