{
    "loss": 0.49025102588865493,
    "accuracy": 79.44966910484152,
    "precision": 0.8059200874919774,
    "recall": 0.7944966910484151,
    "f1": 0.7919468943564584,
    "class_loss": {
        "Down": 0.40751260419686636,
        "Up": 0.7710790104336209,
        "Right": 0.7550968408584595,
        "Left": 0.8718600372473398,
        "Forward": 0.25448695735798943,
        "Backward": 0.8604687113547698
    },
    "low_confidence": 0.7998046875
}