{
    "loss": 0.6183377010954751,
    "accuracy": 75.1762862366153,
    "precision": 0.7498089081116307,
    "recall": 0.7517628623661531,
    "f1": 0.7466733130707467,
    "class_loss": {
        "Down": 0.5631944166289435,
        "Up": 0.7502958918611209,
        "Right": 0.991631621784634,
        "Left": 0.9418024983670976,
        "Forward": 0.40453726831409664,
        "Backward": 1.066373514585514
    },
    "low_confidence": 0.72119140625
}