{
    "loss": 1.012882593473316,
    "accuracy": 61.80900147993384,
    "precision": 0.6056919624216063,
    "recall": 0.6180900147993383,
    "f1": 0.6033054536539654,
    "class_loss": {
        "Down": 1.1011398040593183,
        "Up": 1.3055283319471138,
        "Right": 2.568374314091422,
        "Left": 2.161776837147772,
        "Forward": 0.6888210818565282,
        "Backward": 0.0
    },
    "low_confidence": 0.66259765625
}