{
    "loss": 0.4451742172241211,
    "accuracy": 84.48275862068965,
    "precision": 0.8450075955146951,
    "recall": 0.8448275862068966,
    "f1": 0.835999021765713,
    "class_loss": {
        "Down": 0.20852047204971313,
        "Up": 2.2298483848571777,
        "Right": 0.5228536128997803,
        "Left": 0.2447212040424347,
        "Forward": 0.5373584032058716,
        "Backward": 0.0
    },
    "low_confidence": 0.7509765625
}