{
    "loss": 2.2691729068756104,
    "accuracy": 60.3448275862069,
    "precision": 0.36414982164090365,
    "recall": 0.603448275862069,
    "f1": 0.45420837968112715,
    "class_loss": {
        "Down": 0.0,
        "Up": 0.0,
        "Right": 0.06967445462942123,
        "Left": 5.544150352478027,
        "Forward": 5.751397132873535,
        "Backward": 0.0
    },
    "low_confidence": 0.9228515625
}