{
    "loss": 0.6897781218091646,
    "accuracy": 73.80226480836237,
    "precision": 0.7334014926394143,
    "recall": 0.7380226480836237,
    "f1": 0.7314037075038646,
    "class_loss": {
        "Down": 0.472580722981581,
        "Up": 0.5900119457531858,
        "Right": 0.7801795196202066,
        "Left": 0.41167763510236033,
        "Forward": 1.2660728276327804,
        "Backward": 0.33229509747966574
    },
    "low_confidence": 0.70703125
}