{
    "loss": 1.3323631871370945,
    "accuracy": 51.771196283391404,
    "precision": 0.5631858350067973,
    "recall": 0.5177119628339141,
    "f1": 0.5330264543931922,
    "class_loss": {
        "Down": 1.1499128899928452,
        "Up": 1.1105829855449587,
        "Right": 1.388750156180726,
        "Left": 1.7933545113482978,
        "Forward": 1.8308727504505264,
        "Backward": 0.0
    },
    "low_confidence": 0.67431640625
}