{
    "loss": 0.52381013168229,
    "accuracy": 79.5786149825784,
    "precision": 0.805570898877162,
    "recall": 0.795786149825784,
    "f1": 0.7969548515282899,
    "class_loss": {
        "Down": 0.26311466549695645,
        "Up": 0.5137229765316954,
        "Right": 0.7384804568632886,
        "Left": 0.5612911268792771,
        "Forward": 0.6338287615389736,
        "Backward": 0.1530326802555161
    },
    "low_confidence": 0.77197265625
}