{
    "loss": 2.2412146692815305,
    "accuracy": 54.68205574912892,
    "precision": 0.5501152123952475,
    "recall": 0.5468205574912892,
    "f1": 0.5278229654893049,
    "class_loss": {
        "Down": 1.079098078496754,
        "Up": 1.2821994790872342,
        "Right": 1.7377119680366866,
        "Left": 1.61160767199989,
        "Forward": 1.041964974911553,
        "Backward": 15.401042620340982
    },
    "low_confidence": 0.74853515625
}