{
    "loss": 1.0114450454711914,
    "accuracy": 67.86127167630057,
    "precision": 0.6840154101777107,
    "recall": 0.6786127167630058,
    "f1": 0.6450933971242895,
    "class_loss": {
        "Down": 0.6325504779815674,
        "Up": 1.0423684269189835,
        "Right": 1.7893101572990417,
        "Left": 1.049583524465561,
        "Forward": 1.313365787267685,
        "Backward": 0.4710569232702255
    },
    "low_confidence": 0.5126953125
}