{
    "loss": 2.044188290834427,
    "accuracy": 2.5433526011560694,
    "precision": 0.4587118084227911,
    "recall": 0.025433526011560695,
    "f1": 0.04819486167293865,
    "class_loss": {
        "Down": 0.0,
        "Up": 0.0,
        "Right": 1.1535838047663372,
        "Left": 3.4537312189737954,
        "Forward": 3.0351309776306152,
        "Backward": 0.0
    },
    "low_confidence": 0.55908203125
}