{
    "loss": 0.27880545809037155,
    "accuracy": 89.65955284552845,
    "precision": 0.8966927942379084,
    "recall": 0.8965955284552846,
    "f1": 0.8943853693185857,
    "class_loss": {
        "Down": 0.15250191311524422,
        "Up": 0.180417117593741,
        "Right": 0.2432158268229277,
        "Left": 0.20357365688929954,
        "Forward": 0.681282347827046,
        "Backward": 0.052746192919450416
    },
    "low_confidence": 0.884765625
}