{
    "loss": 3.1842608776924965,
    "accuracy": 54.39713995354239,
    "precision": 0.5406331944908089,
    "recall": 0.543971399535424,
    "f1": 0.5313361894585786,
    "class_loss": {
        "Down": 1.9757580361142755,
        "Up": 1.6449196486705342,
        "Right": 1.748989256530455,
        "Left": 2.0419125551028023,
        "Forward": 1.5729403177702483,
        "Backward": 23.702606942918564
    },
    "low_confidence": 0.82421875
}