{
    "loss": 0.7230437848303053,
    "accuracy": 70.21943573667711,
    "precision": 0.6981524036131713,
    "recall": 0.7021943573667712,
    "f1": 0.6907649778995355,
    "class_loss": {
        "Down": 0.5083105557494694,
        "Up": 0.6627394219239553,
        "Right": 1.4084005090925429,
        "Left": 1.0549220442771912,
        "Forward": 0.5354724493291643,
        "Backward": 1.1555657319157668
    },
    "low_confidence": 0.70947265625
}