{
    "loss": 0.92956679198477,
    "accuracy": 63.42737722048067,
    "precision": 0.6043641837762103,
    "recall": 0.6342737722048067,
    "f1": 0.615080726507828,
    "class_loss": {
        "Down": 0.8303932673052737,
        "Up": 1.0069738353292148,
        "Right": 2.394702672958374,
        "Left": 2.3079474608485517,
        "Forward": 0.8540102187544107,
        "Backward": 0.0
    },
    "low_confidence": 0.64501953125
}