{
    "loss": 0.5673381686210632,
    "accuracy": 77.29014280738419,
    "precision": 0.7736690617607104,
    "recall": 0.7729014280738419,
    "f1": 0.7713157646002242,
    "class_loss": {
        "Down": 0.3026390027668741,
        "Up": 0.5973837117354075,
        "Right": 0.9650022970305548,
        "Left": 0.5771915599703789,
        "Forward": 0.525200875600179,
        "Backward": 1.0261815500410234
    },
    "low_confidence": 0.75390625
}