{
    "loss": 0.9924092315965228,
    "accuracy": 61.30268199233716,
    "precision": 0.6085256179738299,
    "recall": 0.6130268199233716,
    "f1": 0.6054068486012271,
    "class_loss": {
        "Down": 0.9595161896002921,
        "Up": 1.3411714911150436,
        "Right": 2.3267554686619687,
        "Left": 2.696196650369809,
        "Forward": 0.7827101529886326,
        "Backward": 0.0
    },
    "low_confidence": 0.7060546875
}