{
    "loss": 1.4323592483997345,
    "accuracy": 61.15606936416185,
    "precision": 0.6017848252011839,
    "recall": 0.6115606936416185,
    "f1": 0.5549907939612357,
    "class_loss": {
        "Down": 1.1106670796871185,
        "Up": 1.5347538590431213,
        "Right": 1.9248825907707214,
        "Left": 1.6333507597446442,
        "Forward": 1.664000540971756,
        "Backward": 0.913712665438652
    },
    "low_confidence": 0.320068359375
}