{
    "loss": 1.8189106583595276,
    "accuracy": 0.0,
    "precision": 0.0,
    "recall": 0.0,
    "f1": 0.0,
    "class_loss": {
        "Down": 0.0,
        "Up": 0.0,
        "Right": 1.275740663210551,
        "Left": 2.725778261820475,
        "Forward": 2.2705395221710205,
        "Backward": 0.0
    },
    "low_confidence": 0.44970703125
}