{
    "loss": 0.6396166229689563,
    "accuracy": 76.5262049941928,
    "precision": 0.7639651752389274,
    "recall": 0.765262049941928,
    "f1": 0.7625074285198459,
    "class_loss": {
        "Down": 0.29419186821690313,
        "Up": 0.6252230013962146,
        "Right": 0.7479935136658175,
        "Left": 0.718187650596654,
        "Forward": 0.9329848283970797,
        "Backward": 0.2375169934153005
    },
    "low_confidence": 0.70166015625
}