{
    "loss": 1.1074751665022362,
    "accuracy": 57.43866144018583,
    "precision": 0.5788110907144395,
    "recall": 0.5743866144018583,
    "f1": 0.5680440421963551,
    "class_loss": {
        "Down": 0.903770135225434,
        "Up": 1.2491612505912781,
        "Right": 1.4573916524321169,
        "Left": 1.364299256253887,
        "Forward": 1.072193404016769,
        "Backward": 0.0
    },
    "low_confidence": 0.60986328125
}