{
    "loss": 0.5346496812999249,
    "accuracy": 80.23192508710801,
    "precision": 0.8010843436863192,
    "recall": 0.8023192508710801,
    "f1": 0.7975193038890491,
    "class_loss": {
        "Down": 0.36361051771651814,
        "Up": 0.4564314574279167,
        "Right": 0.46463306579324937,
        "Left": 0.42270045216988633,
        "Forward": 1.0333548326183248,
        "Backward": 0.25037427170685045
    },
    "low_confidence": 0.7607421875
}