{
    "loss": 1.5183335069601458,
    "accuracy": 50.248620789779324,
    "precision": 0.5557557554306105,
    "recall": 0.5024862078977933,
    "f1": 0.5169051070600165,
    "class_loss": {
        "Down": 1.837281824885935,
        "Up": 1.0507798564721302,
        "Right": 1.4331972025748756,
        "Left": 2.249655212217476,
        "Forward": 1.5656249213122553,
        "Backward": 0.0
    },
    "low_confidence": 0.72412109375
}