{
    "loss": 1.0329763889312744,
    "accuracy": 70.6896551724138,
    "precision": 0.7137931034482758,
    "recall": 0.7068965517241379,
    "f1": 0.7079972440680244,
    "class_loss": {
        "Down": 1.1487785577774048,
        "Up": 2.604987621307373,
        "Right": 0.8984981179237366,
        "Left": 1.1796948909759521,
        "Forward": 0.9103763699531555,
        "Backward": 0.0
    },
    "low_confidence": 0.45263671875
}