{
    "loss": 1.787614345550537,
    "accuracy": 60.3448275862069,
    "precision": 0.36414982164090365,
    "recall": 0.603448275862069,
    "f1": 0.45420837968112715,
    "class_loss": {
        "Down": 0.0,
        "Up": 0.0,
        "Right": 0.4495471119880676,
        "Left": 4.454747676849365,
        "Forward": 2.640782594680786,
        "Backward": 0.0
    },
    "low_confidence": 0.63232421875
}