{
    "loss": 0.4076902978812103,
    "accuracy": 85.09545586527294,
    "precision": 0.848932057153619,
    "recall": 0.8509545586527294,
    "f1": 0.8473364261784744,
    "class_loss": {
        "Down": 0.19798935052973252,
        "Up": 0.3615129999126549,
        "Right": 0.499057868288623,
        "Left": 0.2232115920978012,
        "Forward": 0.8251213507243881,
        "Backward": 0.134092355940353
    },
    "low_confidence": 0.8095703125
}