{
    "loss": 1.7460063404524353,
    "accuracy": 49.292247386759584,
    "precision": 0.5579368192136748,
    "recall": 0.4929224738675958,
    "f1": 0.5132837770781757,
    "class_loss": {
        "Down": 2.0467426215392956,
        "Up": 1.4604222173970867,
        "Right": 1.8532685927218862,
        "Left": 2.6475612046488095,
        "Forward": 1.4090052456144364,
        "Backward": 0.0
    },
    "low_confidence": 0.740234375
}