Epoch,Training Loss,Training Accuracy,Training Precision,Training Recall,Training F1,Random Val Loss,Random Val Accuracy,Random Val Precision,Random Val Recall,Random Val F1,Sequence Val Loss,Sequence Val Accuracy,Sequence Val Precision,Sequence Val Recall,Sequence Val F1
1,1.1844968937692189,56.764441783897034,0.5839296679416729,0.5676444178389703,0.5422625442043355,0.9710294008255005,61.99460916442049,0.6375167705887875,0.6199460916442049,0.6037811279567263,3.3502975354592004,30.997304582210244,0.09608328913623122,0.30997304582210244,0.1466950628376205
