{
    "loss": 0.7294970022307502,
    "accuracy": 70.53291536050156,
    "precision": 0.7075438194318036,
    "recall": 0.7053291536050157,
    "f1": 0.7006579366712566,
    "class_loss": {
        "Down": 0.46158601509200203,
        "Up": 0.6834078603320651,
        "Right": 1.077871040503184,
        "Left": 1.1908777869409986,
        "Forward": 0.6103208813402388,
        "Backward": 1.5386168095890596
    },
    "low_confidence": 0.69677734375
}