{
    "loss": 0.975211853451199,
    "accuracy": 63.775687913618945,
    "precision": 0.6397305675131105,
    "recall": 0.6377568791361895,
    "f1": 0.62359029079862,
    "class_loss": {
        "Down": 0.627466049633528,
        "Up": 1.136031584193309,
        "Right": 2.202226629624,
        "Left": 2.8465557591273236,
        "Forward": 0.9344819811690185,
        "Backward": 0.0
    },
    "low_confidence": 0.65966796875
}