{
    "loss": 0.7296912547614839,
    "accuracy": 71.27622529816314,
    "precision": 0.7113414103417257,
    "recall": 0.7127622529816314,
    "f1": 0.7079275549968473,
    "class_loss": {
        "Down": 0.47676872048113084,
        "Up": 0.7849456942743726,
        "Right": 1.1707119435071944,
        "Left": 1.070864795645078,
        "Forward": 0.5832295179367065,
        "Backward": 1.2110765069345832
    },
    "low_confidence": 0.68310546875
}