{
    "loss": 0.9850696109493987,
    "accuracy": 62.1593975798729,
    "precision": 0.6101946998867551,
    "recall": 0.621593975798729,
    "f1": 0.6091908161804943,
    "class_loss": {
        "Down": 0.7238945033850854,
        "Up": 1.1174878443458252,
        "Right": 2.6243559501387854,
        "Left": 1.8865400567650794,
        "Forward": 0.9210416263394408,
        "Backward": 0.0
    },
    "low_confidence": 0.61572265625
}