Epoch,Training Loss,Training Accuracy,Training Precision,Training Recall,Training F1,Random Val Loss,Random Val Accuracy,Random Val Precision,Random Val Recall,Random Val F1,Sequence Val Loss,Sequence Val Accuracy,Sequence Val Precision,Sequence Val Recall,Sequence Val F1
1,0.8141217362014325,68.78575867315233,0.6841043635643717,0.6878575867315233,0.6840804340412323,0.629847392896933,75.40019286403086,0.7558079038641718,0.7540019286403086,0.7463772811780419,2.067999219053362,53.3076181292189,0.5568892602684026,0.533076181292189,0.5323676331817029
2,nan,78.43443975400176,0.7802147287717248,0.7843443975400176,0.7808355956446014,0.4996747429385507,80.56894889103182,0.8018182219265763,0.8056894889103182,0.800612363052613,1.4511692855004334,54.946962391513985,0.552840977649989,0.5494696239151399,0.5452757780626935
3,0.4721855619180926,81.96209312790623,0.8162520488463303,0.8196209312790623,0.8167074193255954,0.4605805246742225,82.49758919961427,0.8286058579494622,0.8249758919961427,0.8220355802544383,1.5955528076852392,54.60945033751205,0.5836939387047511,0.5460945033751206,0.551835271233483
4,0.4149207609808114,84.19332719052007,0.8392361145960919,0.8419332719052007,0.8394897391889957,0.38062443220816505,85.14946962391514,0.85042000868898,0.8514946962391514,0.8479627479362469,1.690761247410139,57.087753134040504,0.5755972233365564,0.570877531340405,0.5658127644359332
