{
    "loss": 0.6733492190639178,
    "accuracy": 74.54268292682927,
    "precision": 0.7392505817208229,
    "recall": 0.7454268292682927,
    "f1": 0.7398465611929642,
    "class_loss": {
        "Down": 0.3585734766114641,
        "Up": 0.4872295016905776,
        "Right": 0.847525529563427,
        "Left": 0.4666682109236717,
        "Forward": 1.2758437853168558,
        "Backward": 0.3036636907878953
    },
    "low_confidence": 0.7421875
}