{
    "loss": 1.7363337535687067,
    "accuracy": 40.59414924506388,
    "precision": 0.5019752909718804,
    "recall": 0.4059414924506388,
    "f1": 0.4200222674380263,
    "class_loss": {
        "Down": 1.892913711135802,
        "Up": 1.662087782976184,
        "Right": 1.6385889845550992,
        "Left": 2.113288512220606,
        "Forward": 1.7365178184043015,
        "Backward": 0.0
    },
    "low_confidence": 0.7216796875
}