{
    "loss": 1.1245510856310525,
    "accuracy": 50.505050505050505,
    "precision": 0.5577254242950677,
    "recall": 0.5050505050505051,
    "f1": 0.5178456710869704,
    "class_loss": {
        "Down": 1.207967868116167,
        "Up": 1.0270380331410303,
        "Right": 1.5140609231260087,
        "Left": 1.1107271287176343,
        "Forward": 0.9792329006724887,
        "Backward": 2.6815811894537713
    },
    "low_confidence": 0.73193359375
}