{
    "loss": 2.566208432118098,
    "accuracy": 33.01985370950888,
    "precision": 0.46180755247359484,
    "recall": 0.33019853709508884,
    "f1": 0.3379182923788681,
    "class_loss": {
        "Down": 4.123743320766248,
        "Up": 3.4033840976965926,
        "Right": 2.6944552390621257,
        "Left": 4.34677546356733,
        "Forward": 1.618898373718063,
        "Backward": 0.0
    },
    "low_confidence": 0.83642578125
}