{
    "loss": 0.9090032577514648,
    "accuracy": 67.24137931034483,
    "precision": 0.5876267748478701,
    "recall": 0.6724137931034483,
    "f1": 0.6261083743842364,
    "class_loss": {
        "Down": 0.5890005230903625,
        "Up": 2.0872690677642822,
        "Right": 0.9261041283607483,
        "Left": 0.2973742187023163,
        "Forward": 0.8076280951499939,
        "Backward": 1.961237907409668
    },
    "low_confidence": 0.57373046875
}