{
    "loss": 1.6419932842254639,
    "accuracy": 60.3448275862069,
    "precision": 0.36414982164090365,
    "recall": 0.603448275862069,
    "f1": 0.45420837968112715,
    "class_loss": {
        "Down": 0.0,
        "Up": 0.0,
        "Right": 0.315284788608551,
        "Left": 3.7774035930633545,
        "Forward": 3.442448854446411,
        "Backward": 0.0
    },
    "low_confidence": 0.716796875
}