{
    "loss": 0.9949108439943065,
    "accuracy": 61.254355400696866,
    "precision": 0.5874229061131948,
    "recall": 0.6125435540069687,
    "f1": 0.5882797573055992,
    "class_loss": {
        "Down": 1.0000249095585034,
        "Up": 1.391875324041947,
        "Right": 1.6684979589089104,
        "Left": 1.601347715958305,
        "Forward": 0.5652060288449993,
        "Backward": 2.163826060295105
    },
    "low_confidence": 0.5771484375
}