{
    "loss": 1.2343935422275378,
    "accuracy": 51.149825783972126,
    "precision": 0.5786898227410151,
    "recall": 0.5114982578397212,
    "f1": 0.4546529542921215,
    "class_loss": {
        "Down": 0.8430266049173143,
        "Up": 1.9715275804201762,
        "Right": 2.981299559275309,
        "Left": 2.0653211027383804,
        "Forward": 0.7379498812167541,
        "Backward": 0.0
    },
    "low_confidence": 0.55419921875
}