{
    "loss": 0.6884971027788909,
    "accuracy": 71.56794425087108,
    "precision": 0.7042270803238561,
    "recall": 0.7156794425087109,
    "f1": 0.6911368009988065,
    "class_loss": {
        "Down": 0.3602511785600496,
        "Up": 0.6230911910533905,
        "Right": 1.8612947723139888,
        "Left": 0.9116660524969515,
        "Forward": 0.4634055300899174,
        "Backward": 0.3960435355082154
    },
    "low_confidence": 0.734375
}