{
    "loss": 1.0394412771515225,
    "accuracy": 63.97212543554007,
    "precision": 0.6170054704753695,
    "recall": 0.6397212543554007,
    "f1": 0.6270484688459765,
    "class_loss": {
        "Down": 0.7908596197764078,
        "Up": 1.2734675760070482,
        "Right": 3.5158342520395913,
        "Left": 2.7714756031831107,
        "Forward": 0.7726136523744335,
        "Backward": 0.0
    },
    "low_confidence": 0.6796875
}