{
    "loss": 1.14778520266215,
    "accuracy": 51.93312434691745,
    "precision": 0.5613658625095526,
    "recall": 0.5193312434691745,
    "f1": 0.528042672902638,
    "class_loss": {
        "Down": 1.2482872035768298,
        "Up": 1.1561933583683437,
        "Right": 1.7637452549404569,
        "Left": 1.260546604130003,
        "Forward": 0.8670251117812262,
        "Backward": 2.873990742336239
    },
    "low_confidence": 0.73828125
}