{
    "loss": 2.3864197399881153,
    "accuracy": 34.27377220480669,
    "precision": 0.45357509996843076,
    "recall": 0.34273772204806685,
    "f1": 0.34787823031162934,
    "class_loss": {
        "Down": 3.9614704408143697,
        "Up": 3.0707369873610637,
        "Right": 2.7028813883662224,
        "Left": 4.252360378893522,
        "Forward": 1.436308634529511,
        "Backward": 0.0
    },
    "low_confidence": 0.82373046875
}