{
    "loss": 0.46339967750288824,
    "accuracy": 81.58028455284553,
    "precision": 0.8226695308324304,
    "recall": 0.8158028455284553,
    "f1": 0.8121622578546591,
    "class_loss": {
        "Down": 0.4431881679704896,
        "Up": 0.3125501604819739,
        "Right": 0.3393960486131686,
        "Left": 0.3156641857629573,
        "Forward": 0.9820046957444262,
        "Backward": 0.1636827843063252
    },
    "low_confidence": 0.8134765625
}