{
    "loss": 2.565363013028252,
    "accuracy": 40.86636178861789,
    "precision": 0.49420792337508923,
    "recall": 0.4086636178861789,
    "f1": 0.42058166853251017,
    "class_loss": {
        "Down": 3.694172914835044,
        "Up": 1.8982432890202674,
        "Right": 1.6377523105410445,
        "Left": 3.6745623816968873,
        "Forward": 2.131722496582135,
        "Backward": 0.0
    },
    "low_confidence": 0.83935546875
}