{
    "loss": 0.5185940980911254,
    "accuracy": 79.97213514454894,
    "precision": 0.7991816530479358,
    "recall": 0.7997213514454894,
    "f1": 0.7981962970229013,
    "class_loss": {
        "Down": 0.32415500796503494,
        "Up": 0.3928884337345759,
        "Right": 0.8039013819562064,
        "Left": 0.8281992316246033,
        "Forward": 0.46719235777854917,
        "Backward": 0.8608402902736207
    },
    "low_confidence": 0.771484375
}