{
    "loss": 1.1415285209814707,
    "accuracy": 61.82514803204458,
    "precision": 0.6021487500569661,
    "recall": 0.6182514803204459,
    "f1": 0.5990606637339765,
    "class_loss": {
        "Down": 1.1500835042250783,
        "Up": 1.68685232847929,
        "Right": 3.499443714435284,
        "Left": 3.399029532304177,
        "Forward": 0.5917208114509575,
        "Backward": 0.0
    },
    "low_confidence": 0.73046875
}