{
    "loss": 0.44529306370279065,
    "accuracy": 82.4390243902439,
    "precision": 0.8298871736799381,
    "recall": 0.824390243902439,
    "f1": 0.8214332569582831,
    "class_loss": {
        "Down": 0.38969609076562134,
        "Up": 0.6270107000094393,
        "Right": 0.9877719010995782,
        "Left": 0.679860431862914,
        "Forward": 0.22530651189710782,
        "Backward": 0.1286448152939556
    },
    "low_confidence": 0.84326171875
}