{
    "loss": 1.69329557729804,
    "accuracy": 56.02787456445993,
    "precision": 0.5933427035739345,
    "recall": 0.5602787456445993,
    "f1": 0.5203941110424463,
    "class_loss": {
        "Down": 1.8778950075308483,
        "Up": 3.4930986642837523,
        "Right": 2.7452011903127036,
        "Left": 5.753165726860364,
        "Forward": 0.3537749359789102,
        "Backward": 0.0
    },
    "low_confidence": 0.82080078125
}