{
    "loss": 0.3862705205877622,
    "accuracy": 86.0191637630662,
    "precision": 0.8590846612676413,
    "recall": 0.860191637630662,
    "f1": 0.857642034435198,
    "class_loss": {
        "Down": 0.1961928293177927,
        "Up": 0.3176224494559897,
        "Right": 0.343255378305912,
        "Left": 0.3781092946452123,
        "Forward": 0.7747110401590666,
        "Backward": 0.10318600091677918
    },
    "low_confidence": 0.81640625
}