{
    "loss": 1.8386872365070437,
    "accuracy": 49.79493321718932,
    "precision": 0.5744615977609645,
    "recall": 0.49794933217189313,
    "f1": 0.5205038111243196,
    "class_loss": {
        "Down": 2.2209233847325263,
        "Up": 1.4095152069376893,
        "Right": 1.488341800040669,
        "Left": 3.2805121976998635,
        "Forward": 1.5120624036438042,
        "Backward": 0.0
    },
    "low_confidence": 0.7607421875
}