{
    "loss": 0.39836448431015015,
    "accuracy": 86.20689655172414,
    "precision": 0.8576606583072102,
    "recall": 0.8620689655172413,
    "f1": 0.853824811732065,
    "class_loss": {
        "Down": 0.22408361732959747,
        "Up": 2.306169271469116,
        "Right": 0.6169521808624268,
        "Left": 0.15206749737262726,
        "Forward": 0.421719491481781,
        "Backward": 0.0
    },
    "low_confidence": 0.76611328125
}