{
    "loss": 0.03272673890374049,
    "accuracy": 99.1325493612079,
    "precision": 0.9914501548799897,
    "recall": 0.991325493612079,
    "f1": 0.9913162835396757,
    "class_loss": {
        "Down": 0.004403054303515496,
        "Up": 0.009684680982630837,
        "Right": 0.10249173723989063,
        "Left": 0.007670734230217662,
        "Forward": 0.0517739800885061,
        "Backward": 0.00032103803570939616
    },
    "low_confidence": 0.978515625
}