{
    "loss": 6.176738351537905,
    "accuracy": 42.92428861788618,
    "precision": 0.5732308376512575,
    "recall": 0.4292428861788618,
    "f1": 0.40433479813312856,
    "class_loss": {
        "Down": 3.3722048242416975,
        "Up": 5.570777631974779,
        "Right": 10.473780901754623,
        "Left": 10.388412771305854,
        "Forward": 1.3709406173908543,
        "Backward": 0.0
    },
    "low_confidence": 0.92822265625
}