{
    "loss": 0.5062590068965046,
    "accuracy": 80.55676538908246,
    "precision": 0.8030774685533715,
    "recall": 0.8055676538908246,
    "f1": 0.8023258241773296,
    "class_loss": {
        "Down": 0.23386187678961842,
        "Up": 0.4222102045874905,
        "Right": 0.6464917721847693,
        "Left": 0.42175302247482316,
        "Forward": 0.868799107770125,
        "Backward": 0.18446782964100647
    },
    "low_confidence": 0.77783203125
}