{
    "loss": 1.9259753817642815,
    "accuracy": 45.437717770034844,
    "precision": 0.5326562008176724,
    "recall": 0.4543771777003484,
    "f1": 0.47445401206953597,
    "class_loss": {
        "Down": 2.0043116248064283,
        "Up": 1.7830037249908615,
        "Right": 1.7972499889632065,
        "Left": 3.0533111796248704,
        "Forward": 1.5825905856946785,
        "Backward": 0.0
    },
    "low_confidence": 0.76953125
}