{
    "loss": 1.0817288160324097,
    "accuracy": 60.3448275862069,
    "precision": 0.5485266457680251,
    "recall": 0.603448275862069,
    "f1": 0.5699358113151216,
    "class_loss": {
        "Down": 1.0407332181930542,
        "Up": 2.403101682662964,
        "Right": 1.1660114526748657,
        "Left": 0.567470371723175,
        "Forward": 0.8482429385185242,
        "Backward": 1.3715543746948242
    },
    "low_confidence": 0.4423828125
}