{
    "loss": 1.5593745708465576,
    "accuracy": 60.3448275862069,
    "precision": 0.36414982164090365,
    "recall": 0.603448275862069,
    "f1": 0.45420837968112715,
    "class_loss": {
        "Down": 0.0,
        "Up": 0.0,
        "Right": 0.4503682255744934,
        "Left": 3.414384603500366,
        "Forward": 2.933134078979492,
        "Backward": 0.0
    },
    "low_confidence": 0.626953125
}