{
    "loss": 0.7563871542612711,
    "accuracy": 71.12504353883664,
    "precision": 0.7028231615544657,
    "recall": 0.7112504353883664,
    "f1": 0.6994889604002983,
    "class_loss": {
        "Down": 0.5615276967485746,
        "Up": 0.7483844806750616,
        "Right": 1.3353488097588222,
        "Left": 1.2674356599648793,
        "Forward": 0.561933254202207,
        "Backward": 1.4806383450826008
    },
    "low_confidence": 0.6630859375
}