{
    "loss": 1.2344084431727727,
    "accuracy": 55.55555555555556,
    "precision": 0.550274223094613,
    "recall": 0.5555555555555556,
    "f1": 0.5381003291761625,
    "class_loss": {
        "Down": 1.35363661701029,
        "Up": 1.0525048185478558,
        "Right": 2.1253731467507104,
        "Left": 1.5589693321122065,
        "Forward": 0.7823923503359159,
        "Backward": 7.123269240061442
    },
    "low_confidence": 0.6318359375
}