{
    "loss": 0.4247666974034574,
    "accuracy": 84.75972706155633,
    "precision": 0.8467641858617645,
    "recall": 0.8475972706155633,
    "f1": 0.8433133877454553,
    "class_loss": {
        "Down": 0.2779818804313739,
        "Up": 0.32485894955418726,
        "Right": 0.4774420259313451,
        "Left": 0.2117866414633614,
        "Forward": 0.9025771782078125,
        "Backward": 0.14810008607822023
    },
    "low_confidence": 0.80224609375
}