{
    "loss": 1.6572814372290547,
    "accuracy": 50.68053135888502,
    "precision": 0.5666572491196415,
    "recall": 0.5068053135888502,
    "f1": 0.5245777875976492,
    "class_loss": {
        "Down": 2.1274013253657715,
        "Up": 1.2271841206890812,
        "Right": 1.6724916348854701,
        "Left": 2.447512978571467,
        "Forward": 1.5232909169769095,
        "Backward": 0.0
    },
    "low_confidence": 0.7470703125
}