{
    "loss": 0.6390337347984314,
    "accuracy": 79.3103448275862,
    "precision": 0.8286822070851109,
    "recall": 0.7931034482758621,
    "f1": 0.7994210615280594,
    "class_loss": {
        "Down": 0.26969531178474426,
        "Up": 2.637207508087158,
        "Right": 0.7668271660804749,
        "Left": 0.46995359659194946,
        "Forward": 0.7611416578292847,
        "Backward": 0.0
    },
    "low_confidence": 0.68505859375
}