{
    "loss": 1.8753749132156372,
    "accuracy": 58.62068965517241,
    "precision": 0.36637931034482757,
    "recall": 0.5862068965517241,
    "f1": 0.4509283819628647,
    "class_loss": {
        "Down": 0.0,
        "Up": 0.0,
        "Right": 0.26521483063697815,
        "Left": 4.3641676902771,
        "Forward": 4.253338813781738,
        "Backward": 0.0
    },
    "low_confidence": 0.75732421875
}