{
    "loss": 0.4939935048421224,
    "accuracy": 79.97213514454894,
    "precision": 0.7970498356998829,
    "recall": 0.7997213514454894,
    "f1": 0.7956982233595282,
    "class_loss": {
        "Down": 0.21653077378869057,
        "Up": 0.5418818501962556,
        "Right": 1.0332385990354749,
        "Left": 0.5506152532736046,
        "Forward": 0.3994773490561379,
        "Backward": 1.2235466524270242
    },
    "low_confidence": 0.80615234375
}