{
    "loss": 1.1119280500544442,
    "accuracy": 61.85997910135841,
    "precision": 0.6180483867486098,
    "recall": 0.6185997910135841,
    "f1": 0.6062479390917292,
    "class_loss": {
        "Down": 1.1374907038713757,
        "Up": 1.9021010271583993,
        "Right": 2.545982402104598,
        "Left": 3.4437919350770803,
        "Forward": 0.6456577271223068,
        "Backward": 0.0
    },
    "low_confidence": 0.7587890625
}