{
    "loss": 0.29526579469718317,
    "accuracy": 89.19679152148665,
    "precision": 0.8917645988824714,
    "recall": 0.8919679152148664,
    "f1": 0.8902365666050757,
    "class_loss": {
        "Down": 0.1976417318262436,
        "Up": 0.22055828195341207,
        "Right": 0.2533583247827159,
        "Left": 0.20127818698960323,
        "Forward": 0.6692039825850062,
        "Backward": 0.0678596117880564
    },
    "low_confidence": 0.876953125
}