{
    "loss": 3.0073238056760334,
    "accuracy": 55.25914634146341,
    "precision": 0.5488071745813939,
    "recall": 0.5525914634146342,
    "f1": 0.540762510300633,
    "class_loss": {
        "Down": 2.0274854463338854,
        "Up": 1.713363896424579,
        "Right": 1.5789627759581113,
        "Left": 1.9097445265611492,
        "Forward": 1.5457358234651168,
        "Backward": 21.76585536532932
    },
    "low_confidence": 0.82666015625
}