{
    "loss": 0.663607342099702,
    "accuracy": 74.80037746806039,
    "precision": 0.7428614517593531,
    "recall": 0.748003774680604,
    "f1": 0.7400278431380787,
    "class_loss": {
        "Down": 0.30195024947601334,
        "Up": 0.6506723964379894,
        "Right": 0.6913485253850619,
        "Left": 0.46475117184497694,
        "Forward": 1.2952843071134001,
        "Backward": 0.27879839951034496
    },
    "low_confidence": 0.7236328125
}