{
    "loss": 1.4557214396384854,
    "accuracy": 50.04899825783972,
    "precision": 0.5524892691895578,
    "recall": 0.5004899825783972,
    "f1": 0.5168553732466021,
    "class_loss": {
        "Down": 1.096986546167645,
        "Up": 1.3737122832786246,
        "Right": 1.417286526825693,
        "Left": 2.040034342033323,
        "Forward": 1.9136904552578926,
        "Backward": 0.0
    },
    "low_confidence": 0.6982421875
}