{
    "loss": 0.7435054567125109,
    "accuracy": 71.05538140020899,
    "precision": 0.7092567200294662,
    "recall": 0.7105538140020898,
    "f1": 0.7031758017186106,
    "class_loss": {
        "Down": 0.45062676039006977,
        "Up": 0.8245932506190405,
        "Right": 1.2867670668496025,
        "Left": 1.1331054667631786,
        "Forward": 0.5633653832806481,
        "Backward": 1.4248257386684418
    },
    "low_confidence": 0.6845703125
}