{
    "loss": 0.9322898874680201,
    "accuracy": 64.7161267850923,
    "precision": 0.6295756433313372,
    "recall": 0.647161267850923,
    "f1": 0.6248515476797436,
    "class_loss": {
        "Down": 0.7233584660448527,
        "Up": 1.1292298721770446,
        "Right": 2.104808101287255,
        "Left": 2.413813358316055,
        "Forward": 0.8735121039466726,
        "Backward": 0.0
    },
    "low_confidence": 0.61767578125
}