{
    "loss": 0.4129191753656968,
    "accuracy": 84.3205574912892,
    "precision": 0.8481193597887078,
    "recall": 0.8432055749128919,
    "f1": 0.8441904275781655,
    "class_loss": {
        "Down": 0.28166616740434064,
        "Up": 0.36239035346585774,
        "Right": 0.5493035698714464,
        "Left": 0.638825781967329,
        "Forward": 0.38884437408136285,
        "Backward": 0.08614151228539413
    },
    "low_confidence": 0.81201171875
}