{
    "loss": 1.538904819799506,
    "accuracy": 60.90592334494774,
    "precision": 0.6290004171131421,
    "recall": 0.6090592334494773,
    "f1": 0.6029557895153393,
    "class_loss": {
        "Down": 1.770520066221555,
        "Up": 2.8078342308600743,
        "Right": 1.624336376786232,
        "Left": 5.081322897225618,
        "Forward": 0.6602850710244282,
        "Backward": 0.0
    },
    "low_confidence": 0.765625
}