{
    "loss": 0.7537653128306071,
    "accuracy": 69.59247648902821,
    "precision": 0.6933064600079821,
    "recall": 0.6959247648902821,
    "f1": 0.6869654003847147,
    "class_loss": {
        "Down": 0.7848390618960063,
        "Up": 0.7864064560996161,
        "Right": 1.4187449362542894,
        "Left": 1.0085739206936624,
        "Forward": 0.4722290072176192,
        "Backward": 1.5743281171130745
    },
    "low_confidence": 0.68798828125
}