{
    "loss": 0.9560599575440089,
    "accuracy": 63.70602577499129,
    "precision": 0.6117651489000856,
    "recall": 0.6370602577499129,
    "f1": 0.6159452274630036,
    "class_loss": {
        "Down": 1.0132025848878057,
        "Up": 1.0750961042940617,
        "Right": 2.577342858681312,
        "Left": 2.3808258061225596,
        "Forward": 0.7245457708421681,
        "Backward": 0.0
    },
    "low_confidence": 0.64111328125
}