{
    "loss": 1.010508308145735,
    "accuracy": 54.44096133751306,
    "precision": 0.5920848233325801,
    "recall": 0.5444096133751306,
    "f1": 0.5591003806108936,
    "class_loss": {
        "Down": 0.9313937644163768,
        "Up": 0.9342244327068329,
        "Right": 1.2279842873414357,
        "Left": 0.9667114449871911,
        "Forward": 0.9581466529104444,
        "Backward": 2.928532159702048
    },
    "low_confidence": 0.72998046875
}