{
    "loss": 2.5616727656788294,
    "accuracy": 32.532218739115294,
    "precision": 0.4640760539594571,
    "recall": 0.32532218739115293,
    "f1": 0.3350504199531213,
    "class_loss": {
        "Down": 3.913423312337775,
        "Up": 3.5090310292628906,
        "Right": 2.663365064260478,
        "Left": 4.229371627792716,
        "Forward": 1.745861755311489,
        "Backward": 0.0
    },
    "low_confidence": 0.84033203125
}