{
    "loss": 0.6239319774839613,
    "accuracy": 75.23510971786834,
    "precision": 0.748409208280575,
    "recall": 0.7523510971786834,
    "f1": 0.7453943855430926,
    "class_loss": {
        "Down": 0.4336467011107339,
        "Up": 0.6085772567325168,
        "Right": 1.1142601205243006,
        "Left": 1.0171877635849846,
        "Forward": 0.45062494542863635,
        "Backward": 1.3263479745744362
    },
    "low_confidence": 0.724609375
}