{
    "loss": 1.0022887935241063,
    "accuracy": 62.347614071752005,
    "precision": 0.6096551480488388,
    "recall": 0.62347614071752,
    "f1": 0.5974650667888687,
    "class_loss": {
        "Down": 0.984682999943432,
        "Up": 1.085992078917722,
        "Right": 2.9344679300601664,
        "Left": 3.2639827659496894,
        "Forward": 0.6652944901595927,
        "Backward": 0.0
    },
    "low_confidence": 0.69091796875
}