{
    "loss": 0.5045717577139537,
    "accuracy": 79.90247300592128,
    "precision": 0.7959935730645705,
    "recall": 0.7990247300592128,
    "f1": 0.7926906012218684,
    "class_loss": {
        "Down": 0.18696148238248295,
        "Up": 0.5159522546662225,
        "Right": 1.1387850476635828,
        "Left": 0.6669041545647714,
        "Forward": 0.3870297306113773,
        "Backward": 0.9719098469434791
    },
    "low_confidence": 0.8076171875
}