{
    "loss": 1.0671596967511707,
    "accuracy": 62.5914315569488,
    "precision": 0.6164592260516444,
    "recall": 0.625914315569488,
    "f1": 0.6104661291659192,
    "class_loss": {
        "Down": 0.8426510158338045,
        "Up": 1.717132095247507,
        "Right": 2.808014539571909,
        "Left": 3.3808789493945928,
        "Forward": 0.7503308648140066,
        "Backward": 0.0
    },
    "low_confidence": 0.7568359375
}