{
    "loss": 0.5496533357578776,
    "accuracy": 77.90940766550523,
    "precision": 0.7799243447160337,
    "recall": 0.7790940766550523,
    "f1": 0.7731836098379593,
    "class_loss": {
        "Down": 0.49689487853775854,
        "Up": 0.5969983792823294,
        "Right": 1.1224891906199248,
        "Left": 0.805358825818352,
        "Forward": 0.3450230055529138,
        "Backward": 0.1383289475692436
    },
    "low_confidence": 0.75927734375
}