{
    "loss": 1.174243978832079,
    "accuracy": 62.57839721254356,
    "precision": 0.627950211071428,
    "recall": 0.6257839721254356,
    "f1": 0.6068052971457554,
    "class_loss": {
        "Down": 1.4785390893618267,
        "Up": 1.9352485497792562,
        "Right": 2.703611453374227,
        "Left": 3.804752141237259,
        "Forward": 0.4831951325354369,
        "Backward": 0.0
    },
    "low_confidence": 0.73388671875
}