{
    "loss": 0.8105761353616361,
    "accuracy": 65.579631242741,
    "precision": 0.6918724939788485,
    "recall": 0.65579631242741,
    "f1": 0.6579423635373133,
    "class_loss": {
        "Down": 0.6313959794739882,
        "Up": 0.9988050629143361,
        "Right": 1.0260501506703872,
        "Left": 0.5674658565333596,
        "Forward": 0.7315512157424733,
        "Backward": 1.1499545302380014
    },
    "low_confidence": 0.66845703125
}