{
    "loss": 1.5674634932850797,
    "accuracy": 45.90955284552845,
    "precision": 0.5742088042256758,
    "recall": 0.45909552845528456,
    "f1": 0.4813127466169812,
    "class_loss": {
        "Down": 1.8898725423260012,
        "Up": 1.647029818002,
        "Right": 1.6672716703679826,
        "Left": 2.0198006414575502,
        "Forward": 1.016582136042416,
        "Backward": 0.0
    },
    "low_confidence": 0.666015625
}