{
    "loss": 0.7991201506720649,
    "accuracy": 67.43295019157088,
    "precision": 0.6714925664830542,
    "recall": 0.6743295019157088,
    "f1": 0.6616252639833229,
    "class_loss": {
        "Down": 0.7084013859430949,
        "Up": 1.1655888583925036,
        "Right": 1.3343160271644592,
        "Left": 1.02608164217737,
        "Forward": 0.49165933397081163,
        "Backward": 2.018835330139036
    },
    "low_confidence": 0.6513671875
}