{
    "loss": 0.9767302539613512,
    "accuracy": 62.103796586555205,
    "precision": 0.6215328274316595,
    "recall": 0.621037965865552,
    "f1": 0.5931138453392838,
    "class_loss": {
        "Down": 0.9563164710998535,
        "Up": 1.4120466162761052,
        "Right": 2.4350334589297953,
        "Left": 2.3766088588879657,
        "Forward": 0.6264246823266149,
        "Backward": 0.0
    },
    "low_confidence": 0.6298828125
}