{
    "loss": 1.023880158861478,
    "accuracy": 61.26785092302334,
    "precision": 0.5874486023271275,
    "recall": 0.6126785092302334,
    "f1": 0.5777498271594206,
    "class_loss": {
        "Down": 0.8685476829608282,
        "Up": 1.2278662572304408,
        "Right": 1.6458536684513092,
        "Left": 1.7909797231356304,
        "Forward": 0.6387125899394354,
        "Backward": 3.6554044008255007
    },
    "low_confidence": 0.55322265625
}