{
    "loss": 1.201923554142316,
    "accuracy": 58.063392546151164,
    "precision": 0.5408914523378561,
    "recall": 0.5806339254615117,
    "f1": 0.5487578153415491,
    "class_loss": {
        "Down": 0.7219443172216415,
        "Up": 1.2532781213521957,
        "Right": 1.823809524377187,
        "Left": 1.977439949909846,
        "Forward": 0.8076292822758356,
        "Backward": 5.600338339805603
    },
    "low_confidence": 0.544921875
}