{
    "loss": 0.8254072070121765,
    "accuracy": 70.6896551724138,
    "precision": 0.6772523664638269,
    "recall": 0.7068965517241379,
    "f1": 0.6838056117485368,
    "class_loss": {
        "Down": 0.29945412278175354,
        "Up": 1.5287038087844849,
        "Right": 0.8643513917922974,
        "Left": 0.23536252975463867,
        "Forward": 0.9272242188453674,
        "Backward": 1.9588148593902588
    },
    "low_confidence": 0.65185546875
}