{
    "loss": 1.7448545694351196,
    "accuracy": 58.62068965517241,
    "precision": 0.3730407523510972,
    "recall": 0.5862068965517241,
    "f1": 0.4559386973180076,
    "class_loss": {
        "Down": 0.0,
        "Up": 0.0,
        "Right": 0.371125727891922,
        "Left": 3.8376970291137695,
        "Forward": 3.830839157104492,
        "Backward": 0.0
    },
    "low_confidence": 0.6728515625
}