{
    "loss": 1.07536670366923,
    "accuracy": 52.35109717868338,
    "precision": 0.5706897784683581,
    "recall": 0.5235109717868338,
    "f1": 0.5364860213196532,
    "class_loss": {
        "Down": 1.1764770521057977,
        "Up": 1.1400051103697884,
        "Right": 1.216311948829227,
        "Left": 1.0880658057000903,
        "Forward": 0.9412360774146186,
        "Backward": 2.7135022132332036
    },
    "low_confidence": 0.7275390625
}