{
    "loss": 2.66791775226593,
    "accuracy": 32.14907697666318,
    "precision": 0.46583552404385664,
    "recall": 0.3214907697666318,
    "f1": 0.33153747965984076,
    "class_loss": {
        "Down": 4.420361581601594,
        "Up": 3.5563952767600617,
        "Right": 2.546728947880463,
        "Left": 4.296014276548074,
        "Forward": 1.7112850926816463,
        "Backward": 0.0
    },
    "low_confidence": 0.841796875
}