{
    "loss": 0.6228852945345419,
    "accuracy": 77.05066782810685,
    "precision": 0.7680843824015686,
    "recall": 0.7705066782810686,
    "f1": 0.7649439081877746,
    "class_loss": {
        "Down": 0.38545558567124383,
        "Up": 0.4265262638391168,
        "Right": 0.6536504460705651,
        "Left": 0.564064159989357,
        "Forward": 1.1565533285891567,
        "Backward": 0.3365897048195755
    },
    "low_confidence": 0.7265625
}