{
    "loss": 1.138382317489703,
    "accuracy": 58.83238966318235,
    "precision": 0.611945168696528,
    "recall": 0.5883238966318235,
    "f1": 0.5938138661076676,
    "class_loss": {
        "Down": 1.0340528604776964,
        "Up": 0.798823017896299,
        "Right": 1.310255562265714,
        "Left": 1.771034225501353,
        "Forward": 1.4575820944962963,
        "Backward": 0.0
    },
    "low_confidence": 0.6435546875
}