{
    "loss": 0.5900041057003869,
    "accuracy": 75.89690003483106,
    "precision": 0.7555199540953826,
    "recall": 0.7589690003483107,
    "f1": 0.7555966401955864,
    "class_loss": {
        "Down": 0.47161701685852475,
        "Up": 0.6538349479436875,
        "Right": 1.0738633109463587,
        "Left": 0.7459304855929481,
        "Forward": 0.4338675896326701,
        "Backward": 0.809377980028765
    },
    "low_confidence": 0.7431640625
}