{
    "loss": 1.041274333993594,
    "accuracy": 59.90943921978405,
    "precision": 0.6070097513239988,
    "recall": 0.5990943921978404,
    "f1": 0.5900531684170612,
    "class_loss": {
        "Down": 1.4095331995110763,
        "Up": 1.4956479140867789,
        "Right": 1.976695532982166,
        "Left": 2.567137329051128,
        "Forward": 0.6700249731747641,
        "Backward": 0.0
    },
    "low_confidence": 0.6884765625
}