{
    "loss": 0.4199373498558998,
    "accuracy": 84.16448896631823,
    "precision": 0.8398505678661838,
    "recall": 0.8416448896631823,
    "f1": 0.8363902781371317,
    "class_loss": {
        "Down": 0.17386160701237344,
        "Up": 0.2562407405219144,
        "Right": 0.5133459911578231,
        "Left": 0.2399059669976985,
        "Forward": 0.959500691956944,
        "Backward": 0.16534056133564767
    },
    "low_confidence": 0.83056640625
}