{
    "loss": 2.2944264803075014,
    "accuracy": 42.808144599303134,
    "precision": 0.5033381584951628,
    "recall": 0.4280814459930314,
    "f1": 0.4481071497662148,
    "class_loss": {
        "Down": 2.4320512275090036,
        "Up": 1.9245461268159028,
        "Right": 2.7135988011335335,
        "Left": 3.2780317591968924,
        "Forward": 2.028092698517045,
        "Backward": 0.0
    },
    "low_confidence": 0.8115234375
}