{
    "loss": 0.5173817076887957,
    "accuracy": 78.61679732868757,
    "precision": 0.7871202829935051,
    "recall": 0.7861679732868757,
    "f1": 0.7842528690350972,
    "class_loss": {
        "Down": 0.4599723848281699,
        "Up": 0.5330920175808233,
        "Right": 0.5333612684277292,
        "Left": 0.3145832362434417,
        "Forward": 0.8558473669416536,
        "Backward": 0.08843442665745828
    },
    "low_confidence": 0.7919921875
}