{
    "loss": 4.026319651069066,
    "accuracy": 28.53150406504065,
    "precision": 0.4646247865754713,
    "recall": 0.2853150406504065,
    "f1": 0.2744222189132353,
    "class_loss": {
        "Down": 5.014118830154164,
        "Up": 4.809475254799638,
        "Right": 3.0910041718840753,
        "Left": 4.558981493659145,
        "Forward": 1.875342082756924,
        "Backward": 0.0
    },
    "low_confidence": 0.85693359375
}