{
    "loss": 6.347575626991413,
    "accuracy": 37.57440476190476,
    "precision": 0.43937090700948994,
    "recall": 0.3757440476190476,
    "f1": 0.3415723272306952,
    "class_loss": {
        "Down": 15.387741247812906,
        "Up": 2.8900964949969894,
        "Right": 3.541396490401692,
        "Left": 3.666219334911417,
        "Forward": 4.862841718726688,
        "Backward": 12.773988558186424
    },
    "low_confidence": 0.87060546875
}