{
    "loss": 7.2711616519373585,
    "accuracy": 35.22611788617886,
    "precision": 0.4551362068253946,
    "recall": 0.3522611788617886,
    "f1": 0.3264698897982667,
    "class_loss": {
        "Down": 17.216408579245858,
        "Up": 3.6020697646317457,
        "Right": 3.894163569894671,
        "Left": 5.615286624641158,
        "Forward": 5.353205034831321,
        "Backward": 0.0
    },
    "low_confidence": 0.88232421875
}