{
    "loss": 0.38232240439565096,
    "accuracy": 85.77598722415796,
    "precision": 0.8595069914157449,
    "recall": 0.8577598722415796,
    "f1": 0.8520920105916884,
    "class_loss": {
        "Down": 0.18345418406857383,
        "Up": 0.27890671468857264,
        "Right": 0.34174997738941953,
        "Left": 0.2085946355946362,
        "Forward": 0.9885116851440182,
        "Backward": 0.07850956806241474
    },
    "low_confidence": 0.8564453125
}