{
    "loss": 2.6000106564946086,
    "accuracy": 57.128339140534266,
    "precision": 0.539829424415317,
    "recall": 0.5712833914053427,
    "f1": 0.5524589217620561,
    "class_loss": {
        "Down": 1.4442072791606189,
        "Up": 1.4920452266584996,
        "Right": 1.3276263712337468,
        "Left": 1.2951227109857697,
        "Forward": 1.7028029378082963,
        "Backward": 19.485043313768173
    },
    "low_confidence": 0.80224609375
}