{
    "loss": 0.4728439490000407,
    "accuracy": 81.64402647161268,
    "precision": 0.8159586616591036,
    "recall": 0.8164402647161267,
    "f1": 0.8133936671783274,
    "class_loss": {
        "Down": 0.2697673080696,
        "Up": 0.3484527811408043,
        "Right": 0.8551323503255844,
        "Left": 0.7386451219518979,
        "Forward": 0.40108058154582976,
        "Backward": 1.0983724220549567
    },
    "low_confidence": 0.80322265625
}