{
    "loss": 1.1938606086704466,
    "accuracy": 61.47683733890631,
    "precision": 0.6128648512066067,
    "recall": 0.6147683733890631,
    "f1": 0.6013689138128437,
    "class_loss": {
        "Down": 1.0759788281039189,
        "Up": 1.7658329972376425,
        "Right": 3.4117137698026805,
        "Left": 4.154562155787762,
        "Forward": 0.6065596415040394,
        "Backward": 0.0
    },
    "low_confidence": 0.75
}