{
    "loss": 0.5095613547773273,
    "accuracy": 80.38980836236934,
    "precision": 0.8000251907234699,
    "recall": 0.8038980836236934,
    "f1": 0.7980941337736359,
    "class_loss": {
        "Down": 0.2713698341200749,
        "Up": 0.3250560734283041,
        "Right": 0.6488199311274069,
        "Left": 0.34459658712148666,
        "Forward": 1.0159808082713022,
        "Backward": 0.19229624001309276
    },
    "low_confidence": 0.78369140625
}