{
    "loss": 1.6577692530877863,
    "accuracy": 48.98011033681765,
    "precision": 0.5467149311050298,
    "recall": 0.48980110336817656,
    "f1": 0.5060720254199883,
    "class_loss": {
        "Down": 1.926971838850042,
        "Up": 1.0438822284523195,
        "Right": 1.958212465668718,
        "Left": 2.580774957081303,
        "Forward": 1.6691942984508652,
        "Backward": 0.0
    },
    "low_confidence": 0.75
}