{
    "loss": 0.46757757553347834,
    "accuracy": 82.8215737514518,
    "precision": 0.8285214614539455,
    "recall": 0.828215737514518,
    "f1": 0.8204605634892803,
    "class_loss": {
        "Down": 0.18938390593285914,
        "Up": 0.32489048292929373,
        "Right": 0.41754000171743055,
        "Left": 0.4136914296282662,
        "Forward": 1.0897689569327567,
        "Backward": 0.11976618919935492
    },
    "low_confidence": 0.79541015625
}