{
    "loss": 1.455286644360361,
    "accuracy": 55.21740708478514,
    "precision": 0.5892279766652706,
    "recall": 0.5521740708478513,
    "f1": 0.5656678438525456,
    "class_loss": {
        "Down": 1.4502366445958614,
        "Up": 0.9839844311957797,
        "Right": 1.62905012195309,
        "Left": 2.4070223417948,
        "Forward": 1.6861737008777358,
        "Backward": 0.0
    },
    "low_confidence": 0.73876953125
}