{
    "loss": 0.06985050418276202,
    "accuracy": 97.74789488966319,
    "precision": 0.977943696276695,
    "recall": 0.9774789488966318,
    "f1": 0.9771289791175494,
    "class_loss": {
        "Down": 0.0193250859652094,
        "Up": 0.05027893148966272,
        "Right": 0.03814605482922936,
        "Left": 0.009150246041287944,
        "Forward": 0.25203458392233763,
        "Backward": 0.001501801553276723
    },
    "low_confidence": 0.96435546875
}