{
    "loss": 3.4854130120239564,
    "accuracy": 47.24883855981417,
    "precision": 0.5666177831839528,
    "recall": 0.4724883855981417,
    "f1": 0.47065837798565413,
    "class_loss": {
        "Down": 2.828081776010214,
        "Up": 3.933539600316435,
        "Right": 5.028428301194703,
        "Left": 5.648299381137484,
        "Forward": 1.3498943130855563,
        "Backward": 0.0
    },
    "low_confidence": 0.88671875
}