{
    "loss": 0.5839712204480613,
    "accuracy": 77.73482868757259,
    "precision": 0.7748273758326615,
    "recall": 0.7773482868757259,
    "f1": 0.7718800358282119,
    "class_loss": {
        "Down": 0.3266380603114764,
        "Up": 0.6418521371152666,
        "Right": 0.6349435142344899,
        "Left": 0.2985603757616546,
        "Forward": 1.0843468807913639,
        "Backward": 0.2940491153944836
    },
    "low_confidence": 0.7509765625
}