{
    "loss": 1.5497882019909512,
    "accuracy": 47.43757259001161,
    "precision": 0.5392482803578372,
    "recall": 0.4743757259001161,
    "f1": 0.49178266167906104,
    "class_loss": {
        "Down": 1.5807901764477508,
        "Up": 1.3988539268296347,
        "Right": 1.736647131956286,
        "Left": 1.9211587876779959,
        "Forward": 1.6727968486206186,
        "Backward": 0.0
    },
    "low_confidence": 0.7294921875
}