{
    "loss": 0.9050275484720866,
    "accuracy": 65.55207244862417,
    "precision": 0.6432230903324142,
    "recall": 0.6555207244862418,
    "f1": 0.6290266605719387,
    "class_loss": {
        "Down": 0.764069452881813,
        "Up": 1.046567623813947,
        "Right": 1.5790070096651714,
        "Left": 1.6472838521003723,
        "Forward": 0.5435908337434133,
        "Backward": 2.5426114559173585
    },
    "low_confidence": 0.61083984375
}