{
    "loss": 1.1403952886660893,
    "accuracy": 61.16335771508185,
    "precision": 0.5749821504636068,
    "recall": 0.6116335771508186,
    "f1": 0.5857341763296048,
    "class_loss": {
        "Down": 0.6699553174631936,
        "Up": 1.1960709765553474,
        "Right": 1.8421076536178589,
        "Left": 2.0683796207110086,
        "Forward": 0.6958872328201929,
        "Backward": 5.674328446388245
    },
    "low_confidence": 0.6083984375
}