{
    "loss": 0.6143969388111777,
    "accuracy": 74.84320557491289,
    "precision": 0.7518771039583368,
    "recall": 0.748432055749129,
    "f1": 0.7448998207622513,
    "class_loss": {
        "Down": 0.4057858670535295,
        "Up": 0.9181773299756257,
        "Right": 0.824307584244272,
        "Left": 1.013533636279728,
        "Forward": 0.4684345165024633,
        "Backward": 0.06824272694648244
    },
    "low_confidence": 0.73583984375
}