{
    "loss": 1.1490811018840126,
    "accuracy": 61.11498257839721,
    "precision": 0.656865484057837,
    "recall": 0.6111498257839721,
    "f1": 0.6121546897847471,
    "class_loss": {
        "Down": 0.6477375775575638,
        "Up": 2.0720471809307734,
        "Right": 1.464235817392667,
        "Left": 3.4628594989577928,
        "Forward": 0.7855907769306846,
        "Backward": 0.0
    },
    "low_confidence": 0.7158203125
}