{
    "loss": 0.4265124823736108,
    "accuracy": 82.85714285714286,
    "precision": 0.8346013702795098,
    "recall": 0.8285714285714286,
    "f1": 0.8294359913059283,
    "class_loss": {
        "Down": 0.48272871582404425,
        "Up": 0.2597381565719843,
        "Right": 0.6496848023456075,
        "Left": 0.456194043321454,
        "Forward": 0.39650507465652796,
        "Backward": 0.0595551326754503
    },
    "low_confidence": 0.82275390625
}