{
    "loss": 1.705020375225855,
    "accuracy": 58.1184668989547,
    "precision": 0.5923170735097116,
    "recall": 0.581184668989547,
    "f1": 0.5675376187309402,
    "class_loss": {
        "Down": 2.504826936456892,
        "Up": 2.9912570481499037,
        "Right": 2.273063004016876,
        "Left": 5.829576378067334,
        "Forward": 0.6526826827422433,
        "Backward": 0.0
    },
    "low_confidence": 0.81298828125
}