{
    "loss": 1.455694556236267,
    "accuracy": 37.93103448275862,
    "precision": 0.2413793103448276,
    "recall": 0.3793103448275862,
    "f1": 0.28735632183908044,
    "class_loss": {
        "Down": 1.8171676397323608,
        "Up": 2.5586280822753906,
        "Right": 1.2952959537506104,
        "Left": 1.66551673412323,
        "Forward": 1.0347511768341064,
        "Backward": 1.4364739656448364
    },
    "low_confidence": 0.368408203125
}