{
    "loss": 1.5688494443893433,
    "accuracy": 60.3448275862069,
    "precision": 0.36414982164090365,
    "recall": 0.603448275862069,
    "f1": 0.45420837968112715,
    "class_loss": {
        "Down": 0.0,
        "Up": 0.0,
        "Right": 0.5879307985305786,
        "Left": 4.025232315063477,
        "Forward": 1.2546520233154297,
        "Backward": 0.0
    },
    "low_confidence": 0.5517578125
}