{
    "loss": 0.6300535016589695,
    "accuracy": 73.84186694531522,
    "precision": 0.7384637270987923,
    "recall": 0.7384186694531523,
    "f1": 0.7316128432001578,
    "class_loss": {
        "Down": 0.3521172049972746,
        "Up": 0.4600018001264996,
        "Right": 1.1509472462866042,
        "Left": 0.9726053476333618,
        "Forward": 0.5379255897468991,
        "Backward": 1.3607209838076455
    },
    "low_confidence": 0.736328125
}