{
    "loss": 1.01663149661488,
    "accuracy": 64.78578892371996,
    "precision": 0.6525607319313257,
    "recall": 0.6478578892371996,
    "f1": 0.6387164015488482,
    "class_loss": {
        "Down": 0.6362944010056948,
        "Up": 1.0769871796170871,
        "Right": 2.7549182726786685,
        "Left": 3.2012904229072423,
        "Forward": 0.9520460427531765,
        "Backward": 0.0
    },
    "low_confidence": 0.69677734375
}