{
    "loss": 0.8308322350184123,
    "accuracy": 67.3284569836294,
    "precision": 0.6706236684314836,
    "recall": 0.6732845698362939,
    "f1": 0.667142938321285,
    "class_loss": {
        "Down": 0.6181674559911092,
        "Up": 0.8872954659991794,
        "Right": 1.300640410847134,
        "Left": 1.308365285065439,
        "Forward": 0.6202220254474216,
        "Backward": 2.184658321997394
    },
    "low_confidence": 0.65869140625
}