{
    "loss": 0.9839147349198659,
    "accuracy": 62.312783002438174,
    "precision": 0.6263814100955739,
    "recall": 0.6231278300243818,
    "f1": 0.6069516772091763,
    "class_loss": {
        "Down": 0.6332544951062453,
        "Up": 1.0189411578079064,
        "Right": 2.3352946684910703,
        "Left": 2.5771929931182127,
        "Forward": 0.992874553344316,
        "Backward": 0.0
    },
    "low_confidence": 0.61669921875
}