{
    "loss": 0.8443100943609521,
    "accuracy": 68.30901567944251,
    "precision": 0.6880741055208768,
    "recall": 0.6830901567944251,
    "f1": 0.6802514136337513,
    "class_loss": {
        "Down": 0.6316507330371274,
        "Up": 0.6519805435781125,
        "Right": 1.1088423237756446,
        "Left": 0.9888660626278983,
        "Forward": 0.9001847345519949,
        "Backward": 0.6393498834567489
    },
    "low_confidence": 0.64404296875
}