{
    "loss": 1.7455505293414548,
    "accuracy": 54.573170731707314,
    "precision": 0.516774413504205,
    "recall": 0.5457317073170732,
    "f1": 0.5181281521567982,
    "class_loss": {
        "Down": 0.9602363303303718,
        "Up": 0.9779688977571421,
        "Right": 1.3558160444585288,
        "Left": 1.4893109497648698,
        "Forward": 1.0693067370823794,
        "Backward": 10.161500427458021
    },
    "low_confidence": 0.6162109375
}