{
    "loss": 1.6565169095993042,
    "accuracy": 36.206896551724135,
    "precision": 0.23625349487418454,
    "recall": 0.3620689655172414,
    "f1": 0.27894088669950745,
    "class_loss": {
        "Down": 2.0788681507110596,
        "Up": 2.710353374481201,
        "Right": 1.285063624382019,
        "Left": 1.9283264875411987,
        "Forward": 1.2533659934997559,
        "Backward": 2.0124661922454834
    },
    "low_confidence": 0.364501953125
}