{
    "loss": 1.7669398784637451,
    "accuracy": 60.3448275862069,
    "precision": 0.36414982164090365,
    "recall": 0.603448275862069,
    "f1": 0.45420837968112715,
    "class_loss": {
        "Down": 0.0,
        "Up": 0.0,
        "Right": 0.8059555292129517,
        "Left": 4.466504096984863,
        "Forward": 0.9095631241798401,
        "Backward": 0.0
    },
    "low_confidence": 0.444580078125
}