{
    "loss": 0.6223424673080444,
    "accuracy": 75.80299785867237,
    "precision": 0.7790476460845839,
    "recall": 0.7580299785867237,
    "f1": 0.762515505473795,
    "class_loss": {
        "Down": 0.5379543080925941,
        "Up": 0.7862243205308914,
        "Right": 0.8422354161739349,
        "Left": 0.4122391864657402,
        "Forward": 0.5355302765965462,
        "Backward": 1.0522077083587646
    },
    "low_confidence": 0.69384765625
}