{
    "loss": 2.1708225160837173,
    "accuracy": 60.17130620985011,
    "precision": 0.36818334394351526,
    "recall": 0.6017130620985011,
    "f1": 0.4568337936254213,
    "class_loss": {
        "Down": 0.0,
        "Up": 0.0,
        "Right": 0.3374144062399864,
        "Left": 5.635942459106445,
        "Forward": 3.882837653160095,
        "Backward": 0.0
    },
    "low_confidence": 0.71142578125
}