{
    "loss": 0.47139933705329895,
    "accuracy": 81.03448275862068,
    "precision": 0.8250000000000002,
    "recall": 0.8103448275862069,
    "f1": 0.8032801780927719,
    "class_loss": {
        "Down": 0.13197612762451172,
        "Up": 2.1856796741485596,
        "Right": 0.5423851609230042,
        "Left": 0.20867763459682465,
        "Forward": 0.6415472030639648,
        "Backward": 0.0
    },
    "low_confidence": 0.75830078125
}