{
    "loss": 2.2036688327789307,
    "accuracy": 60.3448275862069,
    "precision": 0.36414982164090365,
    "recall": 0.603448275862069,
    "f1": 0.45420837968112715,
    "class_loss": {
        "Down": 0.0,
        "Up": 0.0,
        "Right": 0.12619248032569885,
        "Left": 5.314812660217285,
        "Forward": 5.459233283996582,
        "Backward": 0.0
    },
    "low_confidence": 0.86962890625
}