{
    "loss": 0.6879761272006565,
    "accuracy": 72.76210379658656,
    "precision": 0.727574848661818,
    "recall": 0.7276210379658655,
    "f1": 0.7159839880839943,
    "class_loss": {
        "Down": 0.54980991019143,
        "Up": 0.818083855178621,
        "Right": 1.1566532863510979,
        "Left": 1.359603672557407,
        "Forward": 0.3908543914556503,
        "Backward": 1.295005057603121
    },
    "low_confidence": 0.71435546875
}