{
    "loss": 1.035602797402276,
    "accuracy": 61.05886450714037,
    "precision": 0.6403746506736934,
    "recall": 0.6105886450714036,
    "f1": 0.5744441099565591,
    "class_loss": {
        "Down": 1.455771709743299,
        "Up": 1.358333273480336,
        "Right": 2.28491361783101,
        "Left": 3.0204061372922015,
        "Forward": 0.5106385398966571,
        "Backward": 0.0
    },
    "low_confidence": 0.69384765625
}