{
    "loss": 0.5163623690605164,
    "accuracy": 81.03448275862068,
    "precision": 0.8407756205930649,
    "recall": 0.8103448275862069,
    "f1": 0.8170708697426532,
    "class_loss": {
        "Down": 0.29431936144828796,
        "Up": 2.5447628498077393,
        "Right": 0.6031469702720642,
        "Left": 0.29803749918937683,
        "Forward": 0.5949016809463501,
        "Backward": 0.0
    },
    "low_confidence": 0.7158203125
}