{
    "loss": 2.044236183166504,
    "accuracy": 60.3448275862069,
    "precision": 0.36414982164090365,
    "recall": 0.603448275862069,
    "f1": 0.45420837968112715,
    "class_loss": {
        "Down": 0.0,
        "Up": 0.0,
        "Right": 0.08965212851762772,
        "Left": 4.948305606842041,
        "Forward": 5.1504130363464355,
        "Backward": 0.0
    },
    "low_confidence": 0.904296875
}