{
    "loss": 0.45343436921636265,
    "accuracy": 82.93408826945412,
    "precision": 0.8294991458206277,
    "recall": 0.8293408826945412,
    "f1": 0.8240390825972943,
    "class_loss": {
        "Down": 0.3374145484218995,
        "Up": 0.33074003147582215,
        "Right": 0.397695811258422,
        "Left": 0.2912470791488886,
        "Forward": 0.9879293405899295,
        "Backward": 0.11905664879951575
    },
    "low_confidence": 0.80419921875
}