{
    "loss": 2.2470761675873225,
    "accuracy": 40.74114401858304,
    "precision": 0.4998792435431958,
    "recall": 0.4074114401858304,
    "f1": 0.423495088184386,
    "class_loss": {
        "Down": 2.9207301606032727,
        "Up": 1.9006634486386138,
        "Right": 1.7345105125568807,
        "Left": 3.0101059190928936,
        "Forward": 1.9412856333168043,
        "Backward": 0.0
    },
    "low_confidence": 0.81201171875
}