{
    "loss": 0.5438038360465456,
    "accuracy": 79.78186701509873,
    "precision": 0.79519865572494,
    "recall": 0.7978186701509872,
    "f1": 0.790575853102691,
    "class_loss": {
        "Down": 0.32651579000607683,
        "Up": 0.34262970583168445,
        "Right": 0.5907853854199251,
        "Left": 0.38350672074766073,
        "Forward": 1.132885900636514,
        "Backward": 0.22205445933569637
    },
    "low_confidence": 0.76806640625
}