{
    "loss": 1.4247168437275965,
    "accuracy": 52.9253774680604,
    "precision": 0.5498712935306898,
    "recall": 0.529253774680604,
    "f1": 0.5378198555452516,
    "class_loss": {
        "Down": 1.4011519200883913,
        "Up": 0.9651079503370517,
        "Right": 2.0207477977706327,
        "Left": 1.9737571218283847,
        "Forward": 1.7316056224968164,
        "Backward": 0.0
    },
    "low_confidence": 0.7177734375
}