{
    "loss": 0.7715358138084412,
    "accuracy": 68.96551724137932,
    "precision": 0.6649021980237951,
    "recall": 0.6896551724137931,
    "f1": 0.6707745306883239,
    "class_loss": {
        "Down": 0.3966820240020752,
        "Up": 1.49091374874115,
        "Right": 0.7091664671897888,
        "Left": 0.23327051103115082,
        "Forward": 0.805274486541748,
        "Backward": 1.9857056140899658
    },
    "low_confidence": 0.6669921875
}