{
    "loss": 1.7695136070251465,
    "accuracy": 60.3448275862069,
    "precision": 0.36414982164090365,
    "recall": 0.603448275862069,
    "f1": 0.45420837968112715,
    "class_loss": {
        "Down": 0.0,
        "Up": 0.0,
        "Right": 0.19929146766662598,
        "Left": 4.362483978271484,
        "Forward": 3.777416467666626,
        "Backward": 0.0
    },
    "low_confidence": 0.80322265625
}