{
    "loss": 1.318441543314192,
    "accuracy": 47.71856495994427,
    "precision": 0.5218633467063628,
    "recall": 0.4771856495994427,
    "f1": 0.48824795478211885,
    "class_loss": {
        "Down": 1.303119064701928,
        "Up": 1.3282261629899343,
        "Right": 1.9331261780526903,
        "Left": 1.0113100429375967,
        "Forward": 1.183255926767985,
        "Backward": 3.0431164499710905
    },
    "low_confidence": 0.7001953125
}