{
    "loss": 2.030242164267434,
    "accuracy": 33.61198188784396,
    "precision": 0.4585805119321026,
    "recall": 0.33611981887843956,
    "f1": 0.3404461249676821,
    "class_loss": {
        "Down": 2.8546546132940995,
        "Up": 2.532914593971024,
        "Right": 2.202040634762782,
        "Left": 3.0755030144579134,
        "Forward": 1.5700701412227418,
        "Backward": 0.0
    },
    "low_confidence": 0.76708984375
}