{
    "loss": 0.6264301486637281,
    "accuracy": 74.70383275261324,
    "precision": 0.747892743917111,
    "recall": 0.7470383275261324,
    "f1": 0.7303366239776595,
    "class_loss": {
        "Down": 0.5070894917716151,
        "Up": 0.7010750135649806,
        "Right": 1.626274559808814,
        "Left": 0.8176543323890023,
        "Forward": 0.35116813817749853,
        "Backward": 0.38228207875508813
    },
    "low_confidence": 0.744140625
}