{
    "loss": 1.0953680328700854,
    "accuracy": 63.55400696864111,
    "precision": 0.6298569132119406,
    "recall": 0.6355400696864112,
    "f1": 0.6233851872665005,
    "class_loss": {
        "Down": 0.9191025147835413,
        "Up": 1.807123319307963,
        "Right": 3.0308501720428467,
        "Left": 3.00179939220349,
        "Forward": 0.6089139302139697,
        "Backward": 0.0
    },
    "low_confidence": 0.70458984375
}