{
    "loss": 1.1129435022672018,
    "accuracy": 50.67920585161964,
    "precision": 0.5667837218982752,
    "recall": 0.5067920585161965,
    "f1": 0.522712351614959,
    "class_loss": {
        "Down": 1.0868059833844503,
        "Up": 1.338973381784227,
        "Right": 1.5156670994228787,
        "Left": 0.8601566414038341,
        "Forward": 0.9688696848021613,
        "Backward": 2.7410223192498298
    },
    "low_confidence": 0.740234375
}