{
    "loss": 2.751288084189097,
    "accuracy": 30.825496342737722,
    "precision": 0.44939270721330277,
    "recall": 0.30825496342737724,
    "f1": 0.3152951209929947,
    "class_loss": {
        "Down": 4.334765246039943,
        "Up": 3.810464316358169,
        "Right": 2.6324903106836315,
        "Left": 3.7405861550225663,
        "Forward": 1.8512615498155356,
        "Backward": 0.0
    },
    "low_confidence": 0.8427734375
}