{
    "loss": 6.336975168298792,
    "accuracy": 37.46189024390244,
    "precision": 0.4389321836787185,
    "recall": 0.3746189024390244,
    "f1": 0.34098766777744843,
    "class_loss": {
        "Down": 15.378029620205915,
        "Up": 2.932592827412817,
        "Right": 3.520149299943889,
        "Left": 3.664082819113025,
        "Forward": 4.818867166837056,
        "Backward": 12.70732530399605
    },
    "low_confidence": 0.8701171875
}