{
    "loss": 7.3093349878611455,
    "accuracy": 35.34044715447155,
    "precision": 0.463801080726311,
    "recall": 0.35340447154471544,
    "f1": 0.32795319330284545,
    "class_loss": {
        "Down": 17.323144416446272,
        "Up": 3.6135748212508623,
        "Right": 3.9240684771535195,
        "Left": 5.704745862924028,
        "Forward": 5.495650780507393,
        "Backward": 0.0
    },
    "low_confidence": 0.8828125
}