{
    "loss": 0.5546962939349893,
    "accuracy": 77.88182346109176,
    "precision": 0.7766202388089015,
    "recall": 0.7788182346109176,
    "f1": 0.7756108639133753,
    "class_loss": {
        "Down": 0.48916948376424635,
        "Up": 0.326193828031888,
        "Right": 0.6328184547013107,
        "Left": 0.3307183119343998,
        "Forward": 1.065679576286871,
        "Backward": 0.21818178326402674
    },
    "low_confidence": 0.7919921875
}