{
    "loss": 3.2568930487926457,
    "accuracy": 31.839793844367016,
    "precision": 0.48626955090179946,
    "recall": 0.31839793844367015,
    "f1": 0.31143224358026195,
    "class_loss": {
        "Down": 4.359969102884684,
        "Up": 3.120725824381651,
        "Right": 3.0859451327899783,
        "Left": 3.6972070068680827,
        "Forward": 1.9792701009661895,
        "Backward": 0.0
    },
    "low_confidence": 0.84765625
}