{
    "loss": 0.8141550914100979,
    "accuracy": 68.15331010452962,
    "precision": 0.6705331089642872,
    "recall": 0.6815331010452962,
    "f1": 0.6718988560837772,
    "class_loss": {
        "Down": 0.8204674137675244,
        "Up": 1.0019265076388484,
        "Right": 1.462835871655008,
        "Left": 1.255993752375893,
        "Forward": 0.5051405261392179,
        "Backward": 0.6503977343440056
    },
    "low_confidence": 0.6748046875
}