{
    "loss": 1.0577158098635466,
    "accuracy": 59.79094076655052,
    "precision": 0.5862084291543254,
    "recall": 0.5979094076655053,
    "f1": 0.5749225758361078,
    "class_loss": {
        "Down": 0.6322615494330724,
        "Up": 1.5979352911313376,
        "Right": 3.0389713446299234,
        "Left": 2.4957696571946144,
        "Forward": 0.6729107748555101,
        "Backward": 0.0
    },
    "low_confidence": 0.6357421875
}