{
    "loss": 0.5326427228196904,
    "accuracy": 80.13029907084785,
    "precision": 0.8011286530775691,
    "recall": 0.8013029907084785,
    "f1": 0.7976553177506052,
    "class_loss": {
        "Down": 0.35036573345186534,
        "Up": 0.5399909724515898,
        "Right": 0.4400872774422169,
        "Left": 0.3889157204992241,
        "Forward": 1.03438225540298,
        "Backward": 0.17163321911357343
    },
    "low_confidence": 0.77197265625
}