{
    "loss": 1.5758628680594955,
    "accuracy": 49.16702961672474,
    "precision": 0.5578522763216741,
    "recall": 0.4916702961672474,
    "f1": 0.5104129630027923,
    "class_loss": {
        "Down": 1.8048138100167979,
        "Up": 1.2737004063484898,
        "Right": 1.4222416693551674,
        "Left": 2.113863053615205,
        "Forward": 1.7640549333826188,
        "Backward": 0.0
    },
    "low_confidence": 0.72900390625
}