{
    "loss": 0.33322172743026857,
    "accuracy": 87.60344076655052,
    "precision": 0.8751734586540516,
    "recall": 0.8760344076655052,
    "f1": 0.872667663804417,
    "class_loss": {
        "Down": 0.1203814387942354,
        "Up": 0.2688401896782495,
        "Right": 0.35290181912757734,
        "Left": 0.16628657598738317,
        "Forward": 0.8356977187924914,
        "Backward": 0.06656110102967769
    },
    "low_confidence": 0.87451171875
}