{
    "loss": 2.896753455283976,
    "accuracy": 56.095746225319395,
    "precision": 0.5413810979757986,
    "recall": 0.560957462253194,
    "f1": 0.543834892833463,
    "class_loss": {
        "Down": 1.5574900576937944,
        "Up": 1.6764518124495396,
        "Right": 1.6835481227807156,
        "Left": 1.5657457368226326,
        "Forward": 1.5828062605578452,
        "Backward": 21.86072932349311
    },
    "low_confidence": 0.81787109375
}