{
    "loss": 1.0838993589083354,
    "accuracy": 58.58585858585859,
    "precision": 0.56026599990042,
    "recall": 0.5858585858585859,
    "f1": 0.5447218152325035,
    "class_loss": {
        "Down": 1.0203123490015666,
        "Up": 1.3383483688036601,
        "Right": 1.8015591104825337,
        "Left": 1.8912959694862366,
        "Forward": 0.6134189565976461,
        "Backward": 3.9115683317184446
    },
    "low_confidence": 0.54736328125
}