{
    "loss": 1.2522535175085068,
    "accuracy": 55.31173807035876,
    "precision": 0.464675427304655,
    "recall": 0.5531173807035876,
    "f1": 0.4980686430849802,
    "class_loss": {
        "Down": 0.8323980910437447,
        "Up": 1.3995293974876404,
        "Right": 2.01344762245814,
        "Left": 2.0317695438861847,
        "Forward": 0.7709521527091662,
        "Backward": 5.428479433059692
    },
    "low_confidence": 0.53857421875
}