{
    "loss": 0.6027434468269348,
    "accuracy": 81.03448275862068,
    "precision": 0.81246542504149,
    "recall": 0.8103448275862069,
    "f1": 0.8038032454361056,
    "class_loss": {
        "Down": 0.310560017824173,
        "Up": 2.3433139324188232,
        "Right": 0.7492796778678894,
        "Left": 0.44568586349487305,
        "Forward": 0.6855322122573853,
        "Backward": 0.0
    },
    "low_confidence": 0.68896484375
}