{
    "loss": 1.7763800621032715,
    "accuracy": 60.3448275862069,
    "precision": 0.36414982164090365,
    "recall": 0.603448275862069,
    "f1": 0.45420837968112715,
    "class_loss": {
        "Down": 0.0,
        "Up": 0.0,
        "Right": 0.18411250412464142,
        "Left": 4.26999568939209,
        "Forward": 4.06702184677124,
        "Backward": 0.0
    },
    "low_confidence": 0.8212890625
}