{
    "loss": 0.41781113134778064,
    "accuracy": 84.11149825783973,
    "precision": 0.8412347444253795,
    "recall": 0.8411149825783972,
    "f1": 0.8400709278505574,
    "class_loss": {
        "Down": 0.19626212314419125,
        "Up": 0.43586878429936327,
        "Right": 0.9627811947594518,
        "Left": 0.45811009212680487,
        "Forward": 0.34731500757777173,
        "Backward": 0.0422143696018793
    },
    "low_confidence": 0.8203125
}