{
    "loss": 1.3897361645232076,
    "accuracy": 62.57839721254356,
    "precision": 0.6387981937005395,
    "recall": 0.6257839721254356,
    "f1": 0.6248649689539613,
    "class_loss": {
        "Down": 1.413015529513359,
        "Up": 2.50531126956145,
        "Right": 1.8475484549999237,
        "Left": 4.552630107849836,
        "Forward": 0.7285942751104417,
        "Backward": 0.0
    },
    "low_confidence": 0.76708984375
}