{
    "loss": 0.6877370327711105,
    "accuracy": 73.7025426680599,
    "precision": 0.7320537954017932,
    "recall": 0.7370254266805991,
    "f1": 0.7300086959639035,
    "class_loss": {
        "Down": 0.47667906681696576,
        "Up": 0.6376675342520078,
        "Right": 1.2147579590479534,
        "Left": 1.1005607396364212,
        "Forward": 0.5466826558113098,
        "Backward": 1.1024878521760304
    },
    "low_confidence": 0.6962890625
}