{
    "loss": 1.2193595468997955,
    "accuracy": 57.436433298502266,
    "precision": 0.5652240083960284,
    "recall": 0.5743643329850227,
    "f1": 0.5543815347607839,
    "class_loss": {
        "Down": 1.3012243509292603,
        "Up": 1.0692438374866138,
        "Right": 2.14462717554786,
        "Left": 1.4983189668920305,
        "Forward": 0.7852601210276285,
        "Backward": 7.4100578625996905
    },
    "low_confidence": 0.658203125
}