{
    "loss": 0.9505188895596398,
    "accuracy": 63.40193089430894,
    "precision": 0.6425466792743652,
    "recall": 0.6340193089430894,
    "f1": 0.6270628415737355,
    "class_loss": {
        "Down": 0.7265136762073746,
        "Up": 0.7265887482574692,
        "Right": 0.9147953490416209,
        "Left": 0.902286692349999,
        "Forward": 1.5376920517947938,
        "Backward": 0.6848979329483377
    },
    "low_confidence": 0.62060546875
}