{
    "loss": 1.2955687307511214,
    "accuracy": 44.98221544715447,
    "precision": 0.5304997130868421,
    "recall": 0.4498221544715447,
    "f1": 0.464582441845338,
    "class_loss": {
        "Down": 1.4029898833537446,
        "Up": 0.8874436021748796,
        "Right": 1.0710782210032146,
        "Left": 1.4950430808821693,
        "Forward": 1.9602598684930033,
        "Backward": 0.0
    },
    "low_confidence": 0.5986328125
}