{
    "loss": 0.5736256180878438,
    "accuracy": 77.22488385598142,
    "precision": 0.7688587994299361,
    "recall": 0.7722488385598142,
    "f1": 0.7679118025900761,
    "class_loss": {
        "Down": 0.29283121588632344,
        "Up": 0.39974743833075277,
        "Right": 0.7525848448622656,
        "Left": 0.4688551386214715,
        "Forward": 1.0343368557064376,
        "Backward": 0.15280919116675645
    },
    "low_confidence": 0.78173828125
}