{
    "loss": 3.0240251439544843,
    "accuracy": 32.55299070847851,
    "precision": 0.4783521612213723,
    "recall": 0.32552990708478513,
    "f1": 0.33273168337914155,
    "class_loss": {
        "Down": 3.03701171285547,
        "Up": 3.5706391826906536,
        "Right": 2.8448826593133467,
        "Left": 3.674776372774316,
        "Forward": 1.835607379646392,
        "Backward": 0.0
    },
    "low_confidence": 0.80615234375
}