{
    "loss": 1.344115138053894,
    "accuracy": 49.143468950749465,
    "precision": 0.38863207852532494,
    "recall": 0.49143468950749464,
    "f1": 0.4307331589597176,
    "class_loss": {
        "0": 0.8604213148355484,
        "1": 2.548141121864319,
        "2": 1.139575183391571,
        "3": 1.8199834525585175,
        "4": 1.227689415216446,
        "5": 3.211258590221405
    },
    "low_confidence": 