{
    "loss": 0.7734121759732564,
    "accuracy": 68.5823754789272,
    "precision": 0.6822518981588904,
    "recall": 0.685823754789272,
    "f1": 0.6828010965870526,
    "class_loss": {
        "Down": 0.7784735918045044,
        "Up": 0.9428038212988111,
        "Right": 1.1190197692977057,
        "Left": 1.065098132358657,
        "Forward": 0.5315389460987515,
        "Backward": 1.8688971716100755
    },
    "low_confidence": 0.66259765625
}