{
    "loss": 0.9629001759820515,
    "accuracy": 62.06896551724138,
    "precision": 0.6205965606932691,
    "recall": 0.6206896551724138,
    "f1": 0.6045921576367047,
    "class_loss": {
        "Down": 1.1206879474614795,
        "Up": 1.3047931430240471,
        "Right": 2.153124534166776,
        "Left": 2.375615208194806,
        "Forward": 0.6457722734866871,
        "Backward": 0.0
    },
    "low_confidence": 0.62255859375
}