{
    "loss": 1.2608622312545776,
    "accuracy": 53.44827586206897,
    "precision": 0.5466954022988506,
    "recall": 0.5344827586206896,
    "f1": 0.4514942528735632,
    "class_loss": {
        "Down": 1.7200276851654053,
        "Up": 2.653846263885498,
        "Right": 0.9636455178260803,
        "Left": 1.6500993967056274,
        "Forward": 0.9458502531051636,
        "Backward": 0.0
    },
    "low_confidence": 0.406494140625
}