{
    "loss": 1.7016725540161133,
    "accuracy": 60.3448275862069,
    "precision": 0.36414982164090365,
    "recall": 0.603448275862069,
    "f1": 0.45420837968112715,
    "class_loss": {
        "Down": 0.0,
        "Up": 0.0,
        "Right": 0.5957028865814209,
        "Left": 4.201411724090576,
        "Forward": 1.853278398513794,
        "Backward": 0.0
    },
    "low_confidence": 0.5498046875
}