{
    "loss": 0.7743047674496969,
    "accuracy": 68.826192964124,
    "precision": 0.6855682203653944,
    "recall": 0.68826192964124,
    "f1": 0.6809870265517803,
    "class_loss": {
        "Down": 0.583582525783115,
        "Up": 0.7667233308156332,
        "Right": 1.1679316891564264,
        "Left": 1.4447901513841417,
        "Forward": 0.5574688070350223,
        "Backward": 1.3433290811498528
    },
    "low_confidence": 0.67919921875
}