{
    "loss": 0.949228075808949,
    "accuracy": 62.27795193312435,
    "precision": 0.6340077017283648,
    "recall": 0.6227795193312434,
    "f1": 0.6136761403573758,
    "class_loss": {
        "Down": 0.9433959785260653,
        "Up": 1.1493438749263685,
        "Right": 1.8808144972874568,
        "Left": 2.612003764280906,
        "Forward": 0.7373189640955793,
        "Backward": 0.0
    },
    "low_confidence": 0.61962890625
}