{
    "loss": 0.5980683769340869,
    "accuracy": 77.22488385598142,
    "precision": 0.7668862491978607,
    "recall": 0.7722488385598142,
    "f1": 0.7680068167076953,
    "class_loss": {
        "Down": 0.3491121457406768,
        "Up": 0.40914436912647,
        "Right": 0.642514562441243,
        "Left": 0.501339943734584,
        "Forward": 1.1826453217201762,
        "Backward": 0.15821198392357608
    },
    "low_confidence": 0.76220703125
}