{
    "loss": 1.8830445679810106,
    "accuracy": 39.971689895470384,
    "precision": 0.4984674798999444,
    "recall": 0.39971689895470386,
    "f1": 0.41391467516084296,
    "class_loss": {
        "Down": 2.200146406457044,
        "Up": 1.5312711656744402,
        "Right": 1.6808940046919614,
        "Left": 2.787597094196826,
        "Forward": 1.6928963273643487,
        "Backward": 0.0
    },
    "low_confidence": 0.732421875
}