{
    "loss": 0.4162731468677521,
    "accuracy": 85.11360336817654,
    "precision": 0.8491337358585196,
    "recall": 0.8511360336817654,
    "f1": 0.8470645124712194,
    "class_loss": {
        "Down": 0.18842926952573988,
        "Up": 0.3424018540385145,
        "Right": 0.5300589735033335,
        "Left": 0.24867420750497668,
        "Forward": 0.8537596733205848,
        "Backward": 0.08553774760447494
    },
    "low_confidence": 0.80712890625
}