{
    "loss": 1.6361741946872186,
    "accuracy": 51.37739547038328,
    "precision": 0.5739309851602011,
    "recall": 0.5137739547038328,
    "f1": 0.5346188985968126,
    "class_loss": {
        "Down": 1.7569195137399694,
        "Up": 1.3560871709003506,
        "Right": 1.8495799808038607,
        "Left": 2.692238699819427,
        "Forward": 1.383055614547864,
        "Backward": 0.0
    },
    "low_confidence": 0.7392578125
}