{
    "loss": 0.5995117983092433,
    "accuracy": 76.16724738675958,
    "precision": 0.7586517785428647,
    "recall": 0.7616724738675958,
    "f1": 0.7550487974837352,
    "class_loss": {
        "Down": 0.22870364930966627,
        "Up": 0.6916698256264562,
        "Right": 1.177505892256032,
        "Left": 0.9172635985457379,
        "Forward": 0.47530680635701056,
        "Backward": 0.16499456085730344
    },
    "low_confidence": 0.74560546875
}