{
    "loss": 1.1544476358786873,
    "accuracy": 62.508710801393725,
    "precision": 0.6419153192663226,
    "recall": 0.6250871080139373,
    "f1": 0.6166494200489008,
    "class_loss": {
        "Down": 0.5722875992457072,
        "Up": 1.9661957691113154,
        "Right": 1.7126395801703136,
        "Left": 3.957606186469396,
        "Forward": 0.700983750431434,
        "Backward": 0.0
    },
    "low_confidence": 0.71484375
}