{
    "loss": 0.7136636793613433,
    "accuracy": 71.99582027168233,
    "precision": 0.7214322418720844,
    "recall": 0.7199582027168234,
    "f1": 0.7058906695886054,
    "class_loss": {
        "Down": 0.4371121002568139,
        "Up": 1.036392084757487,
        "Right": 1.393491926458147,
        "Left": 1.1853281478087108,
        "Forward": 0.39452825950251685,
        "Backward": 1.4044192905724049
    },
    "low_confidence": 0.71240234375
}