{
    "loss": 0.977429676718182,
    "accuracy": 62.765586903517935,
    "precision": 0.6403573817499677,
    "recall": 0.6276558690351793,
    "f1": 0.6015844512387861,
    "class_loss": {
        "Down": 0.9589076638221741,
        "Up": 1.5211304215093453,
        "Right": 2.513588630236112,
        "Left": 2.6369786359942875,
        "Forward": 0.5951909204531047,
        "Backward": 0.0
    },
    "low_confidence": 0.662109375
}