{
    "loss": 0.5057758490244547,
    "accuracy": 80.17748257839722,
    "precision": 0.7989106654198951,
    "recall": 0.8017748257839721,
    "f1": 0.799377922017004,
    "class_loss": {
        "Down": 0.29933921013165404,
        "Up": 0.48774009763642595,
        "Right": 0.5739141819929635,
        "Left": 0.3296923408698704,
        "Forward": 0.9314699666919531,
        "Backward": 0.10431230989774189
    },
    "low_confidence": 0.79443359375
}