{
    "loss": 2.5394301852103562,
    "accuracy": 34.56010452961672,
    "precision": 0.45937014192695375,
    "recall": 0.34560104529616725,
    "f1": 0.3448228394855315,
    "class_loss": {
        "Down": 3.0188730834186943,
        "Up": 2.9492151345664928,
        "Right": 2.0466867336088197,
        "Left": 2.9397053694701754,
        "Forward": 1.6984048429688798,
        "Backward": 0.0
    },
    "low_confidence": 0.79296875
}