{
    "loss": 0.7945686498725856,
    "accuracy": 69.62108013937282,
    "precision": 0.6963982311931173,
    "recall": 0.6962108013937283,
    "f1": 0.6895824449141774,
    "class_loss": {
        "Down": 0.5007058313047444,
        "Up": 0.63419734051934,
        "Right": 0.8122488332015497,
        "Left": 0.8315655542192636,
        "Forward": 1.2852416493826442,
        "Backward": 0.3478344600233767
    },
    "low_confidence": 0.6728515625
}