{
    "loss": 1.231406943631117,
    "accuracy": 52.75479094076655,
    "precision": 0.5734614462523113,
    "recall": 0.5275479094076655,
    "f1": 0.5408612426342724,
    "class_loss": {
        "Down": 1.013033094505469,
        "Up": 0.8911016806062445,
        "Right": 1.2498410277896457,
        "Left": 1.750104441656731,
        "Forward": 1.8829784265929652,
        "Backward": 0.0
    },
    "low_confidence": 0.62744140625
}