{
    "loss": 0.6436112019750807,
    "accuracy": 74.22500870776733,
    "precision": 0.7387111987429861,
    "recall": 0.7422500870776733,
    "f1": 0.7313966935589715,
    "class_loss": {
        "Down": 0.36231536285744775,
        "Up": 0.6579323718945186,
        "Right": 1.2736207167307536,
        "Left": 1.2047999693287743,
        "Forward": 0.41396859155760873,
        "Backward": 1.4265205166910007
    },
    "low_confidence": 0.75048828125
}