{
    "loss": 0.9838771197530959,
    "accuracy": 61.7206548241031,
    "precision": 0.6034865992471555,
    "recall": 0.617206548241031,
    "f1": 0.5936854234302424,
    "class_loss": {
        "Down": 0.9832849032000491,
        "Up": 1.3370342999696732,
        "Right": 2.493169619486882,
        "Left": 2.9213988941449385,
        "Forward": 0.6447274892797901,
        "Backward": 0.0
    },
    "low_confidence": 0.7001953125
}