{
    "loss": 0.47394869738706835,
    "accuracy": 82.98127177700349,
    "precision": 0.828541394290144,
    "recall": 0.8298127177700348,
    "f1": 0.8288198250340069,
    "class_loss": {
        "Down": 0.32035443566187666,
        "Up": 0.4586103306738315,
        "Right": 0.5477428074788164,
        "Left": 0.33392400370427855,
        "Forward": 0.7912916803249607,
        "Backward": 0.16249425168563095
    },
    "low_confidence": 0.77001953125
}