{
    "loss": 1.4031968185402177,
    "accuracy": 54.72198025551684,
    "precision": 0.5935427620977812,
    "recall": 0.5472198025551684,
    "f1": 0.562319087462311,
    "class_loss": {
        "Down": 1.3598056481611254,
        "Up": 1.2989905518311333,
        "Right": 1.6598333699835672,
        "Left": 2.3358395298128016,
        "Forward": 1.2281190182172483,
        "Backward": 0.0
    },
    "low_confidence": 0.71337890625
}