{
    "loss": 0.6035822903116544,
    "accuracy": 75.61825148032045,
    "precision": 0.7531718858907067,
    "recall": 0.7561825148032044,
    "f1": 0.7502576095708617,
    "class_loss": {
        "Down": 0.4624590550859769,
        "Up": 0.573454461991787,
        "Right": 0.9666922440131506,
        "Left": 1.132330263654391,
        "Forward": 0.4497197742263476,
        "Backward": 0.4064394995570183
    },
    "low_confidence": 0.71875
}