{
    "loss": 1.154038518667221,
    "accuracy": 60.675722744688265,
    "precision": 0.5912002057337831,
    "recall": 0.6067572274468827,
    "f1": 0.5908878056533974,
    "class_loss": {
        "Down": 0.7541683143270868,
        "Up": 1.2825187370181084,
        "Right": 1.8084248056014378,
        "Left": 2.378936603665352,
        "Forward": 0.6492859224478403,
        "Backward": 7.140117704868317
    },
    "low_confidence": 0.70849609375
}