{
    "loss": 0.7689822793558792,
    "accuracy": 70.32520325203252,
    "precision": 0.7142772741012605,
    "recall": 0.7032520325203252,
    "f1": 0.6926156313588465,
    "class_loss": {
        "Down": 0.4939893337863463,
        "Up": 0.7770045994332543,
        "Right": 0.6229645120048964,
        "Left": 0.471118468515299,
        "Forward": 1.5858070276401661,
        "Backward": 0.3729822610125498
    },
    "low_confidence": 0.708984375
}