{
    "loss": 1.401769825792009,
    "accuracy": 48.36309523809524,
    "precision": 0.5589463957159136,
    "recall": 0.4836309523809524,
    "f1": 0.5000373201584026,
    "class_loss": {
        "Down": 1.4484965796379938,
        "Up": 1.092003348182483,
        "Right": 1.060409765276644,
        "Left": 1.6858828744734637,
        "Forward": 2.064067516115404,
        "Backward": 0.0
    },
    "low_confidence": 0.67431640625
}