{
    "loss": 0.5108111805339862,
    "accuracy": 79.32454994192798,
    "precision": 0.7881324834920493,
    "recall": 0.7932454994192799,
    "f1": 0.7890844887496535,
    "class_loss": {
        "Down": 0.3070835168933135,
        "Up": 0.4157160841594867,
        "Right": 0.5590471060304069,
        "Left": 0.35262692174100846,
        "Forward": 0.9966742000894125,
        "Backward": 0.1580049584073176
    },
    "low_confidence": 0.8056640625
}