{
    "loss": 4.0773116173465365,
    "accuracy": 28.90534262485482,
    "precision": 0.4652507330073268,
    "recall": 0.2890534262485482,
    "f1": 0.27942270321577833,
    "class_loss": {
        "Down": 5.264533331646559,
        "Up": 4.603945344855374,
        "Right": 2.958471580041684,
        "Left": 4.553421907417605,
        "Forward": 2.1541202431271156,
        "Backward": 0.0
    },
    "low_confidence": 0.87158203125
}