{
    "loss": 0.755772124166074,
    "accuracy": 70.2439024390244,
    "precision": 0.6977315602382831,
    "recall": 0.7024390243902439,
    "f1": 0.6871404321146795,
    "class_loss": {
        "Down": 0.6972261226695516,
        "Up": 1.13990646082422,
        "Right": 1.5750654624856038,
        "Left": 1.0713741338771323,
        "Forward": 0.3996839711199636,
        "Backward": 0.5374020356684923
    },
    "low_confidence": 0.70166015625
}