{
    "loss": 1.1031291251597197,
    "accuracy": 58.048780487804876,
    "precision": 0.6168232373623902,
    "recall": 0.5804878048780487,
    "f1": 0.5481191486854159,
    "class_loss": {
        "Down": 0.7514807813697391,
        "Up": 2.0628481566905976,
        "Right": 2.7365840474764505,
        "Left": 2.599884328742822,
        "Forward": 0.5411499084337897,
        "Backward": 0.0
    },
    "low_confidence": 0.6640625
}