{
    "loss": 0.6981444954872131,
    "accuracy": 68.96551724137932,
    "precision": 0.660282131661442,
    "recall": 0.6896551724137931,
    "f1": 0.667887827370586,
    "class_loss": {
        "Down": 0.5537219047546387,
        "Up": 1.5046676397323608,
        "Right": 1.0224616527557373,
        "Left": 0.1123993918299675,
        "Forward": 0.4117894768714905,
        "Backward": 1.3993324041366577
    },
    "low_confidence": 0.693359375
}