{
    "loss": 1.6750985383987427,
    "accuracy": 60.3448275862069,
    "precision": 0.36414982164090365,
    "recall": 0.603448275862069,
    "f1": 0.45420837968112715,
    "class_loss": {
        "Down": 0.0,
        "Up": 0.0,
        "Right": 0.18536712229251862,
        "Left": 4.286717891693115,
        "Forward": 3.295886278152466,
        "Backward": 0.0
    },
    "low_confidence": 0.8125
}