{
    "loss": 0.6014929016431173,
    "accuracy": 76.21037965865553,
    "precision": 0.7667681563119801,
    "recall": 0.7621037965865552,
    "f1": 0.7607328713833875,
    "class_loss": {
        "Down": 0.3399082721935378,
        "Up": 0.5342662864261203,
        "Right": 0.7863704138331943,
        "Left": 0.9935457057423062,
        "Forward": 0.545300155878067,
        "Backward": 1.4406039746295984
    },
    "low_confidence": 0.75048828125
}