{
    "loss": 1.0497855785820218,
    "accuracy": 63.07906652734239,
    "precision": 0.6386764889397176,
    "recall": 0.6307906652734239,
    "f1": 0.6166137924195679,
    "class_loss": {
        "Down": 0.6311385243346816,
        "Up": 1.5797505788505077,
        "Right": 2.328578673876249,
        "Left": 3.5230696270099053,
        "Forward": 0.8310191583509247,
        "Backward": 0.0
    },
    "low_confidence": 0.71533203125
}