{
    "loss": 0.7698972691660342,
    "accuracy": 70.17421602787456,
    "precision": 0.7004361455854669,
    "recall": 0.7017421602787457,
    "f1": 0.6930539045341783,
    "class_loss": {
        "Down": 0.6392715715843699,
        "Up": 0.7167796959047732,
        "Right": 1.2232961887898652,
        "Left": 1.5090885654739712,
        "Forward": 0.5539092836172684,
        "Backward": 0.9013121098279953
    },
    "low_confidence": 0.67724609375
}