{
    "loss": 1.0107818621656168,
    "accuracy": 60.76655052264808,
    "precision": 0.6131386579922168,
    "recall": 0.6076655052264809,
    "f1": 0.5987836852681603,
    "class_loss": {
        "Down": 0.6535308212041855,
        "Up": 1.207603070139885,
        "Right": 2.571641127268473,
        "Left": 2.984094505508741,
        "Forward": 0.8090900221596593,
        "Backward": 0.0
    },
    "low_confidence": 0.64208984375
}