{
    "loss": 0.7690126895904541,
    "accuracy": 74.13793103448276,
    "precision": 0.7138381789497408,
    "recall": 0.7413793103448276,
    "f1": 0.7208229602556633,
    "class_loss": {
        "Down": 0.3869243264198303,
        "Up": 1.5198708772659302,
        "Right": 0.7486746907234192,
        "Left": 0.17387008666992188,
        "Forward": 0.8200489282608032,
        "Backward": 1.8275471925735474
    },
    "low_confidence": 0.6494140625
}