{
    "loss": 1.7168546915054321,
    "accuracy": 60.3448275862069,
    "precision": 0.36414982164090365,
    "recall": 0.603448275862069,
    "f1": 0.45420837968112715,
    "class_loss": {
        "Down": 0.0,
        "Up": 0.0,
        "Right": 0.2212493121623993,
        "Left": 4.027398109436035,
        "Forward": 3.927860736846924,
        "Backward": 0.0
    },
    "low_confidence": 0.78466796875
}