{
    "loss": 0.6515924495133235,
    "accuracy": 73.35765098722416,
    "precision": 0.7355598901307923,
    "recall": 0.7335765098722415,
    "f1": 0.7325736390544137,
    "class_loss": {
        "Down": 0.6262920488550411,
        "Up": 0.4762279862033919,
        "Right": 0.658502953635414,
        "Left": 0.4606776803679998,
        "Forward": 1.13402147748606,
        "Backward": 0.20869885951939257
    },
    "low_confidence": 0.76171875
}