{
    "loss": 3.1143475262938733,
    "accuracy": 30.337180603948898,
    "precision": 0.4541067542236861,
    "recall": 0.303371806039489,
    "f1": 0.29407605571642836,
    "class_loss": {
        "Down": 4.247113161712094,
        "Up": 3.040621181168754,
        "Right": 2.703475337829635,
        "Left": 3.3770277252948353,
        "Forward": 1.8918571794680488,
        "Backward": 0.0
    },
    "low_confidence": 0.826171875
}