{
    "loss": 0.4162619411945343,
    "accuracy": 86.20689655172414,
    "precision": 0.8576606583072102,
    "recall": 0.8620689655172413,
    "f1": 0.853824811732065,
    "class_loss": {
        "Down": 0.25437116622924805,
        "Up": 2.5796139240264893,
        "Right": 0.5479169487953186,
        "Left": 0.1999317705631256,
        "Forward": 0.4433121383190155,
        "Backward": 0.0
    },
    "low_confidence": 0.75830078125
}