{
    "loss": 2.2055039405822754,
    "accuracy": 60.3448275862069,
    "precision": 0.36414982164090365,
    "recall": 0.603448275862069,
    "f1": 0.45420837968112715,
    "class_loss": {
        "Down": 0.0,
        "Up": 0.0,
        "Right": 0.057685498148202896,
        "Left": 5.278878211975098,
        "Forward": 5.839633941650391,
        "Backward": 0.0
    },
    "low_confidence": 0.93505859375
}