{
    "loss": 0.8515608906745911,
    "accuracy": 67.53744339951237,
    "precision": 0.6622892066271943,
    "recall": 0.6753744339951236,
    "f1": 0.6542805998768282,
    "class_loss": {
        "Down": 0.7091706991195679,
        "Up": 1.0138270159562428,
        "Right": 1.5739282270272572,
        "Left": 1.4450941979885101,
        "Forward": 0.5217619389295578,
        "Backward": 1.8525431871414184
    },
    "low_confidence": 0.625
}