{
    "loss": 1.1091793179512024,
    "accuracy": 60.2229188436085,
    "precision": 0.5804134222063336,
    "recall": 0.602229188436085,
    "f1": 0.5771038620512816,
    "class_loss": {
        "Down": 0.6841728575527668,
        "Up": 1.234851647168398,
        "Right": 1.8919637699921925,
        "Left": 1.9199594656626384,
        "Forward": 0.6747134377559026,
        "Backward": 5.381488621234894
    },
    "low_confidence": 0.62109375
}