{
    "loss": 0.7007948209842046,
    "accuracy": 72.03065134099617,
    "precision": 0.7119594081380347,
    "recall": 0.7203065134099617,
    "f1": 0.711502247345411,
    "class_loss": {
        "Down": 0.538490595916907,
        "Up": 0.8712194015582403,
        "Right": 1.1703676829735439,
        "Left": 1.1783998310565948,
        "Forward": 0.4834696451822917,
        "Backward": 1.052668058209949
    },
    "low_confidence": 0.68701171875
}