{
    "loss": 1.2291124264399211,
    "accuracy": 57.645419714385234,
    "precision": 0.573022891682851,
    "recall": 0.5764541971438523,
    "f1": 0.5590487761285675,
    "class_loss": {
        "Down": 1.3662387268109755,
        "Up": 1.3557290570302443,
        "Right": 2.0690028233961626,
        "Left": 1.5487966173224978,
        "Forward": 0.6962432737151781,
        "Backward": 7.165877024332683
    },
    "low_confidence": 0.6513671875
}