{
    "loss": 0.35085314898579206,
    "accuracy": 86.93379790940766,
    "precision": 0.8687323502947135,
    "recall": 0.8693379790940766,
    "f1": 0.8668659795853152,
    "class_loss": {
        "Down": 0.22569168483217558,
        "Up": 0.3225366342122908,
        "Right": 0.32059483464669297,
        "Left": 0.20836445644359897,
        "Forward": 0.7556842547599916,
        "Backward": 0.05638092658854374
    },
    "low_confidence": 0.85107421875
}