{
    "loss": 2.65494337068931,
    "accuracy": 55.88704994192799,
    "precision": 0.5395550870098084,
    "recall": 0.5588704994192799,
    "f1": 0.5432830363293184,
    "class_loss": {
        "Down": 1.9262236962467432,
        "Up": 1.662044448799692,
        "Right": 1.3563327014491688,
        "Left": 1.396291761158931,
        "Forward": 1.4623981948337337,
        "Backward": 19.291195339626736
    },
    "low_confidence": 0.8095703125
}