{
    "loss": 0.4411842330642369,
    "accuracy": 82.50871080139373,
    "precision": 0.8309452037295384,
    "recall": 0.8250871080139373,
    "f1": 0.8208117378943212,
    "class_loss": {
        "Down": 0.35858715228412463,
        "Up": 0.45713784691432247,
        "Right": 0.9147199858789858,
        "Left": 0.8345987213694531,
        "Forward": 0.2564067098757495,
        "Backward": 0.14971017052157548
    },
    "low_confidence": 0.81005859375
}