{
    "loss": 1.422305341648019,
    "accuracy": 59.51219512195122,
    "precision": 0.6083181080202751,
    "recall": 0.5951219512195122,
    "f1": 0.5771235516512764,
    "class_loss": {
        "Down": 1.7255886942148209,
        "Up": 2.5628019084533054,
        "Right": 2.2547267576058707,
        "Left": 5.055673350890477,
        "Forward": 0.49409923605296924,
        "Backward": 0.0
    },
    "low_confidence": 0.779296875
}