{
    "loss": 0.2747449378862425,
    "accuracy": 89.81562137049941,
    "precision": 0.89739884449674,
    "recall": 0.8981562137049942,
    "f1": 0.8966796660814272,
    "class_loss": {
        "Down": 0.1600133659042142,
        "Up": 0.19599531696143527,
        "Right": 0.2729898179639821,
        "Left": 0.19204737653058987,
        "Forward": 0.6136934133591475,
        "Backward": 0.05614021814889619
    },
    "low_confidence": 0.88720703125
}