{
    "loss": 3.2722147287817345,
    "accuracy": 54.21747967479675,
    "precision": 0.5334024875712134,
    "recall": 0.5421747967479674,
    "f1": 0.5271919407788606,
    "class_loss": {
        "Down": 2.114005486220121,
        "Up": 1.793565824953433,
        "Right": 1.7751287990817572,
        "Left": 1.8867414331314782,
        "Forward": 1.5627598489520624,
        "Backward": 24.75013913048638
    },
    "low_confidence": 0.82861328125
}