{
    "loss": 0.8269931226968765,
    "accuracy": 68.61720654824103,
    "precision": 0.6760450055313683,
    "recall": 0.6861720654824103,
    "f1": 0.669577241750222,
    "class_loss": {
        "Down": 0.6674389292796453,
        "Up": 1.0023004760344822,
        "Right": 1.4951736728350322,
        "Left": 1.3890586495399475,
        "Forward": 0.5246568098664284,
        "Backward": 1.696604859828949
    },
    "low_confidence": 0.63427734375
}