{
    "loss": 1.1025273104508717,
    "accuracy": 61.16335771508185,
    "precision": 0.5935201922024249,
    "recall": 0.6116335771508186,
    "f1": 0.5918414470313353,
    "class_loss": {
        "Down": 0.6684690697916916,
        "Up": 1.276568692177534,
        "Right": 1.7723125716050465,
        "Left": 1.9132189651330311,
        "Forward": 0.6932069634397825,
        "Backward": 5.640373706817627
    },
    "low_confidence": 0.6240234375
}