{
    "loss": 0.6346774697303772,
    "accuracy": 72.41379310344827,
    "precision": 0.6876539408866995,
    "recall": 0.7241379310344828,
    "f1": 0.7025437404450485,
    "class_loss": {
        "Down": 0.3521190881729126,
        "Up": 1.346472978591919,
        "Right": 0.7699196338653564,
        "Left": 0.11339335888624191,
        "Forward": 0.5709113478660583,
        "Backward": 1.3561537265777588
    },
    "low_confidence": 0.693359375
}