{
    "loss": 1.8787927627563477,
    "accuracy": 60.3448275862069,
    "precision": 0.36414982164090365,
    "recall": 0.603448275862069,
    "f1": 0.45420837968112715,
    "class_loss": {
        "Down": 0.0,
        "Up": 0.0,
        "Right": 0.19135837256908417,
        "Left": 4.621367454528809,
        "Forward": 4.118989944458008,
        "Backward": 0.0
    },
    "low_confidence": 0.8017578125
}