{
    "loss": 0.6719837129116059,
    "accuracy": 72.3092998955068,
    "precision": 0.7191343910369534,
    "recall": 0.723092998955068,
    "f1": 0.7160638898901283,
    "class_loss": {
        "Down": 0.651879741748174,
        "Up": 0.6042230857743157,
        "Right": 1.1603893783357409,
        "Left": 1.0181636191076702,
        "Forward": 0.4574081963962979,
        "Backward": 1.670495611615479
    },
    "low_confidence": 0.70556640625
}