{
    "loss": 0.9890817095836003,
    "accuracy": 61.30268199233716,
    "precision": 0.6143974978619611,
    "recall": 0.6130268199233716,
    "f1": 0.5977324332581687,
    "class_loss": {
        "Down": 1.128002610645796,
        "Up": 1.1159503888338804,
        "Right": 2.4836044861720157,
        "Left": 2.8628288564773707,
        "Forward": 0.6771920253833135,
        "Backward": 0.0
    },
    "low_confidence": 0.6728515625
}