{
    "loss": 0.7457408408323923,
    "accuracy": 71.05538140020899,
    "precision": 0.704233061091817,
    "recall": 0.7105538140020898,
    "f1": 0.6961727544231618,
    "class_loss": {
        "Down": 0.7016503984729449,
        "Up": 0.7439986964066824,
        "Right": 1.2347058008114498,
        "Left": 1.46333513657252,
        "Forward": 0.4775186777114868,
        "Backward": 1.3932262129253812
    },
    "low_confidence": 0.66650390625
}