{
    "loss": 1.2523098687330882,
    "accuracy": 55.13758272378962,
    "precision": 0.5643906840302199,
    "recall": 0.5513758272378962,
    "f1": 0.5345718595369408,
    "class_loss": {
        "Down": 1.6409084363417192,
        "Up": 1.0693321444771506,
        "Right": 2.0271307798949154,
        "Left": 1.7713037530581157,
        "Forward": 0.671479674677054,
        "Backward": 7.132754643758138
    },
    "low_confidence": 0.646484375
}