{
    "loss": 0.7006489786284941,
    "accuracy": 73.10721544715447,
    "precision": 0.7255831216994766,
    "recall": 0.7310721544715447,
    "f1": 0.7248921413148,
    "class_loss": {
        "Down": 0.4368291281301666,
        "Up": 0.5700433999300003,
        "Right": 0.7864197315993132,
        "Left": 0.48972634350260097,
        "Forward": 1.31219411034275,
        "Backward": 0.2807515921260886
    },
    "low_confidence": 0.7216796875
}