{
    "loss": 1.373911996734225,
    "accuracy": 51.29754645760743,
    "precision": 0.5647969277285272,
    "recall": 0.5129754645760743,
    "f1": 0.5262422094568345,
    "class_loss": {
        "Down": 1.3705037939699665,
        "Up": 0.9127086747707014,
        "Right": 1.4488128109110727,
        "Left": 1.8593898492108565,
        "Forward": 1.9318382324230285,
        "Backward": 0.0
    },
    "low_confidence": 0.697265625
}