{
    "loss": 0.7521879416373041,
    "accuracy": 72.38494483159117,
    "precision": 0.7225177105641843,
    "recall": 0.7238494483159117,
    "f1": 0.7204149277370084,
    "class_loss": {
        "Down": 0.49072187173145787,
        "Up": 0.8015286762405325,
        "Right": 0.7348249819543626,
        "Left": 0.6907224950415117,
        "Forward": 1.1259098047459568,
        "Backward": 0.4689498955116573
    },
    "low_confidence": 0.65673828125
}