{
    "loss": 1.141978981508011,
    "accuracy": 56.69098432055749,
    "precision": 0.6057776917715835,
    "recall": 0.5669098432055749,
    "f1": 0.5784039350739524,
    "class_loss": {
        "Down": 0.9423528327134209,
        "Up": 1.0323799247124108,
        "Right": 1.1847570141156514,
        "Left": 1.491530190280173,
        "Forward": 1.569002795363626,
        "Backward": 0.0
    },
    "low_confidence": 0.58056640625
}