{
    "loss": 0.6113149051864942,
    "accuracy": 75.33960292580983,
    "precision": 0.7527394568164675,
    "recall": 0.7533960292580982,
    "f1": 0.7455056153694235,
    "class_loss": {
        "Down": 0.33033222953478497,
        "Up": 0.5509295538067818,
        "Right": 1.215344895919164,
        "Left": 0.9301016529401144,
        "Forward": 0.5043033460776011,
        "Backward": 0.4311624810099602
    },
    "low_confidence": 0.7255859375
}