{
    "loss": 1.122649406393369,
    "accuracy": 61.650992685475444,
    "precision": 0.6039659268622645,
    "recall": 0.6165099268547545,
    "f1": 0.6013142591391678,
    "class_loss": {
        "Down": 0.5876948659175208,
        "Up": 1.2630688846111298,
        "Right": 2.138832072416941,
        "Left": 2.0132996837298074,
        "Forward": 0.6949634850025177,
        "Backward": 7.262552306056023
    },
    "low_confidence": 0.716796875
}