{
    "loss": 0.4943740169207255,
    "accuracy": 80.87774294670847,
    "precision": 0.806846130559801,
    "recall": 0.8087774294670846,
    "f1": 0.8064165616715582,
    "class_loss": {
        "Down": 0.27509920886821215,
        "Up": 0.4673632538980908,
        "Right": 0.812690696451399,
        "Left": 0.7910409546560712,
        "Forward": 0.40351895921760134,
        "Backward": 1.055138270072639
    },
    "low_confidence": 0.78857421875
}