{
    "loss": 1.2323711070749495,
    "accuracy": 58.23754789272031,
    "precision": 0.5826745978331814,
    "recall": 0.5823754789272031,
    "f1": 0.5487481914271679,
    "class_loss": {
        "Down": 1.7497148200085288,
        "Up": 1.9218112844973803,
        "Right": 3.2215217718711266,
        "Left": 3.5481229435939055,
        "Forward": 0.4926465673863681,
        "Backward": 0.0
    },
    "low_confidence": 0.77880859375
}