{
    "loss": 0.668800468246142,
    "accuracy": 73.66771159874608,
    "precision": 0.7320905814234538,
    "recall": 0.7366771159874608,
    "f1": 0.724584459768575,
    "class_loss": {
        "Down": 0.5024277443687121,
        "Up": 0.6810859441757202,
        "Right": 1.2186037997404735,
        "Left": 1.387713074684143,
        "Forward": 0.4259709765513738,
        "Backward": 1.071794620818562
    },
    "low_confidence": 0.716796875
}