{
    "loss": 1.2806650350491207,
    "accuracy": 56.635318704284224,
    "precision": 0.571115144683188,
    "recall": 0.5663531870428422,
    "f1": 0.5460941667127095,
    "class_loss": {
        "Down": 1.4346588931300424,
        "Up": 1.185175527225841,
        "Right": 2.300723818215457,
        "Left": 1.8618928856319852,
        "Forward": 0.6613428369164467,
        "Backward": 7.799875259399414
    },
    "low_confidence": 0.68505859375
}