{
    "loss": 1.197277545928955,
    "accuracy": 50.0,
    "precision": 0.35321134358824813,
    "recall": 0.5,
    "f1": 0.38947596094425907,
    "class_loss": {
        "Down": 1.5108635425567627,
        "Up": 2.7321629524230957,
        "Right": 1.2050336599349976,
        "Left": 0.840011715888977,
        "Forward": 0.7004965543746948,
        "Backward": 1.4243226051330566
    },
    "low_confidence": 0.463623046875
}