{
    "loss": 1.4936258792877197,
    "accuracy": 60.3448275862069,
    "precision": 0.36414982164090365,
    "recall": 0.603448275862069,
    "f1": 0.45420837968112715,
    "class_loss": {
        "Down": 0.0,
        "Up": 0.0,
        "Right": 0.4220534563064575,
        "Left": 3.491245985031128,
        "Forward": 2.4362173080444336,
        "Backward": 0.0
    },
    "low_confidence": 0.64697265625
}