{
    "loss": 0.0398798487752814,
    "accuracy": 98.81678281068525,
    "precision": 0.9883794206952108,
    "recall": 0.9881678281068524,
    "f1": 0.9880665442075053,
    "class_loss": {
        "Down": 0.007593474120733811,
        "Up": 0.02155458249789835,
        "Right": 0.0176252568877923,
        "Left": 0.019408007991000044,
        "Forward": 0.145121108809555,
        "Backward": 0.0009391623163276529
    },
    "low_confidence": 0.9775390625
}