{
    "loss": 4.825754156219394,
    "accuracy": 44.09298780487805,
    "precision": 0.5617109439530367,
    "recall": 0.4409298780487805,
    "f1": 0.4307357265407493,
    "class_loss": {
        "Down": 3.3536625209300452,
        "Up": 4.6878425520379094,
        "Right": 6.551584170857486,
        "Left": 9.200929329353892,
        "Forward": 1.406833807994737,
        "Backward": 0.0
    },
    "low_confidence": 0.91259765625
}