{
    "loss": 0.4699331405370132,
    "accuracy": 81.81184668989548,
    "precision": 0.8194409236914637,
    "recall": 0.8181184668989547,
    "f1": 0.815306613282897,
    "class_loss": {
        "Down": 0.29002958762904874,
        "Up": 0.33899867413160595,
        "Right": 1.1260127243788347,
        "Left": 0.5330936727316483,
        "Forward": 0.3889094468044198,
        "Backward": 0.11985401666606776
    },
    "low_confidence": 0.80419921875
}