{
    "loss": 1.2240084791960923,
    "accuracy": 63.97212543554007,
    "precision": 0.6421994350999979,
    "recall": 0.6397212543554007,
    "f1": 0.6362742124632041,
    "class_loss": {
        "Down": 1.4177273793352976,
        "Up": 1.8228758613268534,
        "Right": 2.3545578718185425,
        "Left": 4.499455967297156,
        "Forward": 0.6993193828865237,
        "Backward": 0.0
    },
    "low_confidence": 0.7646484375
}