{
    "loss": 0.45168863223106775,
    "accuracy": 82.69817073170732,
    "precision": 0.8251681888521245,
    "recall": 0.8269817073170732,
    "f1": 0.8234625920092205,
    "class_loss": {
        "Down": 0.1832530009732754,
        "Up": 0.4414329698516263,
        "Right": 0.5478276908397675,
        "Left": 0.3255911001038772,
        "Forward": 0.8303527423629055,
        "Backward": 0.12522867433748347
    },
    "low_confidence": 0.8056640625
}