{
    "loss": 2.3196649247318555,
    "accuracy": 42.45608304297329,
    "precision": 0.5160782423317803,
    "recall": 0.42456083042973286,
    "f1": 0.4475245521882103,
    "class_loss": {
        "Down": 2.368943929388795,
        "Up": 2.4078175310481686,
        "Right": 2.3066641758196056,
        "Left": 3.325656005210476,
        "Forward": 1.6903705180682722,
        "Backward": 0.0
    },
    "low_confidence": 0.80419921875
}