{
    "loss": 0.6935107811637546,
    "accuracy": 72.89198606271778,
    "precision": 0.7239696406794801,
    "recall": 0.7289198606271777,
    "f1": 0.7219393594888294,
    "class_loss": {
        "Down": 0.5744308790434962,
        "Up": 0.5883804611537767,
        "Right": 1.3908149314963298,
        "Left": 0.97596624104873,
        "Forward": 0.5270954914714979,
        "Backward": 0.2781192923896015
    },
    "low_confidence": 0.71142578125
}