{
    "loss": 0.9819410404433375,
    "accuracy": 65.15679442508711,
    "precision": 0.64898395960846,
    "recall": 0.6515679442508711,
    "f1": 0.6456508947902829,
    "class_loss": {
        "Down": 0.7630775272846222,
        "Up": 1.0266198553144932,
        "Right": 2.735391398270925,
        "Left": 2.734620548784733,
        "Forward": 0.9378764324862024,
        "Backward": 0.0
    },
    "low_confidence": 0.65869140625
}