{
    "loss": 0.9778930594523748,
    "accuracy": 62.73075583420411,
    "precision": 0.6118502292964487,
    "recall": 0.6273075583420411,
    "f1": 0.5969736825513772,
    "class_loss": {
        "Down": 0.8170870393514633,
        "Up": 1.0267865558465321,
        "Right": 1.6614714960257213,
        "Left": 1.7433237632115681,
        "Forward": 0.6334202339251837,
        "Backward": 3.069624996185303
    },
    "low_confidence": 0.57421875
}