{
    "loss": 1.172129179040591,
    "accuracy": 58.82967607105538,
    "precision": 0.5458807910282854,
    "recall": 0.5882967607105538,
    "f1": 0.558948256508764,
    "class_loss": {
        "Down": 0.6781694442033768,
        "Up": 1.1308032274246216,
        "Right": 1.8122975826263428,
        "Left": 2.0322931508223214,
        "Forward": 0.8164645731449127,
        "Backward": 5.449109792709351
    },
    "low_confidence": 0.56689453125
}