{
    "loss": 1.4168245289060803,
    "accuracy": 46.812957157784744,
    "precision": 0.5138058942829442,
    "recall": 0.46812957157784746,
    "f1": 0.47966126434034256,
    "class_loss": {
        "Down": 1.574638385242886,
        "Up": 1.6378677778773838,
        "Right": 1.8460502081447177,
        "Left": 1.261284406317605,
        "Forward": 1.1883841858969795,
        "Backward": 3.0836784100075336
    },
    "low_confidence": 0.6337890625
}