{
    "loss": 1.7011345677905612,
    "accuracy": 36.39846743295019,
    "precision": 0.4382490133899131,
    "recall": 0.36398467432950193,
    "f1": 0.3679257152896987,
    "class_loss": {
        "Down": 2.161121776229457,
        "Up": 2.0840446514387927,
        "Right": 1.6376504485423748,
        "Left": 2.3557065868606935,
        "Forward": 1.4217237199346224,
        "Backward": 0.0
    },
    "low_confidence": 0.66259765625
}