{
    "loss": 0.8486221432685852,
    "accuracy": 72.41379310344827,
    "precision": 0.7539191942490293,
    "recall": 0.7241379310344828,
    "f1": 0.7283379182393961,
    "class_loss": {
        "Down": 0.6581811904907227,
        "Up": 2.578880548477173,
        "Right": 0.9107640385627747,
        "Left": 0.8656919002532959,
        "Forward": 0.8498749732971191,
        "Backward": 0.0
    },
    "low_confidence": 0.5595703125
}