{
    "loss": 1.7319175004959106,
    "accuracy": 60.3448275862069,
    "precision": 0.36414982164090365,
    "recall": 0.603448275862069,
    "f1": 0.45420837968112715,
    "class_loss": {
        "Down": 0.0,
        "Up": 0.0,
        "Right": 0.4105285406112671,
        "Left": 4.108074188232422,
        "Forward": 3.057701349258423,
        "Backward": 0.0
    },
    "low_confidence": 0.65380859375
}