{
    "loss": 0.8292909562587738,
    "accuracy": 68.3385579937304,
    "precision": 0.6693462133123723,
    "recall": 0.6833855799373041,
    "f1": 0.6670415892011656,
    "class_loss": {
        "Down": 0.673634539047877,
        "Up": 0.9672255367040634,
        "Right": 1.4216690063476562,
        "Left": 1.3079678217569988,
        "Forward": 0.5760442465543747,
        "Backward": 2.1060893336931863
    },
    "low_confidence": 0.62548828125
}