{
    "loss": 1.2512708902359009,
    "accuracy": 54.858934169278996,
    "precision": 0.5400116999557368,
    "recall": 0.54858934169279,
    "f1": 0.5299652491588451,
    "class_loss": {
        "Down": 1.466508293693716,
        "Up": 1.147283304821361,
        "Right": 2.0173716247081757,
        "Left": 1.4921775327788458,
        "Forward": 0.7785957430799803,
        "Backward": 6.912887096405029
    },
    "low_confidence": 0.59912109375
}