{
    "loss": 0.8201828002929688,
    "accuracy": 72.41379310344827,
    "precision": 0.6936105476673428,
    "recall": 0.7241379310344828,
    "f1": 0.7028636114843012,
    "class_loss": {
        "Down": 0.4095469117164612,
        "Up": 1.586958885192871,
        "Right": 0.8355421423912048,
        "Left": 0.19899748265743256,
        "Forward": 0.8627923727035522,
        "Backward": 1.9121413230895996
    },
    "low_confidence": 0.638671875
}