{
    "loss": 1.700163722038269,
    "accuracy": 60.3448275862069,
    "precision": 0.36414982164090365,
    "recall": 0.603448275862069,
    "f1": 0.45420837968112715,
    "class_loss": {
        "Down": 0.0,
        "Up": 0.0,
        "Right": 0.26555564999580383,
        "Left": 3.879197835922241,
        "Forward": 3.8908848762512207,
        "Backward": 0.0
    },
    "low_confidence": 0.7509765625
}