{
    "loss": 0.3146671847336822,
    "accuracy": 88.28215737514518,
    "precision": 0.8851406572741594,
    "recall": 0.8828215737514518,
    "f1": 0.8792629238513072,
    "class_loss": {
        "Down": 0.08612880322875248,
        "Up": 0.30635397522537794,
        "Right": 0.20187729355637674,
        "Left": 0.2070673970264141,
        "Forward": 0.8443241508470641,
        "Backward": 0.04461140618972153
    },
    "low_confidence": 0.89111328125
}