{
    "loss": 3.186818789214899,
    "accuracy": 55.85075493612079,
    "precision": 0.5446236653894314,
    "recall": 0.5585075493612079,
    "f1": 0.5432704030027857,
    "class_loss": {
        "Down": 1.339386802110821,
        "Up": 2.2751386061318892,
        "Right": 1.5086504191432784,
        "Left": 1.9640906858411553,
        "Forward": 1.7804062079700205,
        "Backward": 24.47465780046251
    },
    "low_confidence": 0.833984375
}