{
    "loss": 1.3616595268249512,
    "accuracy": 44.827586206896555,
    "precision": 0.3365900383141762,
    "recall": 0.4482758620689655,
    "f1": 0.3308261494252874,
    "class_loss": {
        "Down": 1.7623640298843384,
        "Up": 2.518038272857666,
        "Right": 1.380157470703125,
        "Left": 1.205922245979309,
        "Forward": 0.8800219297409058,
        "Backward": 1.325322151184082
    },
    "low_confidence": 0.40087890625
}