{
    "loss": 1.4515572786331177,
    "accuracy": 60.3448275862069,
    "precision": 0.36414982164090365,
    "recall": 0.603448275862069,
    "f1": 0.45420837968112715,
    "class_loss": {
        "Down": 0.0,
        "Up": 0.0,
        "Right": 0.5458903908729553,
        "Left": 3.458798408508301,
        "Forward": 1.6502724885940552,
        "Backward": 0.0
    },
    "low_confidence": 0.57275390625
}