{
    "loss": 0.4824779610391016,
    "accuracy": 81.38247677119628,
    "precision": 0.812859488781922,
    "recall": 0.8138247677119629,
    "f1": 0.8086601041987217,
    "class_loss": {
        "Down": 0.23364320973417274,
        "Up": 0.44863575558971475,
        "Right": 0.3627419357912408,
        "Left": 0.40219406262730006,
        "Forward": 1.0473226402644757,
        "Backward": 0.16100610700798118
    },
    "low_confidence": 0.81005859375
}