{
    "loss": 2.693086620280088,
    "accuracy": 34.86861207897793,
    "precision": 0.4524237259040622,
    "recall": 0.34868612078977934,
    "f1": 0.354554573875323,
    "class_loss": {
        "Down": 3.043102889389232,
        "Up": 3.1188512850799652,
        "Right": 1.8042755139952835,
        "Left": 3.4403353043599054,
        "Forward": 1.8956508567132386,
        "Backward": 0.0
    },
    "low_confidence": 0.7998046875
}