{
    "loss": 0.6830723941326141,
    "accuracy": 71.85649599442704,
    "precision": 0.7170476935077721,
    "recall": 0.7185649599442703,
    "f1": 0.7115828163342016,
    "class_loss": {
        "Down": 0.4603022774060567,
        "Up": 0.6225711080763076,
        "Right": 1.218607525030772,
        "Left": 1.0310237288475037,
        "Forward": 0.5300023456414541,
        "Backward": 1.6119150538402407
    },
    "low_confidence": 0.7119140625
}