{
    "loss": 0.9678652756743961,
    "accuracy": 63.357715081853016,
    "precision": 0.614762195246759,
    "recall": 0.6335771508185302,
    "f1": 0.6144418544339929,
    "class_loss": {
        "Down": 0.7046817235256496,
        "Up": 1.1310656076918046,
        "Right": 2.694642241184528,
        "Left": 2.854140347013107,
        "Forward": 0.8424525399795837,
        "Backward": 0.0
    },
    "low_confidence": 0.66943359375
}