{
    "loss": 1.0133239070574442,
    "accuracy": 60.327412051549985,
    "precision": 0.5815715160434239,
    "recall": 0.6032741205154998,
    "f1": 0.5699480212391138,
    "class_loss": {
        "Down": 1.0431608729892308,
        "Up": 1.3038753509521483,
        "Right": 1.6156744228469,
        "Left": 1.8694303618537056,
        "Forward": 0.4981559720304277,
        "Backward": 3.1288015270233154
    },
    "low_confidence": 0.6123046875
}