{
    "loss": 1.1662441157632404,
    "accuracy": 54.16231278300244,
    "precision": 0.5272380370363604,
    "recall": 0.5416231278300244,
    "f1": 0.4814294110264805,
    "class_loss": {
        "Down": 1.451656931325009,
        "Up": 1.7846885323524475,
        "Right": 2.321310199224032,
        "Left": 2.2595316836467156,
        "Forward": 0.6105832147101561,
        "Backward": 0.0
    },
    "low_confidence": 0.5654296875
}