{
    "loss": 0.506890523902796,
    "accuracy": 80.3916231126597,
    "precision": 0.802769081189668,
    "recall": 0.8039162311265969,
    "f1": 0.7993536557500454,
    "class_loss": {
        "Down": 0.3241174243114613,
        "Up": 0.242868783607803,
        "Right": 0.5732343500411069,
        "Left": 0.45468630696888324,
        "Forward": 1.0086287196587633,
        "Backward": 0.15031283189266645
    },
    "low_confidence": 0.78515625
}