{
    "loss": 1.8263756269834293,
    "accuracy": 45.07295296167247,
    "precision": 0.5145510179388695,
    "recall": 0.45072952961672474,
    "f1": 0.46095965672033523,
    "class_loss": {
        "Down": 2.4414203533281884,
        "Up": 0.9659205103841476,
        "Right": 1.8243645820249286,
        "Left": 2.8986217929050326,
        "Forward": 1.779063950518086,
        "Backward": 0.0
    },
    "low_confidence": 0.76904296875
}