{
    "loss": 0.9219142273068428,
    "accuracy": 66.14401858304298,
    "precision": 0.6809745315857236,
    "recall": 0.6614401858304297,
    "f1": 0.6474363301578671,
    "class_loss": {
        "Down": 0.6313190578862473,
        "Up": 0.41925933080966826,
        "Right": 0.7032160959034054,
        "Left": 0.8908881100791471,
        "Forward": 2.007429549539531,
        "Backward": 0.6751159976572834
    },
    "low_confidence": 0.73291015625
}