{
    "loss": 2.062861710372898,
    "accuracy": 41.58500290360046,
    "precision": 0.4884653984707217,
    "recall": 0.41585002903600465,
    "f1": 0.4262407821677101,
    "class_loss": {
        "Down": 2.4884931865634154,
        "Up": 0.9777799138731985,
        "Right": 1.8035581062237422,
        "Left": 2.9063032283447683,
        "Forward": 2.7441344521939754,
        "Backward": 0.0
    },
    "low_confidence": 0.72802734375
}