{
    "loss": 0.5615761336629037,
    "accuracy": 78.68212833914053,
    "precision": 0.7845887535242115,
    "recall": 0.7868212833914053,
    "f1": 0.7835413266741802,
    "class_loss": {
        "Down": 0.30605862682892215,
        "Up": 0.5846784016876309,
        "Right": 0.6969890424774753,
        "Left": 0.3351112766950219,
        "Forward": 0.9414152569240994,
        "Backward": 0.293843460407246
    },
    "low_confidence": 0.75
}