{
    "loss": 1.6834557485654604,
    "accuracy": 44.898736933797906,
    "precision": 0.5333877947301042,
    "recall": 0.4489873693379791,
    "f1": 0.4675213961580065,
    "class_loss": {
        "Down": 1.6852251538008018,
        "Up": 1.6917277262490018,
        "Right": 1.6292651465369596,
        "Left": 2.3702929011778906,
        "Forward": 1.5226538158472507,
        "Backward": 0.0
    },
    "low_confidence": 0.73486328125
}