{
    "loss": 0.726574664314588,
    "accuracy": 71.92615813305468,
    "precision": 0.7125991422146452,
    "recall": 0.7192615813305469,
    "f1": 0.7076706098068234,
    "class_loss": {
        "Down": 0.5879522586862246,
        "Up": 0.8950293411811193,
        "Right": 1.2295410831769307,
        "Left": 1.338511864344279,
        "Forward": 0.45563677201668423,
        "Backward": 1.4643032087220087
    },
    "low_confidence": 0.68701171875
}