{
    "loss": 1.2507372051477432,
    "accuracy": 56.32183908045977,
    "precision": 0.5640448103172434,
    "recall": 0.5632183908045977,
    "f1": 0.546349629980968,
    "class_loss": {
        "Down": 1.506037400527434,
        "Up": 1.2951779853213916,
        "Right": 2.1511983329599556,
        "Left": 1.6896794769499037,
        "Forward": 0.6507684861620268,
        "Backward": 7.534804662068685
    },
    "low_confidence": 0.66259765625
}