{
    "loss": 0.34257840089224,
    "accuracy": 87.18786295005808,
    "precision": 0.8715326094016645,
    "recall": 0.8718786295005807,
    "f1": 0.8692323054901077,
    "class_loss": {
        "Down": 0.21351231965753767,
        "Up": 0.17837994397376422,
        "Right": 0.30467134431280474,
        "Left": 0.30387397372612246,
        "Forward": 0.7898069919535408,
        "Backward": 0.08455721868328207
    },
    "low_confidence": 0.861328125
}