{
    "loss": 2.9000687493120227,
    "accuracy": 52.970746225319395,
    "precision": 0.5173367840318263,
    "recall": 0.529707462253194,
    "f1": 0.5143169508432751,
    "class_loss": {
        "Down": 1.9353104666620493,
        "Up": 1.2516368717100028,
        "Right": 1.6249763296417348,
        "Left": 1.812971759391345,
        "Forward": 1.5974049339795695,
        "Backward": 21.16418170928955
    },
    "low_confidence": 0.79736328125
}