{
    "loss": 1.1575119495391846,
    "accuracy": 60.3448275862069,
    "precision": 0.6639573070607553,
    "recall": 0.603448275862069,
    "f1": 0.578888395380764,
    "class_loss": {
        "Down": 1.4070112705230713,
        "Up": 2.6160383224487305,
        "Right": 0.9719686508178711,
        "Left": 1.3988977670669556,
        "Forward": 0.9573352336883545,
        "Backward": 0.0
    },
    "low_confidence": 0.410400390625
}