{
    "loss": 1.7941404581069946,
    "accuracy": 60.3448275862069,
    "precision": 0.36414982164090365,
    "recall": 0.603448275862069,
    "f1": 0.45420837968112715,
    "class_loss": {
        "Down": 0.0,
        "Up": 0.0,
        "Right": 0.5831698179244995,
        "Left": 4.345941066741943,
        "Forward": 2.307512044906616,
        "Backward": 0.0
    },
    "low_confidence": 0.55419921875
}