{
    "loss": 0.37421806432582716,
    "accuracy": 86.4601480836237,
    "precision": 0.8672436814721172,
    "recall": 0.8646014808362369,
    "f1": 0.8591550394275052,
    "class_loss": {
        "Down": 0.24716425928528662,
        "Up": 0.266316675339584,
        "Right": 0.3201617935879363,
        "Left": 0.18324134191843094,
        "Forward": 0.9171632343420276,
        "Backward": 0.164202721873557
    },
    "low_confidence": 0.82958984375
}