{
    "loss": 1.9242890680125802,
    "accuracy": 47.83500290360046,
    "precision": 0.5446718295712718,
    "recall": 0.47835002903600465,
    "f1": 0.49359112998933014,
    "class_loss": {
        "Down": 2.7545925653607086,
        "Up": 1.3146805505826509,
        "Right": 1.7982853220568762,
        "Left": 2.6632174330443377,
        "Forward": 1.7539136494479832,
        "Backward": 0.0
    },
    "low_confidence": 0.77783203125
}