{
    "loss": 0.6074688459436098,
    "accuracy": 75.09578544061303,
    "precision": 0.7508295963414503,
    "recall": 0.7509578544061303,
    "f1": 0.7430066000366632,
    "class_loss": {
        "Down": 0.49546657751003903,
        "Up": 0.5431883980830511,
        "Right": 1.0628618399302165,
        "Left": 1.2473985304435093,
        "Forward": 0.4033641144633293,
        "Backward": 0.3046018809080124
    },
    "low_confidence": 0.732421875
}