{
    "loss": 1.1703740606705348,
    "accuracy": 60.29258098223615,
    "precision": 0.5757056545223133,
    "recall": 0.6029258098223615,
    "f1": 0.577622203931942,
    "class_loss": {
        "Down": 0.7841829561761448,
        "Up": 1.2533320300281048,
        "Right": 2.023188610871633,
        "Left": 2.5578337808450065,
        "Forward": 0.5716994864245256,
        "Backward": 7.103461164981127
    },
    "low_confidence": 0.72412109375
}