{"loss": [0.06584101170301437, 0.04049481078982353, 0.03211294859647751, 0.026877759024500847, 0.023633236065506935, 0.021470077335834503, 0.01975775882601738, 0.01846933737397194, 0.01747419685125351, 0.016482297331094742, 0.01564774662256241, 0.014932665042579174, 0.01444184873253107, 0.013767481781542301, 0.013472179882228374, 0.013066310435533524, 0.012803892605006695, 0.012454623356461525, 0.012085662223398685, 0.011763177812099457, 0.011428844183683395, 0.01134776882827282, 0.010984081774950027, 0.010866052471101284, 0.010683659464120865, 0.010519281029701233, 0.010442046448588371, 0.010174634866416454, 0.010105540044605732, 0.010001900605857372, 0.00985165685415268, 0.009731762111186981, 0.009662737138569355, 0.009522543288767338, 0.00946835707873106, 0.009376581758260727, 0.009234952740371227, 0.00921205710619688, 0.00912526622414589, 0.009115457534790039, 0.00895281694829464, 0.008859009481966496, 0.008856663480401039, 0.008803864941000938, 0.0087068947032094, 0.00869231391698122, 0.008633404970169067, 0.008587915450334549, 0.008502751588821411, 0.008437888696789742], "accuracy": [0.44563791155815125, 0.46413174271583557, 0.4791684150695801, 0.48954516649246216, 0.49780282378196716, 0.5038476586341858, 0.5021555423736572, 0.5052274465560913, 0.5074037909507751, 0.5122458934783936, 0.5126259922981262, 0.514609694480896, 0.5145159959793091, 0.5177805423736572, 0.5155469179153442, 0.5160883665084839, 0.5160519480705261, 0.5213209986686707, 0.5084919333457947, 0.49521514773368835, 0.49018555879592896, 0.48337534070014954, 0.4840521812438965, 0.4781739413738251, 0.4825214445590973, 0.4794599711894989, 0.4769972562789917, 0.47950682044029236, 0.4777522087097168, 0.47811147570610046, 0.4825943410396576, 0.48119378089904785, 0.4788820445537567, 0.48094385862350464, 0.4790278375148773, 0.48057419061660767, 0.4792204797267914, 0.48118856549263, 0.47850194573402405, 0.478934109210968, 0.47739294171333313, 0.48236003518104553, 0.48127707839012146, 0.4791267514228821, 0.4815061688423157, 0.4863430857658386, 0.4799754321575165, 0.481146901845932, 0.48041799664497375, 0.482511043548584], "val_loss": [0.0649280920624733, 0.06395288556814194, 0.0609276257455349, 0.058887779712677, 0.058542363345623016, 0.05756762623786926, 0.05887619033455849, 0.060040876269340515, 0.058309122920036316, 0.06059036776423454, 0.0600912906229496, 0.05734168738126755, 0.059982821345329285, 0.05612959340214729, 0.05593514069914818, 0.05566937103867531, 0.05917564406991005, 0.056952103972435, 0.058061692863702774, 0.05642304942011833, 0.05500482767820358, 0.056446515023708344, 0.05644666403532028, 0.05648753419518471, 0.05630725249648094, 0.05790721997618675, 0.056726399809122086, 0.056652750819921494, 0.059032633900642395, 0.05476085841655731, 0.055016614496707916, 0.05773439630866051, 0.05725134164094925, 0.05633122846484184, 0.05533631145954132, 0.055552635341882706, 0.05808554217219353, 0.055926498025655746, 0.05759852007031441, 0.05557183921337128, 0.05520715191960335, 0.054321687668561935, 0.05898325517773628, 0.05546713247895241, 0.05695916712284088, 0.05569024011492729, 0.05918888747692108, 0.056820761412382126, 0.057259976863861084, 0.056493230164051056], "val_accuracy": [0.49920353293418884, 0.34360945224761963, 0.392709881067276, 0.4037668704986572, 0.3973950445652008, 0.4127623736858368, 0.37621814012527466, 0.38413605093955994, 0.38230884075164795, 0.39416229724884033, 0.41163793206214905, 0.431643545627594, 0.5143834352493286, 0.4600355923175812, 0.39617690443992615, 0.43295538425445557, 0.44396552443504333, 0.41430845856666565, 0.3600543439388275, 0.41782233119010925, 0.3860101103782654, 0.34103259444236755, 0.34904423356056213, 0.40920165181159973, 0.45525676012039185, 0.33784669637680054, 0.3893834352493286, 0.3861038088798523, 0.38474512100219727, 0.35668104887008667, 0.34239131212234497, 0.35724323987960815, 0.36450526118278503, 0.3492784798145294, 0.3767335116863251, 0.42016491293907166, 0.3542916178703308, 0.40020614862442017, 0.46785983443260193, 0.33208397030830383, 0.4019865095615387, 0.48074400424957275, 0.36108508706092834, 0.3821682929992676, 0.42817652225494385, 0.38793104887008667, 0.34112632274627686, 0.3709239065647125, 0.3352230191230774, 0.3335363566875458]}