{"loss": [0.2544863522052765, 0.2176361232995987, 0.192377969622612, 0.16560085117816925, 0.14949026703834534, 0.13463784754276276, 0.12278009951114655, 0.11228154599666595, 0.1026976928114891, 0.09511914849281311, 0.09267106652259827, 0.08688435703516006, 0.08255258947610855, 0.07830771803855896, 0.07468053698539734, 0.07265488803386688, 0.0703263059258461, 0.06821049004793167, 0.06567677855491638, 0.06313454359769821, 0.06149168685078621, 0.059838324785232544, 0.05770811066031456, 0.055598434060811996, 0.05400872603058815, 0.05228878930211067, 0.05105002224445343, 0.05037880316376686, 0.04857313260436058, 0.04694622382521629, 0.04673560708761215, 0.04611356183886528, 0.04426857829093933, 0.04362012818455696, 0.043200891464948654, 0.04114362597465515, 0.041179120540618896, 0.04094826430082321, 0.03943302482366562, 0.038984354585409164, 0.038061145693063736, 0.03684568032622337, 0.03573928400874138, 0.03522792086005211, 0.03546127304434776, 0.03510280326008797, 0.03350825235247612, 0.03293255344033241, 0.03259989619255066, 0.03232867643237114], "accuracy": [0.6040313839912415, 0.6400423049926758, 0.662162184715271, 0.6812622547149658, 0.6918314695358276, 0.6993809342384338, 0.7054960131645203, 0.7053450345993042, 0.7156122326850891, 0.724445104598999, 0.7251245379447937, 0.7255020141601562, 0.7335044741630554, 0.733428955078125, 0.7287483215332031, 0.7385625839233398, 0.7396194934844971, 0.7396950125694275, 0.7348633408546448, 0.7412049174308777, 0.7401479482650757, 0.7431677579879761, 0.7427147626876831, 0.7465649843215942, 0.747848391532898, 0.7507926821708679, 0.7467914819717407, 0.7451305985450745, 0.7486788630485535, 0.7496602535247803, 0.7535104751586914, 0.7562282681465149, 0.7500377297401428, 0.7541899681091309, 0.7507926821708679, 0.7584176063537598, 0.7522270679473877, 0.7582666277885437, 0.754491925239563, 0.7560018301010132, 0.761135458946228, 0.7604559659957886, 0.757587194442749, 0.7541899681091309, 0.7618148922920227, 0.7590970993041992, 0.7575116753578186, 0.7612109184265137, 0.7630982995033264, 0.7560018301010132], "val_loss": [0.2787063419818878, 0.2523562014102936, 0.23523826897144318, 0.22180265188217163, 0.21837127208709717, 0.22002331912517548, 0.21929381787776947, 0.2034308761358261, 0.21472248435020447, 0.2227441817522049, 0.21175222098827362, 0.2115100622177124, 0.20852336287498474, 0.20058399438858032, 0.19661125540733337, 0.20433345437049866, 0.2099962681531906, 0.20799784362316132, 0.2216537892818451, 0.20720958709716797, 0.18923456966876984, 0.19698144495487213, 0.207079216837883, 0.20938162505626678, 0.2012348622083664, 0.2109110802412033, 0.20419159531593323, 0.19660958647727966, 0.17357711493968964, 0.1815890222787857, 0.18544000387191772, 0.18901781737804413, 0.1781918853521347, 0.18246348202228546, 0.179411843419075, 0.18011970818042755, 0.17836438119411469, 0.18092842400074005, 0.18198727071285248, 0.18717257678508759, 0.18498194217681885, 0.17628833651542664, 0.18296125531196594, 0.1818937212228775, 0.17930570244789124, 0.17219248414039612, 0.18029071390628815, 0.1776692420244217, 0.17515961825847626, 0.17525747418403625], "val_accuracy": [0.56589674949646, 0.5869565010070801, 0.6290760636329651, 0.62839674949646, 0.6270380616188049, 0.63451087474823, 0.6365489363670349, 0.6338315010070801, 0.6385869383811951, 0.6433423757553101, 0.6195651888847351, 0.6120923757553101, 0.641983687877655, 0.667119562625885, 0.64402174949646, 0.654891312122345, 0.6460598111152649, 0.6650815010070801, 0.6277173757553101, 0.633152186870575, 0.6460598111152649, 0.648097813129425, 0.6698369383811951, 0.6399456262588501, 0.6134510636329651, 0.6317934989929199, 0.641983687877655, 0.6555706262588501, 0.654891312122345, 0.64673912525177, 0.66236412525177, 0.6902173757553101, 0.673233687877655, 0.6834239363670349, 0.648777186870575, 0.6569293737411499, 0.65013587474823, 0.6603260636329651, 0.645380437374115, 0.6317934989929199, 0.667119562625885, 0.6535326242446899, 0.6508151888847351, 0.64402174949646, 0.6494565010070801, 0.6433423757553101, 0.6290760636329651, 0.6494565010070801, 0.648097813129425, 0.65013587474823]}