{
    "loss": 0.4950445512930552,
    "accuracy": 80.28561476837339,
    "precision": 0.8066276846579131,
    "recall": 0.8028561476837339,
    "f1": 0.8025266986930687,
    "class_loss": {
        "Down": 0.31328028788169227,
        "Up": 0.2800049814913008,
        "Right": 0.7688591314686669,
        "Left": 0.6711176595754094,
        "Forward": 0.5015473220083448,
        "Backward": 0.9065227250001676
    },
    "low_confidence": 0.7880859375
}