{
    "loss": 1.1407038705216515,
    "accuracy": 60.39707419017764,
    "precision": 0.60089048537774,
    "recall": 0.6039707419017764,
    "f1": 0.5948113708584148,
    "class_loss": {
        "Down": 1.1690064103979814,
        "Up": 1.2375091994181275,
        "Right": 3.1673268469480367,
        "Left": 4.081601228851539,
        "Forward": 0.8148204506025649,
        "Backward": 0.0
    },
    "low_confidence": 0.740234375
}