{
    "loss": 0.665349488457044,
    "accuracy": 74.39916405433647,
    "precision": 0.7406254185881858,
    "recall": 0.7439916405433646,
    "f1": 0.7387222317414541,
    "class_loss": {
        "Down": 0.6254433045784632,
        "Up": 0.6261830578247706,
        "Right": 1.044941321015358,
        "Left": 1.2057292958100636,
        "Forward": 0.4767153859138489,
        "Backward": 0.9291996939314736
    },
    "low_confidence": 0.69970703125
}