{
    "loss": 1.247990369796753,
    "accuracy": 56.391501219087424,
    "precision": 0.5687574866173372,
    "recall": 0.5639150121908743,
    "f1": 0.5476678459509473,
    "class_loss": {
        "Down": 1.7030755823308772,
        "Up": 1.1222449012778022,
        "Right": 2.0314014066349375,
        "Left": 1.6455967757436964,
        "Forward": 0.6777660176157951,
        "Backward": 7.662988026936849
    },
    "low_confidence": 0.67041015625
}