{
    "loss": 0.5425093982506681,
    "accuracy": 79.69112950058071,
    "precision": 0.7941584726395562,
    "recall": 0.7969112950058072,
    "f1": 0.7906985047298642,
    "class_loss": {
        "Down": 0.3922230769638662,
        "Up": 0.3477729704506971,
        "Right": 0.5739438186089197,
        "Left": 0.3151501158459319,
        "Forward": 1.1617121403967892,
        "Backward": 0.17114957950198678
    },
    "low_confidence": 0.77734375
}