{
    "loss": 1.7889215197011017,
    "accuracy": 44.80981416957027,
    "precision": 0.5202714852834188,
    "recall": 0.44809814169570267,
    "f1": 0.4672129471524606,
    "class_loss": {
        "Down": 1.9923839692188345,
        "Up": 1.4273875776078013,
        "Right": 1.6324048491401806,
        "Left": 2.4759775734273717,
        "Forward": 2.015487422866206,
        "Backward": 0.0
    },
    "low_confidence": 0.76220703125
}