{
    "loss": 1.4049895180596246,
    "accuracy": 47.265761058864506,
    "precision": 0.5077670977407813,
    "recall": 0.4726576105886451,
    "f1": 0.4827228050197576,
    "class_loss": {
        "Down": 1.784482275115119,
        "Up": 1.5853717539045546,
        "Right": 1.8641299247741698,
        "Left": 1.5764458484119839,
        "Forward": 1.0412219365437825,
        "Backward": 2.4527722258499125
    },
    "low_confidence": 0.59326171875
}