{
    "loss": 1.683798983361986,
    "accuracy": 37.09508881922675,
    "precision": 0.4831030475072152,
    "recall": 0.3709508881922675,
    "f1": 0.37674701069091593,
    "class_loss": {
        "Down": 2.5723215906243575,
        "Up": 1.8800711433092754,
        "Right": 1.4048534838052897,
        "Left": 2.0614794607345877,
        "Forward": 1.2973526550663843,
        "Backward": 0.0
    },
    "low_confidence": 0.61865234375
}