{
    "loss": 0.5207588754042431,
    "accuracy": 79.82542102206736,
    "precision": 0.7956150073389467,
    "recall": 0.7982542102206737,
    "f1": 0.7936563894457216,
    "class_loss": {
        "Down": 0.37867216186390984,
        "Up": 0.385562952193949,
        "Right": 0.5437739150667632,
        "Left": 0.3375315994231237,
        "Forward": 1.040578721298112,
        "Backward": 0.15185158891081638
    },
    "low_confidence": 0.78271484375
}