{
    "loss": 2.025473396602104,
    "accuracy": 41.597706155632984,
    "precision": 0.49733737503327985,
    "recall": 0.41597706155632985,
    "f1": 0.4315848753381238,
    "class_loss": {
        "Down": 2.576784562346512,
        "Up": 1.6352600437499223,
        "Right": 1.6854751621269517,
        "Left": 2.897744844900444,
        "Forward": 1.768822563421582,
        "Backward": 0.0
    },
    "low_confidence": 0.779296875
}