{
    "loss": 0.5899460501141018,
    "accuracy": 75.96656217345873,
    "precision": 0.764339095127266,
    "recall": 0.7596656217345873,
    "f1": 0.7584979154467996,
    "class_loss": {
        "Down": 0.3294370414482223,
        "Up": 0.4405298138658206,
        "Right": 0.8534202926688724,
        "Left": 0.8502073307832082,
        "Forward": 0.5726389679643843,
        "Backward": 1.058770948909628
    },
    "low_confidence": 0.75
}