{
    "loss": 0.9852451086044312,
    "accuracy": 61.61616161616162,
    "precision": 0.6136446508921479,
    "recall": 0.6161616161616161,
    "f1": 0.6129998675410333,
    "class_loss": {
        "Down": 0.8984774445232592,
        "Up": 1.1146430034811299,
        "Right": 1.8254920840263367,
        "Left": 3.0182039668926826,
        "Forward": 0.9275819727323121,
        "Backward": 0.0
    },
    "low_confidence": 0.69091796875
}