{
    "loss": 1.1906250649028354,
    "accuracy": 53.43086032741205,
    "precision": 0.5565113117313781,
    "recall": 0.5343086032741206,
    "f1": 0.5418477431466728,
    "class_loss": {
        "Down": 0.9176677193906572,
        "Up": 1.112621851099862,
        "Right": 2.0684923158751594,
        "Left": 1.2714719871679943,
        "Forward": 0.9617709914843241,
        "Backward": 3.81304467278956
    },
    "low_confidence": 0.72119140625
}