{
    "loss": 1.9428956949048573,
    "accuracy": 36.29397422500871,
    "precision": 0.4606080865869617,
    "recall": 0.36293974225008707,
    "f1": 0.3708666018692159,
    "class_loss": {
        "Down": 2.66670076470626,
        "Up": 2.5100163483681777,
        "Right": 2.3592423107475042,
        "Left": 3.5204087759439764,
        "Forward": 1.417632632371452,
        "Backward": 0.0
    },
    "low_confidence": 0.76513671875
}