{
    "loss": 0.7542191598150465,
    "accuracy": 70.04528039010798,
    "precision": 0.7011904190110059,
    "recall": 0.7004528039010798,
    "f1": 0.6995997164752181,
    "class_loss": {
        "Down": 0.5912819517983331,
        "Up": 0.7987808691130744,
        "Right": 1.0627877407603794,
        "Left": 1.0114805526203579,
        "Forward": 0.6329880721039243,
        "Backward": 1.267645404147713
    },
    "low_confidence": 0.6689453125
}