{
    "loss": 0.987882113787863,
    "accuracy": 59.17798676419366,
    "precision": 0.6126080120646967,
    "recall": 0.5917798676419366,
    "f1": 0.5982624659336332,
    "class_loss": {
        "Down": 1.0318810626080162,
        "Up": 1.0394431247065465,
        "Right": 1.7178192734718323,
        "Left": 1.9720266687755401,
        "Forward": 1.01506030485034,
        "Backward": 0.0
    },
    "low_confidence": 0.5927734375
}