{
    "loss": 0.37866650852892136,
    "accuracy": 86.69969512195122,
    "precision": 0.8668922568637483,
    "recall": 0.8669969512195121,
    "f1": 0.860844833339403,
    "class_loss": {
        "Down": 0.1458394515707537,
        "Up": 0.23142338482042155,
        "Right": 0.33339899640392373,
        "Left": 0.3211855265415377,
        "Forward": 0.9621358602135269,
        "Backward": 0.044913144291193155
    },
    "low_confidence": 0.82861328125
}