{
    "loss": 1.3333621850383848,
    "accuracy": 56.94141986062718,
    "precision": 0.578486379396797,
    "recall": 0.5694141986062717,
    "f1": 0.5650166197347698,
    "class_loss": {
        "Down": 1.0529603491304442,
        "Up": 1.2162255088053644,
        "Right": 1.8101213003334764,
        "Left": 1.931619461525131,
        "Forward": 1.2700187914666876,
        "Backward": 0.0
    },
    "low_confidence": 0.71435546875
}