{
    "loss": 0.6793695522679223,
    "accuracy": 71.85649599442704,
    "precision": 0.718975530811624,
    "recall": 0.7185649599442703,
    "f1": 0.70650014367734,
    "class_loss": {
        "Down": 0.30915994909074573,
        "Up": 0.8894917673534817,
        "Right": 1.2524847944577535,
        "Left": 1.1897569398085277,
        "Forward": 0.4434489823049969,
        "Backward": 1.3747282449722937
    },
    "low_confidence": 0.73291015625
}