{
    "loss": 0.9392934527662066,
    "accuracy": 63.74085684430512,
    "precision": 0.6354831567065173,
    "recall": 0.6374085684430512,
    "f1": 0.6185925551392066,
    "class_loss": {
        "Down": 0.7640810804931741,
        "Up": 1.5180638208985329,
        "Right": 2.1519990242444553,
        "Left": 2.738349959254265,
        "Forward": 0.6670281380621923,
        "Backward": 0.0
    },
    "low_confidence": 0.6845703125
}