{
    "loss": 0.6509406566619873,
    "accuracy": 77.58620689655173,
    "precision": 0.7902419419660799,
    "recall": 0.7758620689655172,
    "f1": 0.7757841381066533,
    "class_loss": {
        "Down": 0.3222332000732422,
        "Up": 2.3769474029541016,
        "Right": 0.691585898399353,
        "Left": 0.5550997257232666,
        "Forward": 0.7680158019065857,
        "Backward": 0.0
    },
    "low_confidence": 0.66748046875
}