{
    "loss": 1.8282394409179688,
    "accuracy": 60.3448275862069,
    "precision": 0.36414982164090365,
    "recall": 0.603448275862069,
    "f1": 0.45420837968112715,
    "class_loss": {
        "Down": 0.0,
        "Up": 0.0,
        "Right": 0.1868685483932495,
        "Left": 4.465737342834473,
        "Forward": 4.063929080963135,
        "Backward": 0.0
    },
    "low_confidence": 0.8193359375
}