{
    "loss": 0.5715980616708597,
    "accuracy": 78.1612950058072,
    "precision": 0.7782079626378304,
    "recall": 0.781612950058072,
    "f1": 0.7774880862432745,
    "class_loss": {
        "Down": 0.3461817126997091,
        "Up": 0.48842511850374715,
        "Right": 0.7236469448716553,
        "Left": 0.37621776621650765,
        "Forward": 0.9897192829736957,
        "Backward": 0.2227848244106604
    },
    "low_confidence": 0.748046875
}