{
    "loss": 1.4424668153601319,
    "accuracy": 51.656867015098726,
    "precision": 0.557868562507841,
    "recall": 0.5165686701509872,
    "f1": 0.5315671107953348,
    "class_loss": {
        "Down": 1.5648496562372083,
        "Up": 1.0751509711213678,
        "Right": 1.844526317798429,
        "Left": 1.9472135414835066,
        "Forward": 1.5991818382735214,
        "Backward": 0.0
    },
    "low_confidence": 0.71240234375
}