{
    "loss": 0.7772223502397537,
    "accuracy": 70.14977359804946,
    "precision": 0.6925049986484316,
    "recall": 0.7014977359804946,
    "f1": 0.6831939039362667,
    "class_loss": {
        "Down": 0.6473468268911043,
        "Up": 0.7572010060151418,
        "Right": 1.466451605161031,
        "Left": 1.4903640449047089,
        "Forward": 0.4949132998784383,
        "Backward": 1.5316874086856842
    },
    "low_confidence": 0.6669921875
}