{
    "loss": 1.26178939640522,
    "accuracy": 56.182514803204455,
    "precision": 0.5771509043689048,
    "recall": 0.5618251480320445,
    "f1": 0.538254761163542,
    "class_loss": {
        "Down": 1.4787961163304069,
        "Up": 0.9798992357470773,
        "Right": 2.198752311143008,
        "Left": 1.7590586609310574,
        "Forward": 0.7187096650401751,
        "Backward": 7.07093620300293
    },
    "low_confidence": 0.64013671875
}