{
    "loss": 0.5214780976098997,
    "accuracy": 80.25551684088269,
    "precision": 0.7988663969704327,
    "recall": 0.8025551684088269,
    "f1": 0.7964927606212323,
    "class_loss": {
        "Down": 0.29256709789236385,
        "Up": 0.4640461367175535,
        "Right": 0.4671074381719033,
        "Left": 0.3378603882673714,
        "Forward": 1.1248969849612978,
        "Backward": 0.1876786608988402
    },
    "low_confidence": 0.787109375
}