{
    "loss": 2.3226025877089276,
    "accuracy": 37.22415795586527,
    "precision": 0.4855710299152634,
    "recall": 0.3722415795586527,
    "f1": 0.3826595543890695,
    "class_loss": {
        "Down": 2.592000138716421,
        "Up": 2.608518421380635,
        "Right": 1.8501035460633122,
        "Left": 2.8878441666602157,
        "Forward": 1.734581848275998,
        "Backward": 0.0
    },
    "low_confidence": 0.77099609375
}