{
    "loss": 0.9174160334799025,
    "accuracy": 63.81051898293278,
    "precision": 0.6250915181426882,
    "recall": 0.6381051898293277,
    "f1": 0.6107430657839196,
    "class_loss": {
        "Down": 0.677109979920917,
        "Up": 1.0735525714026557,
        "Right": 1.8121415853500367,
        "Left": 1.5157245304849414,
        "Forward": 0.5364949544270833,
        "Backward": 2.3643994175869487
    },
    "low_confidence": 0.66015625
}