{
    "loss": 1.0681942535771265,
    "accuracy": 54.89376523859283,
    "precision": 0.5195026766118186,
    "recall": 0.5489376523859283,
    "f1": 0.5225499008683422,
    "class_loss": {
        "Down": 0.7906934148386905,
        "Up": 1.4988439194858074,
        "Right": 2.947084206801194,
        "Left": 2.1007855219336657,
        "Forward": 0.8097757837010755,
        "Backward": 0.0
    },
    "low_confidence": 0.59326171875
}