{
    "loss": 0.5449066162109375,
    "accuracy": 79.3103448275862,
    "precision": 0.8286822070851109,
    "recall": 0.7931034482758621,
    "f1": 0.7994210615280594,
    "class_loss": {
        "Down": 0.22522304952144623,
        "Up": 2.4588687419891357,
        "Right": 0.6665446758270264,
        "Left": 0.31777969002723694,
        "Forward": 0.6676499247550964,
        "Backward": 0.0
    },
    "low_confidence": 0.71923828125
}