{
    "loss": 2.0339534282684326,
    "accuracy": 60.3448275862069,
    "precision": 0.36414982164090365,
    "recall": 0.603448275862069,
    "f1": 0.45420837968112715,
    "class_loss": {
        "Down": 0.0,
        "Up": 0.0,
        "Right": 0.14096273481845856,
        "Left": 4.868338584899902,
        "Forward": 5.001315593719482,
        "Backward": 0.0
    },
    "low_confidence": 0.857421875
}