{
    "loss": 0.5442995040313058,
    "accuracy": 78.04878048780488,
    "precision": 0.7851435465944204,
    "recall": 0.7804878048780488,
    "f1": 0.7699134538609218,
    "class_loss": {
        "Down": 0.4645011515721031,
        "Up": 0.6258578436530154,
        "Right": 1.5409221519594607,
        "Left": 0.5742986986170644,
        "Forward": 0.2796752938757772,
        "Backward": 0.327392132289242
    },
    "low_confidence": 0.7939453125
}