{
    "loss": 1.316408898519433,
    "accuracy": 59.58188153310105,
    "precision": 0.6094310374497387,
    "recall": 0.5958188153310104,
    "f1": 0.5750739843823861,
    "class_loss": {
        "Down": 1.6033349931240082,
        "Up": 2.601851789156596,
        "Right": 3.101095418135325,
        "Left": 3.3802791523436704,
        "Forward": 0.4372295440053162,
        "Backward": 0.0
    },
    "low_confidence": 0.763671875
}