{
    "loss": 0.6621321089889692,
    "accuracy": 72.75261324041811,
    "precision": 0.7205111528475378,
    "recall": 0.7275261324041812,
    "f1": 0.7121504687799881,
    "class_loss": {
        "Down": 0.4551609702732252,
        "Up": 0.6527227863021519,
        "Right": 1.4823808851449385,
        "Left": 1.1090960373049197,
        "Forward": 0.42708740350992785,
        "Backward": 0.36209676722064615
    },
    "low_confidence": 0.7197265625
}