{
    "loss": 0.9967647881611533,
    "accuracy": 63.832752613240416,
    "precision": 0.6320482465606188,
    "recall": 0.6383275261324042,
    "f1": 0.6236051466993523,
    "class_loss": {
        "Down": 0.7908527884218428,
        "Up": 1.385839429994424,
        "Right": 2.8604427576065063,
        "Left": 2.955923674007257,
        "Forward": 0.6608516055604686,
        "Backward": 0.0
    },
    "low_confidence": 0.67919921875
}