{
    "loss": 0.24934445542317848,
    "accuracy": 91.37812137049941,
    "precision": 0.9141229540442851,
    "recall": 0.9137812137049942,
    "f1": 0.9116804599281619,
    "class_loss": {
        "Down": 0.1241038571525779,
        "Up": 0.1197875618106789,
        "Right": 0.19762732495588284,
        "Left": 0.25577687103025337,
        "Forward": 0.6172451367946686,
        "Backward": 0.024278835235573178
    },
    "low_confidence": 0.87939453125
}