{
    "loss": 1.8477453147880387,
    "accuracy": 49.68060394889663,
    "precision": 0.5655049726822778,
    "recall": 0.49680603948896634,
    "f1": 0.4908397621250732,
    "class_loss": {
        "Down": 1.5559654063085633,
        "Up": 1.6686771140433847,
        "Right": 2.4232715879526032,
        "Left": 3.401272505219724,
        "Forward": 0.9457216180852754,
        "Backward": 0.0
    },
    "low_confidence": 0.7724609375
}