{
    "loss": 0.6889573829593482,
    "accuracy": 73.87848432055749,
    "precision": 0.7359587619389767,
    "recall": 0.7387848432055749,
    "f1": 0.730903276547032,
    "class_loss": {
        "Down": 0.42362634154657525,
        "Up": 0.5316031179908249,
        "Right": 0.9156170658491276,
        "Left": 0.43023827520233615,
        "Forward": 1.209722073541747,
        "Backward": 0.29192836532645206
    },
    "low_confidence": 0.7109375
}