{
    "loss": 1.269393370366069,
    "accuracy": 53.694831591173056,
    "precision": 0.5536582777797828,
    "recall": 0.5369483159117305,
    "f1": 0.5436094146128857,
    "class_loss": {
        "Down": 1.12846907120252,
        "Up": 0.8046411364507603,
        "Right": 1.763511586520407,
        "Left": 1.7039391602156684,
        "Forward": 1.7636640192039552,
        "Backward": 0.0
    },
    "low_confidence": 0.6806640625
}