{
    "loss": 0.5917967582742373,
    "accuracy": 76.10588645071404,
    "precision": 0.7576752289677502,
    "recall": 0.7610588645071403,
    "f1": 0.7567221822463873,
    "class_loss": {
        "Down": 0.3733718817432721,
        "Up": 0.7393491889039675,
        "Right": 1.0357194244861603,
        "Left": 0.8625725309054056,
        "Forward": 0.45482343186934787,
        "Backward": 0.3661251090466976
    },
    "low_confidence": 0.72607421875
}