{
    "loss": 0.7314847707748413,
    "accuracy": 72.41379310344827,
    "precision": 0.7678879310344826,
    "recall": 0.7241379310344828,
    "f1": 0.7315986403350049,
    "class_loss": {
        "Down": 0.349155068397522,
        "Up": 2.39402174949646,
        "Right": 0.5975227355957031,
        "Left": 0.5879808068275452,
        "Forward": 0.9547520279884338,
        "Backward": 0.0
    },
    "low_confidence": 0.65234375
}