{
    "loss": 1.9042184352874756,
    "accuracy": 60.3448275862069,
    "precision": 0.36414982164090365,
    "recall": 0.603448275862069,
    "f1": 0.45420837968112715,
    "class_loss": {
        "Down": 0.0,
        "Up": 0.0,
        "Right": 0.1380797177553177,
        "Left": 4.579674243927002,
        "Forward": 4.614596843719482,
        "Backward": 0.0
    },
    "low_confidence": 0.8623046875
}