{
    "loss": 0.5723934769630432,
    "accuracy": 79.3103448275862,
    "precision": 0.7974137931034483,
    "recall": 0.7931034482758621,
    "f1": 0.7938613111026904,
    "class_loss": {
        "Down": 0.3506852090358734,
        "Up": 1.2288621664047241,
        "Right": 0.7697809934616089,
        "Left": 0.06642528623342514,
        "Forward": 0.525058925151825,
        "Backward": 0.8522660136222839
    },
    "low_confidence": 0.7119140625
}