{
    "loss": 0.8109080625904931,
    "accuracy": 65.74295876887341,
    "precision": 0.6941395602715037,
    "recall": 0.657429587688734,
    "f1": 0.6594789140178516,
    "class_loss": {
        "Down": 0.6276801017423471,
        "Up": 1.0083173176756612,
        "Right": 1.0282815703087382,
        "Left": 0.5684884576885788,
        "Forward": 0.7219814251142519,
        "Backward": 1.1780700537341613
    },
    "low_confidence": 0.6689453125
}