{
    "loss": 1.5632846733658678,
    "accuracy": 45.88414634146341,
    "precision": 0.5728972529246024,
    "recall": 0.45884146341463417,
    "f1": 0.4807404855686533,
    "class_loss": {
        "Down": 1.8889649814885596,
        "Up": 1.6523060090391033,
        "Right": 1.6414469953419433,
        "Left": 2.006665736087598,
        "Forward": 1.0133629365553778,
        "Backward": 0.0
    },
    "low_confidence": 0.666015625
}