{
    "loss": 0.5973270829353068,
    "accuracy": 77.90360046457607,
    "precision": 0.777601017776456,
    "recall": 0.7790360046457607,
    "f1": 0.7696581892237874,
    "class_loss": {
        "Down": 0.3475615699534063,
        "Up": 0.46266178759159865,
        "Right": 0.5561488221089045,
        "Left": 0.4864505674276087,
        "Forward": 1.2461368833427076,
        "Backward": 0.1913740475041171
    },
    "low_confidence": 0.7392578125
}