{
    "loss": 1.2071951418701146,
    "accuracy": 57.598359465737516,
    "precision": 0.6152916983145121,
    "recall": 0.5759835946573751,
    "f1": 0.5845582989878043,
    "class_loss": {
        "Down": 1.1596476065291874,
        "Up": 0.8065126251474203,
        "Right": 1.150309460858504,
        "Left": 1.8443994541303255,
        "Forward": 1.671214854044299,
        "Backward": 0.0
    },
    "low_confidence": 0.66552734375
}