{
    "loss": 1.110222750239902,
    "accuracy": 52.176941832114245,
    "precision": 0.5625112886268931,
    "recall": 0.5217694183211424,
    "f1": 0.5351734628252388,
    "class_loss": {
        "Down": 0.8450996557871501,
        "Up": 1.2236591206656562,
        "Right": 1.4527771651744843,
        "Left": 1.2471656143665313,
        "Forward": 0.9806115706761678,
        "Backward": 3.076090440095868
    },
    "low_confidence": 0.73193359375
}