{
    "loss": 2.4318041702111564,
    "accuracy": 32.741205154998255,
    "precision": 0.4338434440081378,
    "recall": 0.3274120515499826,
    "f1": 0.3370425749035041,
    "class_loss": {
        "Down": 3.5491740327132377,
        "Up": 3.48842579840372,
        "Right": 2.393720844294876,
        "Left": 4.347822830080986,
        "Forward": 1.587820120818085,
        "Backward": 0.0
    },
    "low_confidence": 0.82177734375
}