{
    "loss": 0.9349595705668131,
    "accuracy": 63.8453500522466,
    "precision": 0.622830118750576,
    "recall": 0.6384535005224661,
    "f1": 0.5971703950639319,
    "class_loss": {
        "Down": 0.7871427088975906,
        "Up": 1.0956855416297913,
        "Right": 1.6305480698744457,
        "Left": 1.9051732122898102,
        "Forward": 0.5395057002703348,
        "Backward": 2.8807955185572305
    },
    "low_confidence": 0.60595703125
}