{
    "loss": 1.315296858549118,
    "accuracy": 51.89829327760362,
    "precision": 0.5392352700430358,
    "recall": 0.5189829327760362,
    "f1": 0.4822239603187378,
    "class_loss": {
        "Down": 1.4660507142543793,
        "Up": 1.1124937425960193,
        "Right": 2.034357623620467,
        "Left": 2.0060239103105335,
        "Forward": 0.7317521000901858,
        "Backward": 6.5208001136779785
    },
    "low_confidence": 0.57177734375
}