{
    "loss": 0.7200676202774048,
    "accuracy": 77.58620689655173,
    "precision": 0.7883983832259694,
    "recall": 0.7758620689655172,
    "f1": 0.775773539997678,
    "class_loss": {
        "Down": 0.5759391784667969,
        "Up": 2.5368552207946777,
        "Right": 0.7843049168586731,
        "Left": 0.6417611241340637,
        "Forward": 0.7271256446838379,
        "Backward": 0.0
    },
    "low_confidence": 0.63037109375
}