{
    "loss": 1.61569344997406,
    "accuracy": 60.3448275862069,
    "precision": 0.36414982164090365,
    "recall": 0.603448275862069,
    "f1": 0.45420837968112715,
    "class_loss": {
        "Down": 0.0,
        "Up": 0.0,
        "Right": 0.17706117033958435,
        "Left": 4.006001949310303,
        "Forward": 3.4278807640075684,
        "Backward": 0.0
    },
    "low_confidence": 0.828125
}