{
    "loss": 0.4562138707741447,
    "accuracy": 81.74216027874564,
    "precision": 0.81956754520462,
    "recall": 0.8174216027874565,
    "f1": 0.8142714934684382,
    "class_loss": {
        "Down": 0.2813092279045478,
        "Up": 0.767929714658986,
        "Right": 0.8870080359604048,
        "Left": 0.6240151135817819,
        "Forward": 0.2806681699079016,
        "Backward": 0.1039245216503332
    },
    "low_confidence": 0.810546875
}