{
    "loss": 1.4813697150220042,
    "accuracy": 59.51219512195122,
    "precision": 0.6303795046466142,
    "recall": 0.5951219512195122,
    "f1": 0.5762862008889762,
    "class_loss": {
        "Down": 1.5241357651021745,
        "Up": 3.1678132474422456,
        "Right": 2.226228346427282,
        "Left": 4.464768797159195,
        "Forward": 0.4574145415554876,
        "Backward": 0.0
    },
    "low_confidence": 0.77783203125
}