{
    "loss": 1.014258705245124,
    "accuracy": 57.01846046673633,
    "precision": 0.5933466556878647,
    "recall": 0.5701846046673633,
    "f1": 0.5779689275357534,
    "class_loss": {
        "Down": 0.7937110967106289,
        "Up": 1.0405903240044911,
        "Right": 1.609875249862671,
        "Left": 0.9720738778511683,
        "Forward": 0.8454793704880609,
        "Backward": 3.6669032588582593
    },
    "low_confidence": 0.7373046875
}