{
    "loss": 2.4145851810773213,
    "accuracy": 33.47265761058865,
    "precision": 0.47942238106907764,
    "recall": 0.33472657610588646,
    "f1": 0.34029960892877176,
    "class_loss": {
        "Down": 3.64322745172601,
        "Up": 3.7093166424892843,
        "Right": 2.881259720091923,
        "Left": 3.8909865245223045,
        "Forward": 1.4261364842040671,
        "Backward": 0.0
    },
    "low_confidence": 0.8125
}