{
    "loss": 0.5817488524648878,
    "accuracy": 77.22048066875654,
    "precision": 0.7679520476254911,
    "recall": 0.7722048066875653,
    "f1": 0.7671382586013292,
    "class_loss": {
        "Down": 0.3760098046726651,
        "Up": 0.6315077662467956,
        "Right": 1.0399451778994666,
        "Left": 0.9073494202560849,
        "Forward": 0.4233150780200958,
        "Backward": 1.083440178129822
    },
    "low_confidence": 0.7509765625
}