{
    "loss": 1.038254483209716,
    "accuracy": 60.95437129919888,
    "precision": 0.6000652858192413,
    "recall": 0.6095437129919888,
    "f1": 0.5880212564029381,
    "class_loss": {
        "Down": 1.2919889108130806,
        "Up": 1.416969293107589,
        "Right": 2.2481796512236962,
        "Left": 3.115229085087776,
        "Forward": 0.6392096379487258,
        "Backward": 0.0
    },
    "low_confidence": 0.697265625
}