{
    "loss": 0.4266787521817066,
    "accuracy": 84.57280778164925,
    "precision": 0.8457567318662663,
    "recall": 0.8457280778164924,
    "f1": 0.842511966374329,
    "class_loss": {
        "Down": 0.29437406961288715,
        "Up": 0.39854877655980764,
        "Right": 0.3526371518770854,
        "Left": 0.28754088896568175,
        "Forward": 0.8712112416547758,
        "Backward": 0.19564485466280193
    },
    "low_confidence": 0.7998046875
}