{
    "loss": 1.6305534247205489,
    "accuracy": 50.457317073170735,
    "precision": 0.5717678826879028,
    "recall": 0.5045731707317073,
    "f1": 0.5228512058562729,
    "class_loss": {
        "Down": 2.1139079723237217,
        "Up": 1.226048162812928,
        "Right": 1.4353590251670942,
        "Left": 2.5166908254032023,
        "Forward": 1.498596971554141,
        "Backward": 0.0
    },
    "low_confidence": 0.7470703125
}