{
    "loss": 0.054747971335288,
    "accuracy": 98.44294425087108,
    "precision": 0.9844623241861424,
    "recall": 0.9844294425087108,
    "f1": 0.9843383918368444,
    "class_loss": {
        "Down": 0.01978313465628566,
        "Up": 0.06195836689288693,
        "Right": 0.04162967046809003,
        "Left": 0.02228950712553881,
        "Forward": 0.1428690829521252,
        "Backward": 0.0014397773787314455
    },
    "low_confidence": 0.96630859375
}