{
    "loss": 4.168307324769894,
    "accuracy": 44.662819396051106,
    "precision": 0.5759727549253808,
    "recall": 0.446628193960511,
    "f1": 0.43950221337427087,
    "class_loss": {
        "Down": 2.9445307605954345,
        "Up": 4.324648712864145,
        "Right": 5.858828405762644,
        "Left": 7.645176979955411,
        "Forward": 1.1407311219760408,
        "Backward": 0.0
    },
    "low_confidence": 0.9013671875
}