{
    "loss": 0.5206584390942697,
    "accuracy": 79.20296167247386,
    "precision": 0.7928594491269885,
    "recall": 0.7920296167247387,
    "f1": 0.7899589397831988,
    "class_loss": {
        "Down": 0.3163731283059827,
        "Up": 0.41566559975897827,
        "Right": 0.7189993797628967,
        "Left": 0.2868322937369899,
        "Forward": 0.925976866097362,
        "Backward": 0.19907101125378782
    },
    "low_confidence": 0.79931640625
}