{
    "loss": 2.5033012151856116,
    "accuracy": 35.44207317073171,
    "precision": 0.46978466322404705,
    "recall": 0.3544207317073171,
    "f1": 0.36121909221900883,
    "class_loss": {
        "Down": 2.877918154865071,
        "Up": 2.840414721103587,
        "Right": 2.1097937149671555,
        "Left": 2.875497727363836,
        "Forward": 1.749413968672255,
        "Backward": 0.0
    },
    "low_confidence": 0.78955078125
}