{
    "loss": 1.0128509958585104,
    "accuracy": 60.675722744688265,
    "precision": 0.5849200102379308,
    "recall": 0.6067572274468827,
    "f1": 0.5710318749276821,
    "class_loss": {
        "Down": 0.9065964804755317,
        "Up": 1.0730794880125258,
        "Right": 1.9578479554918078,
        "Left": 1.6035834974712795,
        "Forward": 0.5831880867481232,
        "Backward": 3.4591792614563652
    },
    "low_confidence": 0.6044921875
}