{
    "loss": 1.1310216426849364,
    "accuracy": 51.96795541623128,
    "precision": 0.5257390527110246,
    "recall": 0.5196795541623128,
    "f1": 0.4904510942353925,
    "class_loss": {
        "Down": 1.1015799696508206,
        "Up": 1.4664766763647397,
        "Right": 2.736583562997671,
        "Left": 1.9443879838173206,
        "Forward": 0.8618088288439645,
        "Backward": 0.0
    },
    "low_confidence": 0.5361328125
}