{
    "loss": 0.5544728636741638,
    "accuracy": 76.33832976445396,
    "precision": 0.7844468439513878,
    "recall": 0.7633832976445396,
    "f1": 0.7677560104018696,
    "class_loss": {
        "Down": 0.48488909751176834,
        "Up": 0.622062437236309,
        "Right": 0.7436741441488266,
        "Left": 0.3535432741045952,
        "Forward": 0.4873087704181671,
        "Backward": 1.0510554313659668
    },
    "low_confidence": 0.72998046875
}