{
    "loss": 2.492907091975212,
    "accuracy": 55.353319057815845,
    "precision": 0.3811432918092915,
    "recall": 0.5535331905781584,
    "f1": 0.45144061364155286,
    "class_loss": {
        "Down": 0.0,
        "Up": 0.0,
        "Right": 0.434744730591774,
        "Left": 6.5275702476501465,
        "Forward": 4.0562968254089355,
        "Backward": 0.0
    },
    "low_confidence": 0.6689453125
}