{
    "loss": 0.6781600614388784,
    "accuracy": 73.21490769766632,
    "precision": 0.7265282469238672,
    "recall": 0.7321490769766632,
    "f1": 0.7235979424498817,
    "class_loss": {
        "Down": 0.4124536116917928,
        "Up": 0.8128078108032545,
        "Right": 1.1570697327454884,
        "Left": 1.2310088177522023,
        "Forward": 0.4831710581978162,
        "Backward": 0.6959370166063309
    },
    "low_confidence": 0.69677734375
}