{
    "loss": 1.1027156015237172,
    "accuracy": 62.765586903517935,
    "precision": 0.6157766659911322,
    "recall": 0.6276558690351793,
    "f1": 0.6110941138937867,
    "class_loss": {
        "Down": 0.6045933818178517,
        "Up": 1.3260701224207878,
        "Right": 1.8284705231587093,
        "Left": 2.2183807343244553,
        "Forward": 0.6640317390362421,
        "Backward": 6.674989223480225
    },
    "low_confidence": 0.68701171875
}