{
    "loss": 0.5655786395072937,
    "accuracy": 79.3103448275862,
    "precision": 0.8013257026948711,
    "recall": 0.7931034482758621,
    "f1": 0.7871060089479666,
    "class_loss": {
        "Down": 0.27469542622566223,
        "Up": 2.3133163452148438,
        "Right": 0.5591234564781189,
        "Left": 0.3420105576515198,
        "Forward": 0.7234230041503906,
        "Backward": 0.0
    },
    "low_confidence": 0.697265625
}