{
    "loss": 2.0314137935638428,
    "accuracy": 60.3448275862069,
    "precision": 0.36414982164090365,
    "recall": 0.603448275862069,
    "f1": 0.45420837968112715,
    "class_loss": {
        "Down": 0.0,
        "Up": 0.0,
        "Right": 0.13934539258480072,
        "Left": 4.87619161605835,
        "Forward": 4.975255966186523,
        "Backward": 0.0
    },
    "low_confidence": 0.859375
}