{
    "loss": 0.5521783567965031,
    "accuracy": 78.99970963995354,
    "precision": 0.785474067156472,
    "recall": 0.7899970963995354,
    "f1": 0.7854922647827055,
    "class_loss": {
        "Down": 0.3332671107103427,
        "Up": 0.5008436655280767,
        "Right": 0.5170285065692884,
        "Left": 0.38355899691857676,
        "Forward": 1.1053232622367364,
        "Backward": 0.21691310736652533
    },
    "low_confidence": 0.771484375
}