{
    "loss": 2.1676621477042013,
    "accuracy": 36.472851335656216,
    "precision": 0.4767758686703707,
    "recall": 0.36472851335656215,
    "f1": 0.3711729724208405,
    "class_loss": {
        "Down": 2.312880008980848,
        "Up": 2.513943239081516,
        "Right": 1.6978834434089043,
        "Left": 2.612508090387564,
        "Forward": 1.6724171784946755,
        "Backward": 0.0
    },
    "low_confidence": 0.75439453125
}