Epoch,Training Loss,Training Accuracy,Training Precision,Training Recall,Training F1,Random Val Loss,Random Val Accuracy,Random Val Precision,Random Val Recall,Random Val F1,Sequence Val Loss,Sequence Val Accuracy,Sequence Val Precision,Sequence Val Recall,Sequence Val F1
1,1.7721587022145588,27.36757624398074,0.49697951193388307,0.2736757624398074,0.24327685400341473,1.3742374777793884,0.49464668094218417,0.49458639482171896,0.49464668094218417,0.46275670317045564,1.5789706110954285,0.6059957173447538,0.3672308094401827,0.6059957173447538,0.4573247680228409
2,1.2844459533691406,53.18352059925093,0.4838062185546787,0.5318352059925093,0.49235926515364337,1.124317228794098,0.5920770877944326,0.5570173980298161,0.5920770877944326,0.5529488819724964,1.7839857041835785,0.6059957173447538,0.3672308094401827,0.6059957173447538,0.4573247680228409
3,1.1065544446309408,58.6677367576244,0.5516442208575941,0.586677367576244,0.5562422917643005,1.009408712387085,0.6306209850107066,0.5771123574717696,0.6306209850107066,0.5967962304181834,1.9897317737340927,0.6059957173447538,0.3672308094401827,0.6059957173447538,0.4573247680228409
