{
    "loss": 0.6415732502937317,
    "accuracy": 79.3103448275862,
    "precision": 0.8186902347145755,
    "recall": 0.7931034482758621,
    "f1": 0.7887993503248376,
    "class_loss": {
        "Down": 0.24531765282154083,
        "Up": 2.320185899734497,
        "Right": 0.4887791872024536,
        "Left": 0.44508230686187744,
        "Forward": 0.8960453271865845,
        "Backward": 0.0
    },
    "low_confidence": 0.69189453125
}