{
    "loss": 2.1279640197753906,
    "accuracy": 60.3448275862069,
    "precision": 0.36414982164090365,
    "recall": 0.603448275862069,
    "f1": 0.45420837968112715,
    "class_loss": {
        "Down": 0.0,
        "Up": 0.0,
        "Right": 0.10852764546871185,
        "Left": 5.116878032684326,
        "Forward": 5.358785629272461,
        "Backward": 0.0
    },
    "low_confidence": 0.8876953125
}