{
    "loss": 0.43466612903608215,
    "accuracy": 83.56380662020906,
    "precision": 0.8320086092594562,
    "recall": 0.8356380662020906,
    "f1": 0.8317032328718059,
    "class_loss": {
        "Down": 0.2234395929025831,
        "Up": 0.3755694222119119,
        "Right": 0.5393436104059219,
        "Left": 0.2362432755805828,
        "Forward": 0.8641645759344101,
        "Backward": 0.11767683738273466
    },
    "low_confidence": 0.8125
}