{
    "loss": 2.289101347462781,
    "accuracy": 42.9369918699187,
    "precision": 0.5108416692350072,
    "recall": 0.429369918699187,
    "f1": 0.4489003575929706,
    "class_loss": {
        "Down": 2.436804274448018,
        "Up": 2.1373504676332935,
        "Right": 2.4500864832144646,
        "Left": 3.0870021166920196,
        "Forward": 1.9463620774275172,
        "Backward": 0.0
    },
    "low_confidence": 0.81201171875
}