{
    "loss": 6.332275946935018,
    "accuracy": 37.37841173054588,
    "precision": 0.4384118664850918,
    "recall": 0.3737841173054588,
    "f1": 0.3396253670539532,
    "class_loss": {
        "Down": 15.352839399267125,
        "Up": 2.856672247250875,
        "Right": 3.5271258298997528,
        "Left": 3.648566528050988,
        "Forward": 4.822534097565545,
        "Backward": 12.94550793700748
    },
    "low_confidence": 0.8701171875
}