{
    "loss": 7.280982103002047,
    "accuracy": 35.29689314750291,
    "precision": 0.4638279531003988,
    "recall": 0.35296893147502906,
    "f1": 0.3278090879991243,
    "class_loss": {
        "Down": 17.21818300433781,
        "Up": 3.5596975344690374,
        "Right": 3.978072752196264,
        "Left": 5.623574323952198,
        "Forward": 5.434854953144226,
        "Backward": 0.0
    },
    "low_confidence": 0.8828125
}