{
    "loss": 0.8348034176009672,
    "accuracy": 67.88073461091754,
    "precision": 0.6740488755011985,
    "recall": 0.6788073461091754,
    "f1": 0.6747188731502024,
    "class_loss": {
        "Down": 0.5158322997115277,
        "Up": 0.6932902210564525,
        "Right": 0.9503826992931189,
        "Left": 0.7174635121115932,
        "Forward": 1.3537185225221846,
        "Backward": 0.5325637558578618
    },
    "low_confidence": 0.65673828125
}