{
    "loss": 1.3169024280720838,
    "accuracy": 47.57549361207898,
    "precision": 0.5270515494300472,
    "recall": 0.4757549361207898,
    "f1": 0.49266602805222226,
    "class_loss": {
        "Down": 1.1179879172772602,
        "Up": 1.0857236680002458,
        "Right": 1.4582072935170598,
        "Left": 1.771455216978211,
        "Forward": 1.6351483410164234,
        "Backward": 0.0
    },
    "low_confidence": 0.6220703125
}