{
    "loss": 0.47867059942196916,
    "accuracy": 81.41514227642277,
    "precision": 0.8112286954655286,
    "recall": 0.8141514227642277,
    "f1": 0.8114602879908653,
    "class_loss": {
        "Down": 0.3393603550201213,
        "Up": 0.36307493700749344,
        "Right": 0.44788786996569896,
        "Left": 0.3563246071614601,
        "Forward": 0.9564420031728568,
        "Backward": 0.1692804573944563
    },
    "low_confidence": 0.80615234375
}