{
    "loss": 2.5578463331114984,
    "accuracy": 36.43292682926829,
    "precision": 0.4768196399337904,
    "recall": 0.3643292682926829,
    "f1": 0.3739206019721075,
    "class_loss": {
        "Down": 2.933039092715236,
        "Up": 2.766522809885532,
        "Right": 2.10459372584915,
        "Left": 3.2267268297146074,
        "Forward": 1.8566651751677836,
        "Backward": 0.0
    },
    "low_confidence": 0.7900390625
}