{
    "loss": 2.0104804039001465,
    "accuracy": 24.137931034482758,
    "precision": 0.11227422003284074,
    "recall": 0.2413793103448276,
    "f1": 0.14442190669371197,
    "class_loss": {
        "Down": 1.81376314163208,
        "Up": 1.0325725078582764,
        "Right": 1.189344882965088,
        "Left": 1.8335248231887817,
        "Forward": 2.6418228149414062,
        "Backward": 6.55780553817749
    },
    "low_confidence": 0.376708984375
}