{
    "loss": 2.151994466781616,
    "accuracy": 53.44827586206897,
    "precision": 0.3668018931710615,
    "recall": 0.5344827586206896,
    "f1": 0.4350441058540497,
    "class_loss": {
        "Down": 0.0,
        "Up": 0.0,
        "Right": 0.7979800701141357,
        "Left": 5.4592671394348145,
        "Forward": 1.8746728897094727,
        "Backward": 0.0
    },
    "low_confidence": 0.453369140625
}