{
    "loss": 0.45552762824556103,
    "accuracy": 82.92682926829268,
    "precision": 0.8287693638709994,
    "recall": 0.8292682926829268,
    "f1": 0.8283884375394931,
    "class_loss": {
        "Down": 0.30459978334281756,
        "Up": 0.5754256222559058,
        "Right": 0.910869432532269,
        "Left": 0.5221107100015101,
        "Forward": 0.34119832256565924,
        "Backward": 0.10573823225568049
    },
    "low_confidence": 0.80078125
}