{
    "loss": 1.3168905830901603,
    "accuracy": 61.32404181184669,
    "precision": 0.625380338130097,
    "recall": 0.6132404181184669,
    "f1": 0.6039967279648802,
    "class_loss": {
        "Down": 1.5029243495729234,
        "Up": 2.423023034135501,
        "Right": 2.0032442013422647,
        "Left": 4.293197626868884,
        "Forward": 0.6064654553066129,
        "Backward": 0.0
    },
    "low_confidence": 0.7587890625
}