{
    "loss": 0.4972819295194414,
    "accuracy": 80.21595262974573,
    "precision": 0.8014662924827339,
    "recall": 0.8021595262974573,
    "f1": 0.8008346002269177,
    "class_loss": {
        "Down": 0.2913897329734431,
        "Up": 0.5335029813978407,
        "Right": 0.6378978358374702,
        "Left": 0.8661632544464535,
        "Forward": 0.41913497845331826,
        "Backward": 0.6405225477227942
    },
    "low_confidence": 0.77734375
}