{
    "loss": 1.1118494083484014,
    "accuracy": 60.431905259491465,
    "precision": 0.6018937202858807,
    "recall": 0.6043190525949147,
    "f1": 0.5940523684275518,
    "class_loss": {
        "Down": 1.192222778734408,
        "Up": 1.801381944057842,
        "Right": 2.138079189337217,
        "Left": 3.746163779726395,
        "Forward": 0.6495209460094985,
        "Backward": 0.0
    },
    "low_confidence": 0.7236328125
}