{
    "loss": 0.4108329713344574,
    "accuracy": 84.48275862068965,
    "precision": 0.8625043538836642,
    "recall": 0.8448275862068966,
    "f1": 0.8455255294553863,
    "class_loss": {
        "Down": 0.2026991993188858,
        "Up": 2.5360846519470215,
        "Right": 0.6308082938194275,
        "Left": 0.2455054372549057,
        "Forward": 0.4142428934574127,
        "Backward": 0.0
    },
    "low_confidence": 0.76806640625
}