{
    "loss": 2.253958225250244,
    "accuracy": 60.3448275862069,
    "precision": 0.36414982164090365,
    "recall": 0.603448275862069,
    "f1": 0.45420837968112715,
    "class_loss": {
        "Down": 0.0,
        "Up": 0.0,
        "Right": 0.12256278842687607,
        "Left": 5.55320930480957,
        "Forward": 5.392719268798828,
        "Backward": 0.0
    },
    "low_confidence": 0.8720703125
}