{
    "loss": 0.5739762783050537,
    "accuracy": 81.03448275862068,
    "precision": 0.8142446633825944,
    "recall": 0.8103448275862069,
    "f1": 0.8101477832512316,
    "class_loss": {
        "Down": 0.35198667645454407,
        "Up": 1.2305630445480347,
        "Right": 0.7635914087295532,
        "Left": 0.09381280094385147,
        "Forward": 0.5515860319137573,
        "Backward": 0.7291643023490906
    },
    "low_confidence": 0.70751953125
}