{
    "loss": 1.9290035963058472,
    "accuracy": 60.3448275862069,
    "precision": 0.36414982164090365,
    "recall": 0.603448275862069,
    "f1": 0.45420837968112715,
    "class_loss": {
        "Down": 0.0,
        "Up": 0.0,
        "Right": 0.162416473031044,
        "Left": 4.833550453186035,
        "Forward": 4.211798191070557,
        "Backward": 0.0
    },
    "low_confidence": 0.8251953125
}