{
    "loss": 0.5255159398783809,
    "accuracy": 78.53658536585365,
    "precision": 0.7875360810189167,
    "recall": 0.7853658536585366,
    "f1": 0.7780412587374582,
    "class_loss": {
        "Down": 0.26048181044018787,
        "Up": 0.7370449233314266,
        "Right": 0.9868913487247799,
        "Left": 1.0325621301713197,
        "Forward": 0.32583157070305035,
        "Backward": 0.12170011104317383
    },
    "low_confidence": 0.7841796875
}