{
    "loss": 1.3337456739467124,
    "accuracy": 61.32404181184669,
    "precision": 0.6328741599717407,
    "recall": 0.6132404181184669,
    "f1": 0.6002165007148781,
    "class_loss": {
        "Down": 0.9167597906457053,
        "Up": 2.588609616955121,
        "Right": 1.3468042115370433,
        "Left": 4.503216929733753,
        "Forward": 0.6250766271158404,
        "Backward": 0.0
    },
    "low_confidence": 0.72900390625
}