{
    "loss": 0.5145255936516656,
    "accuracy": 79.86764193660746,
    "precision": 0.8028735321373549,
    "recall": 0.7986764193660746,
    "f1": 0.7998861209196447,
    "class_loss": {
        "Down": 0.43480688913000953,
        "Up": 0.5749789731370079,
        "Right": 0.5938126232888964,
        "Left": 0.7356611109442182,
        "Forward": 0.4332168933418062,
        "Backward": 0.8706433029053733
    },
    "low_confidence": 0.76513671875
}