{
    "loss": 1.169186406665378,
    "accuracy": 58.760013932427725,
    "precision": 0.5985351234726114,
    "recall": 0.5876001393242772,
    "f1": 0.5663078758707631,
    "class_loss": {
        "Down": 1.7280606062788713,
        "Up": 1.7007341058924794,
        "Right": 2.0401567220687866,
        "Left": 3.7029043309963665,
        "Forward": 0.5809464689137207,
        "Backward": 0.0
    },
    "low_confidence": 0.7412109375
}