{
    "loss": 0.48119047780831653,
    "accuracy": 81.59843205574913,
    "precision": 0.8126322141899647,
    "recall": 0.8159843205574913,
    "f1": 0.8087735207978484,
    "class_loss": {
        "Down": 0.22883876226842403,
        "Up": 0.2927886680182483,
        "Right": 0.6034178292309796,
        "Left": 0.253110073575819,
        "Forward": 1.0773882065658216,
        "Backward": 0.19671755816132105
    },
    "low_confidence": 0.80517578125
}