{
    "loss": 2.0491431866464187,
    "accuracy": 44.786222415795585,
    "precision": 0.5118163879896076,
    "recall": 0.44786222415795585,
    "f1": 0.46789369982030593,
    "class_loss": {
        "Down": 1.909457187978146,
        "Up": 1.8482617271688195,
        "Right": 2.343376871664077,
        "Left": 2.9241154743358493,
        "Forward": 1.9260810692043555,
        "Backward": 0.0
    },
    "low_confidence": 0.78759765625
}