{
    "loss": 0.5230314455650471,
    "accuracy": 80.12666957026713,
    "precision": 0.7973378226614926,
    "recall": 0.8012666957026713,
    "f1": 0.7965517862473462,
    "class_loss": {
        "Down": 0.24742894119548578,
        "Up": 0.4799274875334016,
        "Right": 0.5839053050235465,
        "Left": 0.33878078235796205,
        "Forward": 1.0194928822694,
        "Backward": 0.2660217282569243
    },
    "low_confidence": 0.77587890625
}