{
    "loss": 1.7181812304210056,
    "accuracy": 44.54667537746806,
    "precision": 0.5208450575698481,
    "recall": 0.4454667537746806,
    "f1": 0.46438302977332124,
    "class_loss": {
        "Down": 1.9671747917579352,
        "Up": 1.3857428760727846,
        "Right": 1.927449791588717,
        "Left": 2.328728318098001,
        "Forward": 1.6889256976935412,
        "Backward": 0.0
    },
    "low_confidence": 0.7646484375
}