{
    "loss": 0.7633296251296997,
    "accuracy": 75.86206896551724,
    "precision": 0.7666204776399679,
    "recall": 0.7586206896551724,
    "f1": 0.7500908038410025,
    "class_loss": {
        "Down": 0.40057748556137085,
        "Up": 2.523980140686035,
        "Right": 0.7718068361282349,
        "Left": 0.7641022801399231,
        "Forward": 0.8737865090370178,
        "Backward": 0.0
    },
    "low_confidence": 0.6142578125
}