{
    "loss": 0.5408922955393791,
    "accuracy": 79.76553426248549,
    "precision": 0.7972228745887333,
    "recall": 0.7976553426248548,
    "f1": 0.791572181511724,
    "class_loss": {
        "Down": 0.3436878978240269,
        "Up": 0.3648855621340098,
        "Right": 0.630043704200674,
        "Left": 0.34618406660026974,
        "Forward": 1.1218997091054916,
        "Backward": 0.21814078029624565
    },
    "low_confidence": 0.78125
}