{
    "loss": 2.1821136161500667,
    "accuracy": 55.55313588850174,
    "precision": 0.5188805826867691,
    "recall": 0.5555313588850174,
    "f1": 0.5346489942070346,
    "class_loss": {
        "Down": 1.2654255317151546,
        "Up": 1.1620087616665418,
        "Right": 1.2927982294704856,
        "Left": 1.0965922699693624,
        "Forward": 1.5392797644430352,
        "Backward": 15.369457032945421
    },
    "low_confidence": 0.720703125
}