{
    "loss": 0.7082279721895853,
    "accuracy": 71.40369209334726,
    "precision": 0.7119359553125221,
    "recall": 0.7140369209334727,
    "f1": 0.7040354814076013,
    "class_loss": {
        "Down": 0.4090423832337062,
        "Up": 0.567683182656765,
        "Right": 1.3723766803741455,
        "Left": 1.1288993060588837,
        "Forward": 0.5904717644055685,
        "Backward": 0.639707350730896
    },
    "low_confidence": 0.6787109375
}