{
    "loss": 1.083533967534701,
    "accuracy": 60.431905259491465,
    "precision": 0.5831800289985649,
    "recall": 0.6043190525949147,
    "f1": 0.5851572971693488,
    "class_loss": {
        "Down": 0.5541916276727404,
        "Up": 1.0313587039709091,
        "Right": 1.9776205569505692,
        "Left": 1.9745807697375615,
        "Forward": 0.7704545507828394,
        "Backward": 6.305907443165779
    },
    "low_confidence": 0.67333984375
}