{
    "loss": 0.5392684426020693,
    "accuracy": 80.03593205574913,
    "precision": 0.7981146659581879,
    "recall": 0.8003593205574913,
    "f1": 0.7979739568911566,
    "class_loss": {
        "Down": 0.2601046428360321,
        "Up": 0.5170399539724544,
        "Right": 0.6068425977395641,
        "Left": 0.49336671649857805,
        "Forward": 0.8879505830506483,
        "Backward": 0.2642642830291556
    },
    "low_confidence": 0.7509765625
}