{
    "loss": 1.249149478678764,
    "accuracy": 56.502250290360045,
    "precision": 0.6003130449053624,
    "recall": 0.5650225029036005,
    "f1": 0.5784001513179909,
    "class_loss": {
        "Down": 1.116797576084787,
        "Up": 1.0006176716681705,
        "Right": 1.5247822288009856,
        "Left": 2.198894872388337,
        "Forward": 1.2954566061737076,
        "Backward": 0.0
    },
    "low_confidence": 0.68798828125
}