{
    "loss": 0.6829168647527695,
    "accuracy": 72.90142807384187,
    "precision": 0.7246785532944271,
    "recall": 0.7290142807384187,
    "f1": 0.7182955297219117,
    "class_loss": {
        "Down": 0.44717421879371005,
        "Up": 0.686625803510348,
        "Right": 1.3468812207380931,
        "Left": 1.1731958538293839,
        "Forward": 0.48569760968287784,
        "Backward": 0.6937684118747711
    },
    "low_confidence": 0.693359375
}