{
    "loss": 1.088351309299469,
    "accuracy": 60.327412051549985,
    "precision": 0.5784646654995498,
    "recall": 0.6032741205154998,
    "f1": 0.5799551912916979,
    "class_loss": {
        "Down": 0.6034408637455532,
        "Up": 1.1949903182685375,
        "Right": 1.9362954298655193,
        "Left": 2.0599958151578903,
        "Forward": 0.6692063969870409,
        "Backward": 6.504516169428825
    },
    "low_confidence": 0.68505859375
}