{
    "loss": 0.523790876502576,
    "accuracy": 78.18815331010452,
    "precision": 0.7798932251950644,
    "recall": 0.7818815331010452,
    "f1": 0.7763670693182978,
    "class_loss": {
        "Down": 0.3351265664981759,
        "Up": 0.4839523318021194,
        "Right": 1.2110230663548345,
        "Left": 0.638354568377785,
        "Forward": 0.389886908557104,
        "Backward": 0.26843935219949344
    },
    "low_confidence": 0.77490234375
}