{
    "loss": 1.1053916086321292,
    "accuracy": 65.01742160278745,
    "precision": 0.6562426546907413,
    "recall": 0.6501742160278746,
    "f1": 0.6480709894358461,
    "class_loss": {
        "Down": 1.1410541832447052,
        "Up": 1.7082820579409599,
        "Right": 2.3468924462795258,
        "Left": 3.6741182195643582,
        "Forward": 0.6814148847175681,
        "Backward": 0.0
    },
    "low_confidence": 0.736328125
}