{
    "loss": 0.6065177321434021,
    "accuracy": 77.58620689655173,
    "precision": 0.7989532019704434,
    "recall": 0.7758620689655172,
    "f1": 0.768735883836954,
    "class_loss": {
        "Down": 0.32971253991127014,
        "Up": 1.4424101114273071,
        "Right": 0.6783502697944641,
        "Left": 0.07725550979375839,
        "Forward": 0.5540148019790649,
        "Backward": 1.3477531671524048
    },
    "low_confidence": 0.69677734375
}