{
    "loss": 1.9411566257476807,
    "accuracy": 60.3448275862069,
    "precision": 0.3771551724137931,
    "recall": 0.603448275862069,
    "f1": 0.46419098143236076,
    "class_loss": {
        "Down": 0.0,
        "Up": 0.0,
        "Right": 0.1844126433134079,
        "Left": 4.635380268096924,
        "Forward": 4.575242042541504,
        "Backward": 0.0
    },
    "low_confidence": 0.8076171875
}