{
    "loss": 0.41875539136969525,
    "accuracy": 84.3205574912892,
    "precision": 0.8427588900780105,
    "recall": 0.8432055749128919,
    "f1": 0.8420760467761703,
    "class_loss": {
        "Down": 0.3676760510905929,
        "Up": 0.40817159203731496,
        "Right": 0.8512532814689304,
        "Left": 0.455946560787118,
        "Forward": 0.3234689786382344,
        "Backward": 0.11235463037955924
    },
    "low_confidence": 0.81982421875
}