{
    "loss": 1.4835498618042988,
    "accuracy": 62.1602787456446,
    "precision": 0.6250421912784162,
    "recall": 0.621602787456446,
    "f1": 0.6186499075794539,
    "class_loss": {
        "Down": 1.350651344491376,
        "Up": 2.376042147477468,
        "Right": 2.521833131710688,
        "Left": 5.665185935795307,
        "Forward": 0.765635906678179,
        "Backward": 0.0
    },
    "low_confidence": 0.7880859375
}