{
    "loss": 0.49689024032616036,
    "accuracy": 80.52228513356562,
    "precision": 0.8008549464042176,
    "recall": 0.8052228513356562,
    "f1": 0.7999886584007049,
    "class_loss": {
        "Down": 0.32487451334015555,
        "Up": 0.3443667029444903,
        "Right": 0.4697654354715943,
        "Left": 0.3595440369770017,
        "Forward": 1.052090378519273,
        "Backward": 0.20433869333641697
    },
    "low_confidence": 0.806640625
}