{
    "loss": 3.9529260612616444,
    "accuracy": 29.27918118466899,
    "precision": 0.45113934121625354,
    "recall": 0.2927918118466899,
    "f1": 0.2792297185991777,
    "class_loss": {
        "Down": 5.325480322790357,
        "Up": 4.21804431868178,
        "Right": 3.0752113734561135,
        "Left": 4.383288189860308,
        "Forward": 2.145873620961213,
        "Backward": 0.0
    },
    "low_confidence": 0.873046875
}