{
    "loss": 0.697333499789238,
    "accuracy": 73.23340471092077,
    "precision": 0.7543497402266465,
    "recall": 0.7323340471092077,
    "f1": 0.7366739518786355,
    "class_loss": {
        "Down": 0.5391912683844566,
        "Up": 0.867483913898468,
        "Right": 0.8959628790616989,
        "Left": 0.4455537796020508,
        "Forward": 0.6821103245019913,
        "Backward": 1.176038846373558
    },
    "low_confidence": 0.65380859375
}