{
    "loss": 2.0649456083774567,
    "accuracy": 58.2441113490364,
    "precision": 0.37376606602669615,
    "recall": 0.582441113490364,
    "f1": 0.45533379866788126,
    "class_loss": {
        "Down": 0.0,
        "Up": 0.0,
        "Right": 0.4394022077322006,
        "Left": 4.864905834197998,
        "Forward": 4.142085552215576,
        "Backward": 0.0
    },
    "low_confidence": 0.6552734375
}