{
    "loss": 0.9750372370084127,
    "accuracy": 61.82514803204458,
    "precision": 0.6046080745302,
    "recall": 0.6182514803204459,
    "f1": 0.5636408682176806,
    "class_loss": {
        "Down": 0.8522553990284601,
        "Up": 1.1658230523268382,
        "Right": 1.7948570946852367,
        "Left": 1.9860512514909108,
        "Forward": 0.5181958178679148,
        "Backward": 3.3401466608047485
    },
    "low_confidence": 0.599609375
}