{
    "loss": 1.3485980878273647,
    "accuracy": 51.09717868338558,
    "precision": 0.5412781733653264,
    "recall": 0.5109717868338558,
    "f1": 0.46472945341065014,
    "class_loss": {
        "Down": 1.5112419724464417,
        "Up": 1.1735093214295127,
        "Right": 2.1156019893559543,
        "Left": 2.060281236966451,
        "Forward": 0.6732595389087995,
        "Backward": 6.70856237411499
    },
    "low_confidence": 0.55712890625
}