{
    "loss": 0.057166931892020836,
    "accuracy": 98.50283101045297,
    "precision": 0.9851925249511393,
    "recall": 0.9850283101045296,
    "f1": 0.9849871226638356,
    "class_loss": {
        "Down": 0.0068044300650298185,
        "Up": 0.04265345884831967,
        "Right": 0.13582079303968284,
        "Left": 0.013099222399803155,
        "Forward": 0.10639267854599489,
        "Backward": 0.0015218611471718086
    },
    "low_confidence": 0.9638671875
}