{
    "loss": 4.658426573085982,
    "accuracy": 44.163763066202094,
    "precision": 0.5823777968851079,
    "recall": 0.4416376306620209,
    "f1": 0.4228227436986258,
    "class_loss": {
        "Down": 2.8320820931174384,
        "Up": 4.662142403498292,
        "Right": 7.694528813934425,
        "Left": 7.574044009964849,
        "Forward": 1.1657120889852364,
        "Backward": 0.0
    },
    "low_confidence": 0.90966796875
}