{
    "loss": 0.36401033201427374,
    "accuracy": 86.60351335656213,
    "precision": 0.8670720735310247,
    "recall": 0.8660351335656213,
    "f1": 0.8607141801344724,
    "class_loss": {
        "Down": 0.16397073161270884,
        "Up": 0.24746066690595062,
        "Right": 0.3243366901383356,
        "Left": 0.24660370726552275,
        "Forward": 0.8981441787823483,
        "Backward": 0.16012323077302426
    },
    "low_confidence": 0.83837890625
}