{
    "loss": 1.8377717666767746,
    "accuracy": 50.81845238095238,
    "precision": 0.565203386448461,
    "recall": 0.5081845238095238,
    "f1": 0.5271163506830966,
    "class_loss": {
        "Down": 2.180415096517274,
        "Up": 1.2759125239092364,
        "Right": 1.8104441637794177,
        "Left": 3.023447433137335,
        "Forward": 1.7540607921959412,
        "Backward": 0.0
    },
    "low_confidence": 0.78173828125
}