{
    "loss": 0.18967019235370336,
    "accuracy": 92.96784262485482,
    "precision": 0.9325897502721113,
    "recall": 0.9296784262485482,
    "f1": 0.9284801248479595,
    "class_loss": {
        "Down": 0.06488299527619448,
        "Up": 0.10719177238988103,
        "Right": 0.06376255737376157,
        "Left": 0.24624065126947783,
        "Forward": 0.5187758811646037,
        "Backward": 0.00896944643931487
    },
    "low_confidence": 0.91455078125
}