{
    "loss": 2.440307918953261,
    "accuracy": 48.00558943089431,
    "precision": 0.5636618393679698,
    "recall": 0.4800558943089431,
    "f1": 0.4738380014653996,
    "class_loss": {
        "Down": 1.6584601212311292,
        "Up": 2.59725797906518,
        "Right": 2.6182332068942693,
        "Left": 5.09095877056589,
        "Forward": 1.0781297666459566,
        "Backward": 0.0
    },
    "low_confidence": 0.8251953125
}