{
    "loss": 0.719062864780426,
    "accuracy": 71.92615813305468,
    "precision": 0.7120201728851321,
    "recall": 0.7192615813305469,
    "f1": 0.710852203264718,
    "class_loss": {
        "Down": 0.4614238341649373,
        "Up": 0.7792382265130678,
        "Right": 1.2508779416481655,
        "Left": 1.212737465898196,
        "Forward": 0.5441086143255234,
        "Backward": 0.9686177790164947
    },
    "low_confidence": 0.67236328125
}