{
    "loss": 1.090145766735077,
    "accuracy": 62.17345872518286,
    "precision": 0.6111682381218104,
    "recall": 0.6217345872518286,
    "f1": 0.609575189602606,
    "class_loss": {
        "Down": 0.5807672792247364,
        "Up": 1.2109586298465729,
        "Right": 1.8077248632907867,
        "Left": 2.035984327395757,
        "Forward": 0.7286536991596222,
        "Backward": 6.39779457449913
    },
    "low_confidence": 0.6669921875
}