{
    "loss": 0.5263421650063008,
    "accuracy": 78.22118176538908,
    "precision": 0.7816911968569193,
    "recall": 0.7822118176538908,
    "f1": 0.7797992975810071,
    "class_loss": {
        "Down": 0.412480660821295,
        "Up": 0.385581708064305,
        "Right": 0.6458775394279228,
        "Left": 0.307814253515777,
        "Forward": 0.9388197836629466,
        "Backward": 0.22455370543210784
    },
    "low_confidence": 0.80029296875
}