{
    "loss": 3.9200331989490387,
    "accuracy": 29.362659698025553,
    "precision": 0.46991254851539954,
    "recall": 0.2936265969802555,
    "f1": 0.2818289504543418,
    "class_loss": {
        "Down": 5.247141339383459,
        "Up": 4.292524312208355,
        "Right": 3.298636417510958,
        "Left": 4.086691468351149,
        "Forward": 2.130906330587307,
        "Backward": 0.0
    },
    "low_confidence": 0.87451171875
}