{
    "loss": 0.4831930696964264,
    "accuracy": 81.03448275862068,
    "precision": 0.8163669361491502,
    "recall": 0.8103448275862069,
    "f1": 0.8037314063556456,
    "class_loss": {
        "Down": 0.23846539855003357,
        "Up": 2.51655650138855,
        "Right": 0.6713014245033264,
        "Left": 0.29867133498191833,
        "Forward": 0.5261090993881226,
        "Backward": 0.0
    },
    "low_confidence": 0.7373046875
}