{
    "loss": 2.0578463077545166,
    "accuracy": 60.3448275862069,
    "precision": 0.36414982164090365,
    "recall": 0.603448275862069,
    "f1": 0.45420837968112715,
    "class_loss": {
        "Down": 0.0,
        "Up": 0.0,
        "Right": 0.12464962154626846,
        "Left": 5.121929168701172,
        "Forward": 4.770425796508789,
        "Backward": 0.0
    },
    "low_confidence": 0.87158203125
}