{
    "loss": 0.7078018956714206,
    "accuracy": 72.3092998955068,
    "precision": 0.7258576589658863,
    "recall": 0.723092998955068,
    "f1": 0.7236920147290663,
    "class_loss": {
        "Down": 0.6724734203683005,
        "Up": 0.8499173164367676,
        "Right": 0.8690395524104436,
        "Left": 1.0520081003506978,
        "Forward": 0.5261310848924848,
        "Backward": 1.298348138704896
    },
    "low_confidence": 0.68115234375
}