{
    "loss": 1.024654675854577,
    "accuracy": 59.421804249390455,
    "precision": 0.6268196323206715,
    "recall": 0.5942180424939045,
    "f1": 0.5941051620845238,
    "class_loss": {
        "Down": 1.3021411895751953,
        "Up": 1.3307762332260609,
        "Right": 1.4450938930878272,
        "Left": 2.646733961426295,
        "Forward": 0.7571626731711957,
        "Backward": 0.0
    },
    "low_confidence": 0.62890625
}