{
    "loss": 1.3188410586780972,
    "accuracy": 48.136537791710204,
    "precision": 0.524760074530483,
    "recall": 0.48136537791710204,
    "f1": 0.4959350089399927,
    "class_loss": {
        "Down": 1.1879206015004051,
        "Up": 1.3041551947593688,
        "Right": 1.7579925391409132,
        "Left": 1.500614545080397,
        "Forward": 1.1430037352773879,
        "Backward": 3.4219103468243373
    },
    "low_confidence": 0.68359375
}