{
    "loss": 1.8310210711426205,
    "accuracy": 35.07488679902473,
    "precision": 0.4492686175250098,
    "recall": 0.3507488679902473,
    "f1": 0.35979803182437875,
    "class_loss": {
        "Down": 2.469149395039207,
        "Up": 2.0664460114203393,
        "Right": 1.9011874339328363,
        "Left": 3.499566198541568,
        "Forward": 1.494963654047913,
        "Backward": 0.0
    },
    "low_confidence": 0.7333984375
}