{
    "loss": 0.6323504500367023,
    "accuracy": 76.07614692218351,
    "precision": 0.7587448708246062,
    "recall": 0.7607614692218351,
    "f1": 0.7537836224544212,
    "class_loss": {
        "Down": 0.3887058589607477,
        "Up": 0.37086325100864526,
        "Right": 0.9151901376468164,
        "Left": 0.5150397251601573,
        "Forward": 1.0783538870789386,
        "Backward": 0.29813302167760275
    },
    "low_confidence": 0.73974609375
}