{
    "loss": 1.994026099560196,
    "accuracy": 56.22096399535424,
    "precision": 0.5315091995025453,
    "recall": 0.5622096399535423,
    "f1": 0.5390909323501081,
    "class_loss": {
        "Down": 0.9650545145571232,
        "Up": 0.856781568833042,
        "Right": 1.5155204567240506,
        "Left": 1.078962151306095,
        "Forward": 1.322264584427279,
        "Backward": 13.545427216423882
    },
    "low_confidence": 0.69091796875
}