{
    "loss": 0.6367534010306649,
    "accuracy": 73.5191637630662,
    "precision": 0.7298304720428783,
    "recall": 0.735191637630662,
    "f1": 0.7147463360226003,
    "class_loss": {
        "Down": 0.4458338696023692,
        "Up": 0.5238828451737113,
        "Right": 1.722465841666512,
        "Left": 0.9764606499153635,
        "Forward": 0.38383347314337024,
        "Backward": 0.17222342980094255
    },
    "low_confidence": 0.75439453125
}