{
    "loss": 1.0026339473931685,
    "accuracy": 65.22648083623693,
    "precision": 0.6341993241966287,
    "recall": 0.6522648083623693,
    "f1": 0.6402732275073407,
    "class_loss": {
        "Down": 0.9135820964972178,
        "Up": 1.3600027879079184,
        "Right": 2.6921140551567078,
        "Left": 3.1517641271154084,
        "Forward": 0.6979187338248544,
        "Backward": 0.0
    },
    "low_confidence": 0.6923828125
}