{
    "loss": 0.5447212351693047,
    "accuracy": 77.63845350052246,
    "precision": 0.7745235986691863,
    "recall": 0.7763845350052246,
    "f1": 0.7734134367057903,
    "class_loss": {
        "Down": 0.4035480245947838,
        "Up": 0.5533394161197874,
        "Right": 1.058175343937344,
        "Left": 0.5642316047930055,
        "Forward": 0.43733009662893085,
        "Backward": 0.8940020553178012
    },
    "low_confidence": 0.7705078125
}