{
    "loss": 1.0594613982571497,
    "accuracy": 60.15325670498084,
    "precision": 0.6039189850354746,
    "recall": 0.6015325670498084,
    "f1": 0.5894105743758238,
    "class_loss": {
        "Down": 1.3039903891713995,
        "Up": 1.432665128260851,
        "Right": 2.705256462097168,
        "Left": 2.9348259069598637,
        "Forward": 0.675562932776908,
        "Backward": 0.0
    },
    "low_confidence": 0.7431640625
}