{
    "loss": 0.5355670820752918,
    "accuracy": 78.68938734030198,
    "precision": 0.788395928926053,
    "recall": 0.7868938734030198,
    "f1": 0.7826452501288899,
    "class_loss": {
        "Down": 0.37660581228278933,
        "Up": 0.510893480616441,
        "Right": 0.5051972053071071,
        "Left": 0.24205133759142977,
        "Forward": 1.0672168335536631,
        "Backward": 0.42467569244486914
    },
    "low_confidence": 0.7998046875
}