{
    "loss": 3.6671929059009125,
    "accuracy": 29.23744192799071,
    "precision": 0.45317779442546324,
    "recall": 0.2923744192799071,
    "f1": 0.2821958744092991,
    "class_loss": {
        "Down": 4.70417742257674,
        "Up": 4.205134838106513,
        "Right": 2.8022944978826367,
        "Left": 3.926163695308493,
        "Forward": 2.044073885781377,
        "Backward": 0.0
    },
    "low_confidence": 0.85400390625
}