{
    "loss": 0.7476652739224611,
    "accuracy": 72.31598432055749,
    "precision": 0.7256628534192641,
    "recall": 0.7231598432055749,
    "f1": 0.715048978024526,
    "class_loss": {
        "Down": 0.4745712600372456,
        "Up": 0.3981724217947986,
        "Right": 0.7887312703662448,
        "Left": 0.7315476522953422,
        "Forward": 1.406658473942015,
        "Backward": 0.395983123358477
    },
    "low_confidence": 0.70556640625
}