{
    "loss": 1.2562963774479512,
    "accuracy": 54.93249128919861,
    "precision": 0.5770058338972125,
    "recall": 0.549324912891986,
    "f1": 0.5576125081502867,
    "class_loss": {
        "Down": 1.0572418111605921,
        "Up": 0.8147409865969276,
        "Right": 1.2723669177956052,
        "Left": 2.003429498465266,
        "Forward": 1.7982658491499963,
        "Backward": 0.0
    },
    "low_confidence": 0.6572265625
}