{
    "loss": 0.7477786242961884,
    "accuracy": 70.87794432548179,
    "precision": 0.7267495069942507,
    "recall": 0.708779443254818,
    "f1": 0.7115245427230437,
    "class_loss": {
        "Down": 0.632302388548851,
        "Up": 1.178297072649002,
        "Right": 1.046575129032135,
        "Left": 0.5601062700152397,
        "Forward": 0.5743011832237244,
        "Backward": 1.1609410047531128
    },
    "low_confidence": 0.650390625
}