{
    "loss": 1.9025056660175323,
    "accuracy": 60.38543897216274,
    "precision": 0.36711233574913116,
    "recall": 0.6038543897216274,
    "f1": 0.4566220234902353,
    "class_loss": {
        "Down": 0.0,
        "Up": 0.0,
        "Right": 0.3803235813975334,
        "Left": 4.513116836547852,
        "Forward": 3.7800053358078003,
        "Backward": 0.0
    },
    "low_confidence": 0.68701171875
}