{
    "loss": 0.4519383812116252,
    "accuracy": 83.03389953542393,
    "precision": 0.8283639123893896,
    "recall": 0.8303389953542393,
    "f1": 0.8251184839377842,
    "class_loss": {
        "Down": 0.2435083662815116,
        "Up": 0.3332735903699089,
        "Right": 0.3703251404480802,
        "Left": 0.3373323455797853,
        "Forward": 1.0387525690926447,
        "Backward": 0.1774945960863045
    },
    "low_confidence": 0.81982421875
}