{
    "loss": 2.7208226194812193,
    "accuracy": 35.180749128919864,
    "precision": 0.45174929818240733,
    "recall": 0.3518074912891986,
    "f1": 0.3573592212527247,
    "class_loss": {
        "Down": 3.1953562703253566,
        "Up": 3.0994397180087594,
        "Right": 1.8148219399445225,
        "Left": 3.335203538357746,
        "Forward": 1.9402526921044374,
        "Backward": 0.0
    },
    "low_confidence": 0.80078125
}