{
    "loss": 0.6507862900142316,
    "accuracy": 74.80763646922183,
    "precision": 0.7487021737554375,
    "recall": 0.7480763646922184,
    "f1": 0.744580338463479,
    "class_loss": {
        "Down": 0.5831997060665378,
        "Up": 0.35600878008537823,
        "Right": 0.69678759160969,
        "Left": 0.4849086403846741,
        "Forward": 1.2114064809348848,
        "Backward": 0.2694784154322136
    },
    "low_confidence": 0.744140625
}