{
    "loss": 1.4473402432071183,
    "accuracy": 49.771341463414636,
    "precision": 0.5572980951425663,
    "recall": 0.49771341463414637,
    "f1": 0.5076081729157891,
    "class_loss": {
        "Down": 1.8582353010989618,
        "Up": 0.767503162677658,
        "Right": 1.3640834405604336,
        "Left": 2.0640263179666363,
        "Forward": 1.7979318081070819,
        "Backward": 0.0
    },
    "low_confidence": 0.71923828125
}