{
    "loss": 0.4888047562993091,
    "accuracy": 80.20905923344948,
    "precision": 0.8036759084045267,
    "recall": 0.8020905923344948,
    "f1": 0.7940378206609564,
    "class_loss": {
        "Down": 0.2927799480764762,
        "Up": 0.42692716549272125,
        "Right": 1.3810455125311147,
        "Left": 0.5808810326068298,
        "Forward": 0.3204121265722358,
        "Backward": 0.345198188451468
    },
    "low_confidence": 0.8203125
}