{
    "loss": 1.2900723018076108,
    "accuracy": 62.78745644599303,
    "precision": 0.6348921551329721,
    "recall": 0.6278745644599303,
    "f1": 0.6257753052443457,
    "class_loss": {
        "Down": 1.1541402041912079,
        "Up": 2.2019996960957844,
        "Right": 2.5987256666024527,
        "Left": 4.1522036120295525,
        "Forward": 0.7266482130988784,
        "Backward": 0.0
    },
    "low_confidence": 0.75390625
}