{
    "loss": 0.46975819890697795,
    "accuracy": 81.29173925667828,
    "precision": 0.810798888800788,
    "recall": 0.8129173925667829,
    "f1": 0.8097658602034461,
    "class_loss": {
        "Down": 0.3665011445129359,
        "Up": 0.28759775283160033,
        "Right": 0.437987161455331,
        "Left": 0.37392993209262687,
        "Forward": 0.9570225170916982,
        "Backward": 0.13990706068903414
    },
    "low_confidence": 0.81396484375
}