{
    "loss": 2.980837994929903,
    "accuracy": 32.84335075493612,
    "precision": 0.4230335890957777,
    "recall": 0.3284335075493612,
    "f1": 0.323071059370557,
    "class_loss": {
        "Down": 4.287757527137148,
        "Up": 2.891674156648567,
        "Right": 2.281089171253067,
        "Left": 3.5170390385901555,
        "Forward": 1.8562369278478135,
        "Backward": 0.0
    },
    "low_confidence": 0.81494140625
}