{
    "loss": 1.3941476927863228,
    "accuracy": 46.42981539533264,
    "precision": 0.5029205978619722,
    "recall": 0.46429815395332635,
    "f1": 0.47537316961538956,
    "class_loss": {
        "Down": 1.564491327603658,
        "Up": 1.7354838212331136,
        "Right": 1.837154377831353,
        "Left": 1.4635932087898254,
        "Forward": 1.107685551378462,
        "Backward": 1.526316998272457
    },
    "low_confidence": 0.49951171875
}