{
    "loss": 1.5763280868530274,
    "accuracy": 35.2838732149077,
    "precision": 0.5283099448727852,
    "recall": 0.35283873214907696,
    "f1": 0.3749784229893453,
    "class_loss": {
        "Down": 1.937654147022649,
        "Up": 1.8470026925206184,
        "Right": 1.5378189637110784,
        "Left": 1.606630558004746,
        "Forward": 1.397065086497201,
        "Backward": 0.0
    },
    "low_confidence": 0.5234375
}