{
    "loss": 0.46496827293325355,
    "accuracy": 81.80712833914053,
    "precision": 0.8227394715301468,
    "recall": 0.8180712833914053,
    "f1": 0.8138110417155129,
    "class_loss": {
        "Down": 0.37279975248707664,
        "Up": 0.3605140667684652,
        "Right": 0.27205494736079816,
        "Left": 0.3638780189126178,
        "Forward": 1.0269694275878094,
        "Backward": 0.182577603028794
    },
    "low_confidence": 0.818359375
}