{
    "loss": 2.992597808512747,
    "accuracy": 33.23352206736353,
    "precision": 0.44355741469204324,
    "recall": 0.3323352206736353,
    "f1": 0.3272292571103432,
    "class_loss": {
        "Down": 4.202037335305974,
        "Up": 3.1480656809072536,
        "Right": 1.8354777264406341,
        "Left": 3.5856033826130442,
        "Forward": 1.9450295046084531,
        "Backward": 0.0
    },
    "low_confidence": 0.82177734375
}