{
    "loss": 0.9032353262106577,
    "accuracy": 65.65656565656566,
    "precision": 0.6385124393800633,
    "recall": 0.6565656565656566,
    "f1": 0.629733721911599,
    "class_loss": {
        "Down": 0.7439162383476893,
        "Up": 0.9583284109830856,
        "Right": 1.6170949935913086,
        "Left": 1.6256826023260753,
        "Forward": 0.5934857552250227,
        "Backward": 2.547586957613627
    },
    "low_confidence": 0.6015625
}