{
    "loss": 1.282291625936826,
    "accuracy": 53.396029258098224,
    "precision": 0.5386768374763852,
    "recall": 0.5339602925809822,
    "f1": 0.5053934103709008,
    "class_loss": {
        "Down": 1.4443504945798353,
        "Up": 0.9977920597249811,
        "Right": 2.031954597343098,
        "Left": 1.7782495419184368,
        "Forward": 0.7861594905455908,
        "Backward": 6.538290182749431
    },
    "low_confidence": 0.568359375
}