{
    "loss": 0.7365022301673889,
    "accuracy": 72.41379310344827,
    "precision": 0.7036713551119177,
    "recall": 0.7241379310344828,
    "f1": 0.7048645320197043,
    "class_loss": {
        "Down": 0.3823145627975464,
        "Up": 1.4273849725723267,
        "Right": 0.7023752927780151,
        "Left": 0.1687864065170288,
        "Forward": 0.7907004952430725,
        "Backward": 1.759845495223999
    },
    "low_confidence": 0.6591796875
}