{
    "loss": 1.783651351928711,
    "accuracy": 60.3448275862069,
    "precision": 0.36414982164090365,
    "recall": 0.603448275862069,
    "f1": 0.45420837968112715,
    "class_loss": {
        "Down": 0.0,
        "Up": 0.0,
        "Right": 0.17984212934970856,
        "Left": 4.337672710418701,
        "Forward": 4.011528015136719,
        "Backward": 0.0
    },
    "low_confidence": 0.818359375
}