{
    "loss": 0.6066977461730992,
    "accuracy": 77.12507259001161,
    "precision": 0.7713363122044515,
    "recall": 0.7712507259001161,
    "f1": 0.765061414194798,
    "class_loss": {
        "Down": 0.33905175969832474,
        "Up": 0.46294587657407477,
        "Right": 0.5205922903562034,
        "Left": 0.5592318653232522,
        "Forward": 1.2526166044451572,
        "Backward": 0.1764109568256471
    },
    "low_confidence": 0.75390625
}