{
    "loss": 1.585088625244141,
    "accuracy": 45.04210220673635,
    "precision": 0.5194239885549244,
    "recall": 0.4504210220673635,
    "f1": 0.4662440121629664,
    "class_loss": {
        "Down": 1.7113166297043578,
        "Up": 1.097053778806634,
        "Right": 1.2395308565141425,
        "Left": 2.489396251155995,
        "Forward": 1.9130545635557463,
        "Backward": 0.0
    },
    "low_confidence": 0.7373046875
}