{
    "loss": 0.8126933442221748,
    "accuracy": 65.40541521486644,
    "precision": 0.6908840301769253,
    "recall": 0.6540541521486644,
    "f1": 0.6559639964809857,
    "class_loss": {
        "Down": 0.6245940628427046,
        "Up": 1.014805292641675,
        "Right": 1.031111289229658,
        "Left": 0.5728520277749609,
        "Forward": 0.724155704456347,
        "Backward": 1.1438058387074206
    },
    "low_confidence": 0.66845703125
}