{
    "loss": 1.5655992823239002,
    "accuracy": 46.04565911730546,
    "precision": 0.574313901653715,
    "recall": 0.4604565911730546,
    "f1": 0.48234839247384753,
    "class_loss": {
        "Down": 1.8930277261829032,
        "Up": 1.637735427054296,
        "Right": 1.6351740690362122,
        "Left": 2.0144631996518,
        "Forward": 1.0141332442421587,
        "Backward": 0.0
    },
    "low_confidence": 0.666015625
}