{
    "loss": 0.863030097219679,
    "accuracy": 66.28352490421456,
    "precision": 0.6584664789506283,
    "recall": 0.6628352490421456,
    "f1": 0.6540486900125595,
    "class_loss": {
        "Down": 0.7859984344906277,
        "Up": 0.9094545331266192,
        "Right": 1.422924855020311,
        "Left": 1.2434792982207403,
        "Forward": 0.6076071348455218,
        "Backward": 2.313779988366625
    },
    "low_confidence": 0.63134765625
}