{
    "loss": 1.0072405083311928,
    "accuracy": 61.19818878439568,
    "precision": 0.588250544012891,
    "recall": 0.6119818878439568,
    "f1": 0.5939967736788019,
    "class_loss": {
        "Down": 0.9442043202488046,
        "Up": 1.0828045681118965,
        "Right": 2.433499941459069,
        "Left": 2.206327887681814,
        "Forward": 0.8407845814608865,
        "Backward": 0.0
    },
    "low_confidence": 0.5693359375
}