{
    "loss": 0.8896036440575564,
    "accuracy": 67.54500580720092,
    "precision": 0.676119043958887,
    "recall": 0.6754500580720093,
    "f1": 0.665850587493155,
    "class_loss": {
        "Down": 0.5588070167987435,
        "Up": 0.6640364920927418,
        "Right": 1.0640608425493594,
        "Left": 0.8269502120437445,
        "Forward": 1.3802429915026382,
        "Backward": 0.6590329818427563
    },
    "low_confidence": 0.6123046875
}