{
    "loss": 1.1663937499677692,
    "accuracy": 56.59117305458769,
    "precision": 0.5577210569296543,
    "recall": 0.5659117305458768,
    "f1": 0.5464008267526878,
    "class_loss": {
        "Down": 0.8663312812214312,
        "Up": 0.9325803593698755,
        "Right": 1.7290434141953785,
        "Left": 1.2489079128718004,
        "Forward": 1.768377053881845,
        "Backward": 0.0
    },
    "low_confidence": 0.5498046875
}