{
    "loss": 0.5328804589807987,
    "accuracy": 79.81816202090593,
    "precision": 0.8073585241723572,
    "recall": 0.7981816202090593,
    "f1": 0.7917216158232823,
    "class_loss": {
        "Down": 0.3759468887001276,
        "Up": 0.4223224416513134,
        "Right": 0.3133027740512733,
        "Left": 0.4486486708952321,
        "Forward": 1.188340791673572,
        "Backward": 0.21535365177421933
    },
    "low_confidence": 0.78564453125
}