{
    "loss": 1.674113224915884,
    "accuracy": 47.88400116144019,
    "precision": 0.5435983530140004,
    "recall": 0.4788400116144019,
    "f1": 0.4926620697216924,
    "class_loss": {
        "Down": 2.114955200881198,
        "Up": 1.0928842702611203,
        "Right": 1.2866082863054342,
        "Left": 2.5189152738894336,
        "Forward": 1.8539717507458502,
        "Backward": 0.0
    },
    "low_confidence": 0.7509765625
}