{
    "loss": 0.5314634362856547,
    "accuracy": 79.65865552072448,
    "precision": 0.7966147883670676,
    "recall": 0.7965865552072449,
    "f1": 0.791749357701909,
    "class_loss": {
        "Down": 0.3439307313826349,
        "Up": 0.6455642494890425,
        "Right": 1.158621229728063,
        "Left": 0.7283366553485393,
        "Forward": 0.3285528285635842,
        "Backward": 1.153962223823486
    },
    "low_confidence": 0.787109375
}