{
    "loss": 1.1466738646229109,
    "accuracy": 60.95437129919888,
    "precision": 0.6173447547011865,
    "recall": 0.6095437129919888,
    "f1": 0.5894195160064775,
    "class_loss": {
        "Down": 0.9928078478888461,
        "Up": 1.9483245505640905,
        "Right": 3.2604390474466176,
        "Left": 3.74058465888867,
        "Forward": 0.5766791204598525,
        "Backward": 0.0
    },
    "low_confidence": 0.73193359375
}