{
    "loss": 0.6264407656810902,
    "accuracy": 74.42653890824623,
    "precision": 0.7489396936300264,
    "recall": 0.7442653890824622,
    "f1": 0.7436629703949481,
    "class_loss": {
        "Down": 0.43746548263287105,
        "Up": 0.798380948741127,
        "Right": 0.5065294889112314,
        "Left": 0.5163730479500912,
        "Forward": 0.9412956014275551,
        "Backward": 0.4102426257967535
    },
    "low_confidence": 0.73828125
}