{
    "loss": 2.2783494226513774,
    "accuracy": 39.71399535423926,
    "precision": 0.49484068396466324,
    "recall": 0.39713995354239257,
    "f1": 0.4120807101788737,
    "class_loss": {
        "Down": 2.8174839746881872,
        "Up": 2.050592436634722,
        "Right": 1.7886313748571814,
        "Left": 3.364870955585502,
        "Forward": 1.72766826255247,
        "Backward": 0.0
    },
    "low_confidence": 0.77001953125
}