{
    "loss": 1.024803757182951,
    "accuracy": 58.0030487804878,
    "precision": 0.5880546357482881,
    "recall": 0.5800304878048781,
    "f1": 0.5816312997945635,
    "class_loss": {
        "Down": 0.8948562338377125,
        "Up": 0.9935845255021019,
        "Right": 1.003546434100912,
        "Left": 0.7692782426475786,
        "Forward": 1.5381799333671522,
        "Backward": 0.7060155027790838
    },
    "low_confidence": 0.64892578125
}