{
    "loss": 1.634743120574309,
    "accuracy": 37.67603077816492,
    "precision": 0.49720987827005403,
    "recall": 0.37676030778164926,
    "f1": 0.38672416937708926,
    "class_loss": {
        "Down": 1.8265362786771977,
        "Up": 1.2651354037975764,
        "Right": 1.5531933901074808,
        "Left": 1.8884540388112985,
        "Forward": 1.8000391122088375,
        "Backward": 0.0
    },
    "low_confidence": 0.67041015625
}