{
    "loss": 0.02248170322962795,
    "accuracy": 99.64249419279908,
    "precision": 0.9964229848463644,
    "recall": 0.9964249419279907,
    "f1": 0.9964222392465596,
    "class_loss": {
        "Down": 0.024351285097913608,
        "Up": 0.024107501178083045,
        "Right": 0.02561728782839728,
        "Left": 0.006353992506370155,
        "Forward": 0.0373893419444492,
        "Backward": 0.00034048029547603973
    },
    "low_confidence": 0.982421875
}