{
    "loss": 5.7149847340884214,
    "accuracy": 42.43793554006969,
    "precision": 0.5597904213602153,
    "recall": 0.4243793554006969,
    "f1": 0.4113518003983558,
    "class_loss": {
        "Down": 4.3545441034783545,
        "Up": 5.751333168782294,
        "Right": 8.497453611456676,
        "Left": 9.963150981022753,
        "Forward": 1.3237762504033237,
        "Backward": 0.0
    },
    "low_confidence": 0.9248046875
}