{
    "loss": 0.6694211636980375,
    "accuracy": 72.34413096482062,
    "precision": 0.724357106380672,
    "recall": 0.7234413096482062,
    "f1": 0.7097859392209538,
    "class_loss": {
        "Down": 0.5035007148981094,
        "Up": 0.7557836249470711,
        "Right": 1.5122547348340352,
        "Left": 1.0844868967930477,
        "Forward": 0.4022790640592575,
        "Backward": 0.6660083085298538
    },
    "low_confidence": 0.7109375
}