{
    "loss": 1.103011632959048,
    "accuracy": 60.18808777429467,
    "precision": 0.5799716900974236,
    "recall": 0.6018808777429467,
    "f1": 0.5757336850449949,
    "class_loss": {
        "Down": 0.6926953585020134,
        "Up": 1.2901370637118816,
        "Right": 2.1577560057242713,
        "Left": 1.9527534991502762,
        "Forward": 0.5888650442163149,
        "Backward": 6.91297122836113
    },
    "low_confidence": 0.69970703125
}