{
    "loss": 0.49886215660768657,
    "accuracy": 80.02867305458768,
    "precision": 0.8000754325125196,
    "recall": 0.8002867305458768,
    "f1": 0.7952771657671153,
    "class_loss": {
        "Down": 0.41803218535949127,
        "Up": 0.3681195320542058,
        "Right": 0.5158397997626721,
        "Left": 0.20088481690094273,
        "Forward": 1.0741147992226028,
        "Backward": 0.13096929106847932
    },
    "low_confidence": 0.81591796875
}