{
    "loss": 4.07593763528662,
    "accuracy": 29.010598141695702,
    "precision": 0.46015959745377333,
    "recall": 0.29010598141695704,
    "f1": 0.27422316953929465,
    "class_loss": {
        "Down": 5.4206800048231285,
        "Up": 4.504599662559046,
        "Right": 3.553467309800908,
        "Left": 4.068628589864928,
        "Forward": 2.2678054838466326,
        "Backward": 0.0
    },
    "low_confidence": 0.8857421875
}