{
    "loss": 0.47095640321020726,
    "accuracy": 83.28433507549362,
    "precision": 0.8326598573613269,
    "recall": 0.8328433507549361,
    "f1": 0.825219510311695,
    "class_loss": {
        "Down": 0.16477079013431514,
        "Up": 0.3787018850583721,
        "Right": 0.4590239164729913,
        "Left": 0.36848329062815066,
        "Forward": 1.0942615425145183,
        "Backward": 0.10583044836918513
    },
    "low_confidence": 0.79248046875
}