{
    "loss": 1.1766088332687676,
    "accuracy": 60.22248838559814,
    "precision": 0.6052282222498436,
    "recall": 0.6022248838559814,
    "f1": 0.5989245908342967,
    "class_loss": {
        "Down": 0.9939098863764421,
        "Up": 1.234959719143808,
        "Right": 1.5335973843645592,
        "Left": 1.4496595460820842,
        "Forward": 1.3128524478030417,
        "Backward": 0.0
    },
    "low_confidence": 0.6806640625
}