{
    "loss": 0.5779756096502146,
    "accuracy": 78.70027584204414,
    "precision": 0.7893757019978489,
    "recall": 0.7870027584204413,
    "f1": 0.7781894056549857,
    "class_loss": {
        "Down": 0.36063354303715406,
        "Up": 0.5403040632329605,
        "Right": 0.4917665525443024,
        "Left": 0.3547672982569094,
        "Forward": 1.247530733269674,
        "Backward": 0.2407560977412181
    },
    "low_confidence": 0.74609375
}