{
    "loss": 1.2393058186258983,
    "accuracy": 55.95963995354239,
    "precision": 0.6093618585130656,
    "recall": 0.559596399535424,
    "f1": 0.5710874423803478,
    "class_loss": {
        "Down": 1.1623369167572346,
        "Up": 0.938447462462158,
        "Right": 1.0020602614515357,
        "Left": 1.9013969097286463,
        "Forward": 1.7275801416366332,
        "Backward": 0.0
    },
    "low_confidence": 0.67724609375
}