{
    "loss": 0.4374052661916484,
    "accuracy": 83.34494773519164,
    "precision": 0.835257049663515,
    "recall": 0.8334494773519163,
    "f1": 0.8337403250666549,
    "class_loss": {
        "Down": 0.3929811362986979,
        "Up": 0.3569223597321821,
        "Right": 0.8263398959584858,
        "Left": 0.5268108086741489,
        "Forward": 0.36489650736684387,
        "Backward": 0.14533982711218413
    },
    "low_confidence": 0.82275390625
}