{
    "loss": 1.3937143579773281,
    "accuracy": 61.742160278745644,
    "precision": 0.6240030253567099,
    "recall": 0.6174216027874564,
    "f1": 0.6128030247250008,
    "class_loss": {
        "Down": 1.6387585931354098,
        "Up": 2.4135348906119662,
        "Right": 2.0772618651390076,
        "Left": 5.103750818719466,
        "Forward": 0.6496861781115117,
        "Backward": 0.0
    },
    "low_confidence": 0.771484375
}