{
    "loss": 0.5442289604081048,
    "accuracy": 78.0564263322884,
    "precision": 0.7779380139263813,
    "recall": 0.780564263322884,
    "f1": 0.7705741277128797,
    "class_loss": {
        "Down": 0.2451755481461684,
        "Up": 0.5015472501516343,
        "Right": 1.2371767315599653,
        "Left": 0.936995263894399,
        "Forward": 0.37297495239310796,
        "Backward": 1.0906160422693938
    },
    "low_confidence": 0.78173828125
}