{
    "loss": 1.0775564597712624,
    "accuracy": 61.30268199233716,
    "precision": 0.6073547979826963,
    "recall": 0.6130268199233716,
    "f1": 0.5906689831564741,
    "class_loss": {
        "Down": 1.2450179920384759,
        "Up": 1.5466896148088078,
        "Right": 2.695213272021367,
        "Left": 3.549006507373773,
        "Forward": 0.6081739164837119,
        "Backward": 0.0
    },
    "low_confidence": 0.7421875
}