{
    "loss": 0.7105422858838681,
    "accuracy": 73.5191637630662,
    "precision": 0.7336061702111394,
    "recall": 0.735191637630662,
    "f1": 0.7282697189678506,
    "class_loss": {
        "Down": 0.43519907548195785,
        "Up": 0.5631549136920108,
        "Right": 0.8766055429975191,
        "Left": 0.5314381939393503,
        "Forward": 1.2253299976388614,
        "Backward": 0.4827004402220525
    },
    "low_confidence": 0.7060546875
}