{
    "loss": 1.8426037072548989,
    "accuracy": 56.3770325203252,
    "precision": 0.5225773486798184,
    "recall": 0.563770325203252,
    "f1": 0.5392534164487234,
    "class_loss": {
        "Down": 0.891262518465519,
        "Up": 0.9690588457553193,
        "Right": 1.2687847027327956,
        "Left": 0.9784735149738414,
        "Forward": 1.4801020415559891,
        "Backward": 11.84541458553738
    },
    "low_confidence": 0.658203125
}