{
    "loss": 0.4729668912191147,
    "accuracy": 81.54217479674797,
    "precision": 0.8108649158231607,
    "recall": 0.8154217479674797,
    "f1": 0.8095774295657101,
    "class_loss": {
        "Down": 0.2915739133633872,
        "Up": 0.3431890462930817,
        "Right": 0.47666923912040865,
        "Left": 0.27139952984226395,
        "Forward": 1.06637197843689,
        "Backward": 0.10400145817138107
    },
    "low_confidence": 0.82421875
}