{
    "loss": 4.003867569088064,
    "accuracy": 29.241071428571427,
    "precision": 0.4606034523318591,
    "recall": 0.2924107142857143,
    "f1": 0.28080414813536037,
    "class_loss": {
        "Down": 5.138803840260458,
        "Up": 4.4119181598147765,
        "Right": 3.3231882237935984,
        "Left": 4.245907702429403,
        "Forward": 2.3329642936956683,
        "Backward": 0.0
    },
    "low_confidence": 0.880859375
}