{
    "loss": 0.3989053549973861,
    "accuracy": 84.39024390243902,
    "precision": 0.8452329660637313,
    "recall": 0.8439024390243902,
    "f1": 0.8432746930385994,
    "class_loss": {
        "Down": 0.39490713146717654,
        "Up": 0.33804087972511415,
        "Right": 0.8055301457643509,
        "Left": 0.3707494805364505,
        "Forward": 0.32289138241954474,
        "Backward": 0.024725531789044908
    },
    "low_confidence": 0.8330078125
}