{
    "loss": 1.602600512297257,
    "accuracy": 60.69686411149826,
    "precision": 0.6287354354698869,
    "recall": 0.6069686411149826,
    "f1": 0.6029095540547614,
    "class_loss": {
        "Down": 1.9977978136804369,
        "Up": 2.929962781071663,
        "Right": 2.5686981777350106,
        "Left": 5.017291670044263,
        "Forward": 0.6635603950075482,
        "Backward": 0.0
    },
    "low_confidence": 0.78515625
}