{
    "loss": 0.6701557669836192,
    "accuracy": 71.77881823461092,
    "precision": 0.7209981345824977,
    "recall": 0.7177881823461092,
    "f1": 0.7166502254828946,
    "class_loss": {
        "Down": 0.5270735612712394,
        "Up": 0.5836954528896374,
        "Right": 0.8698586444786893,
        "Left": 0.42535996530529513,
        "Forward": 1.040727823695793,
        "Backward": 0.19596257817398993
    },
    "low_confidence": 0.75537109375
}