{
    "loss": 2.985954160895631,
    "accuracy": 30.896123693379792,
    "precision": 0.46616533210457056,
    "recall": 0.3089612369337979,
    "f1": 0.2972993342438376,
    "class_loss": {
        "Down": 3.9224055997895455,
        "Up": 3.1234180876309727,
        "Right": 2.910870639131948,
        "Left": 3.1572091898778614,
        "Forward": 1.639987667717683,
        "Backward": 0.0
    },
    "low_confidence": 0.8115234375
}