{
    "loss": 0.47809959316364425,
    "accuracy": 81.30807200929152,
    "precision": 0.8075921184754792,
    "recall": 0.8130807200929152,
    "f1": 0.8083166473778972,
    "class_loss": {
        "Down": 0.2555522271556375,
        "Up": 0.41097644238833353,
        "Right": 0.4773314575752315,
        "Left": 0.28783295826465066,
        "Forward": 1.018705190197239,
        "Backward": 0.20489699661130187
    },
    "low_confidence": 0.81591796875
}