{
    "loss": 3.856166996256132,
    "accuracy": 30.08674506387921,
    "precision": 0.45391736629312607,
    "recall": 0.3008674506387921,
    "f1": 0.29357213889298045,
    "class_loss": {
        "Down": 4.625268819502892,
        "Up": 4.431530181357753,
        "Right": 3.3876180340933693,
        "Left": 4.1889699258588555,
        "Forward": 2.1960483660514,
        "Backward": 0.0
    },
    "low_confidence": 0.8642578125
}