{
    "loss": 0.9230068273014492,
    "accuracy": 63.775687913618945,
    "precision": 0.6297011661547599,
    "recall": 0.6377568791361895,
    "f1": 0.6284195696985174,
    "class_loss": {
        "Down": 1.0104838331540427,
        "Up": 0.9996075014273326,
        "Right": 1.4995994673834907,
        "Left": 1.2387800461716123,
        "Forward": 0.6160759150981903,
        "Backward": 2.0997299992519878
    },
    "low_confidence": 0.611328125
}