{
    "loss": 1.0630992346339756,
    "accuracy": 55.55555555555556,
    "precision": 0.519979560309838,
    "recall": 0.5555555555555556,
    "f1": 0.5345859386623054,
    "class_loss": {
        "Down": 1.13469419040178,
        "Up": 1.2677383224169414,
        "Right": 2.537558812361497,
        "Left": 2.0267677077880273,
        "Forward": 0.8355494624210729,
        "Backward": 0.0
    },
    "low_confidence": 0.548828125
}