{
    "loss": 0.7430181801319122,
    "accuracy": 71.71717171717172,
    "precision": 0.7200368297172562,
    "recall": 0.7171717171717171,
    "f1": 0.7028079738528394,
    "class_loss": {
        "Down": 0.6228428756197294,
        "Up": 0.603275808195273,
        "Right": 1.4132266342639923,
        "Left": 1.4886049926280975,
        "Forward": 0.48339855422576267,
        "Backward": 0.8592553257942199
    },
    "low_confidence": 0.67431640625
}