{
    "loss": 1.097255473335584,
    "accuracy": 59.90943921978405,
    "precision": 0.5643753400738702,
    "recall": 0.5990943921978404,
    "f1": 0.5718794454329292,
    "class_loss": {
        "Down": 0.7380726066018853,
        "Up": 0.9356701783835888,
        "Right": 1.886933833360672,
        "Left": 2.41727152466774,
        "Forward": 0.6351339096824328,
        "Backward": 5.9090903997421265
    },
    "low_confidence": 0.67333984375
}