{
    "loss": 0.4780355656036624,
    "accuracy": 82.09748838559814,
    "precision": 0.8183477994339652,
    "recall": 0.8209748838559814,
    "f1": 0.8142309658006225,
    "class_loss": {
        "Down": 0.2890734975743625,
        "Up": 0.37823295827817033,
        "Right": 0.4805784177173067,
        "Left": 0.24405942153599527,
        "Forward": 1.0649000665655843,
        "Backward": 0.1738605985193755
    },
    "low_confidence": 0.794921875
}