{
    "loss": 1.9820677489640528,
    "accuracy": 42.082244483159116,
    "precision": 0.5035577444227407,
    "recall": 0.42082244483159115,
    "f1": 0.4386625119248453,
    "class_loss": {
        "Down": 2.379382799608984,
        "Up": 1.6437842611276758,
        "Right": 1.8420728519558907,
        "Left": 2.585974074085243,
        "Forward": 1.8482665665853288,
        "Backward": 0.0
    },
    "low_confidence": 0.7880859375
}