{
    "loss": 0.5912422646802885,
    "accuracy": 77.65860917537746,
    "precision": 0.7709491988809033,
    "recall": 0.7765860917537747,
    "f1": 0.7721586752585572,
    "class_loss": {
        "Down": 0.3987046959637492,
        "Up": 0.4223234916312827,
        "Right": 0.5999584850613717,
        "Left": 0.4555834112343965,
        "Forward": 1.168692090169147,
        "Backward": 0.1881914596295381
    },
    "low_confidence": 0.7568359375
}