{
    "loss": 1.882030084039326,
    "accuracy": 39.311120789779324,
    "precision": 0.49958349191304025,
    "recall": 0.39311120789779325,
    "f1": 0.4079658020732927,
    "class_loss": {
        "Down": 2.1546859196994617,
        "Up": 1.7652210983705807,
        "Right": 1.6397222018955897,
        "Left": 2.48003753926605,
        "Forward": 1.6280967568858498,
        "Backward": 0.0
    },
    "low_confidence": 0.72607421875
}