{
    "loss": 0.7332815994387087,
    "accuracy": 71.28919860627178,
    "precision": 0.7169292635057666,
    "recall": 0.7128919860627178,
    "f1": 0.7097958666321248,
    "class_loss": {
        "Down": 0.46099013154921326,
        "Up": 0.715156104253686,
        "Right": 1.1405238794243855,
        "Left": 0.9887964712536853,
        "Forward": 0.6798722031323806,
        "Backward": 0.21032740455120802
    },
    "low_confidence": 0.6875
}