{
    "loss": 1.0268868687360182,
    "accuracy": 60.278745644599304,
    "precision": 0.6524054780553508,
    "recall": 0.6027874564459931,
    "f1": 0.6065997024678688,
    "class_loss": {
        "Down": 0.5509962638219198,
        "Up": 1.149442844092846,
        "Right": 2.1440748473008475,
        "Left": 2.494435532639424,
        "Forward": 1.0844545817893485,
        "Backward": 0.0
    },
    "low_confidence": 0.63623046875
}