{
    "loss": 1.4772320614920722,
    "accuracy": 45.28039010797632,
    "precision": 0.5100721468129598,
    "recall": 0.45280390107976315,
    "f1": 0.4679558826220265,
    "class_loss": {
        "Down": 1.7648060904608833,
        "Up": 1.8572644670804341,
        "Right": 1.798273703787062,
        "Left": 1.492159542772505,
        "Forward": 1.1630863361888462,
        "Backward": 2.8394650021192236
    },
    "low_confidence": 0.61962890625
}