{
    "loss": 1.7606955932246313,
    "accuracy": 34.27377220480669,
    "precision": 0.46287417493582994,
    "recall": 0.34273772204806685,
    "f1": 0.35436564423316774,
    "class_loss": {
        "Down": 2.3456577940991052,
        "Up": 2.209541728720069,
        "Right": 1.319138398537269,
        "Left": 2.3447203937058267,
        "Forward": 1.4224927418761784,
        "Backward": 0.0
    },
    "low_confidence": 0.6513671875
}