{
    "loss": 0.40873003265132074,
    "accuracy": 85.29616724738676,
    "precision": 0.8545190841474292,
    "recall": 0.8529616724738676,
    "f1": 0.8515674122000301,
    "class_loss": {
        "Down": 0.2296241450568904,
        "Up": 0.261607238455959,
        "Right": 0.8453660147345584,
        "Left": 0.7078925688629565,
        "Forward": 0.3410207259914149,
        "Backward": 0.09464971456782223
    },
    "low_confidence": 0.8251953125
}