{
    "loss": 1.4097323352875917,
    "accuracy": 62.02090592334495,
    "precision": 0.6194528362469056,
    "recall": 0.6202090592334495,
    "f1": 0.6161171679710761,
    "class_loss": {
        "Down": 1.3408731520175934,
        "Up": 2.164592467745145,
        "Right": 2.4190980394681296,
        "Left": 5.73526016374429,
        "Forward": 0.733375502669293,
        "Backward": 0.0
    },
    "low_confidence": 0.794921875
}