{
    "loss": 0.6496633738279343,
    "accuracy": 74.15534656913967,
    "precision": 0.7368161998023585,
    "recall": 0.7415534656913967,
    "f1": 0.732458034570159,
    "class_loss": {
        "Down": 0.5058654993772507,
        "Up": 0.7725968460241953,
        "Right": 1.1544701755046844,
        "Left": 1.1737552732229233,
        "Forward": 0.41477329283952713,
        "Backward": 1.0725005782312818
    },
    "low_confidence": 0.7197265625
}