{
    "loss": 1.2960561861594517,
    "accuracy": 56.983629397422504,
    "precision": 0.5674893203887257,
    "recall": 0.569836293974225,
    "f1": 0.5507356527985316,
    "class_loss": {
        "Down": 1.5138513391668147,
        "Up": 1.416207324374806,
        "Right": 2.2666484280066057,
        "Left": 1.6354717214902241,
        "Forward": 0.6351572734614214,
        "Backward": 7.728475729624431
    },
    "low_confidence": 0.6845703125
}