{
    "loss": 0.7879093130429585,
    "accuracy": 70.35876001393243,
    "precision": 0.6976105652018517,
    "recall": 0.7035876001393243,
    "f1": 0.690592084960977,
    "class_loss": {
        "Down": 0.5487212889724308,
        "Up": 0.8702388531631894,
        "Right": 1.3670680668618944,
        "Left": 1.3691200759675768,
        "Forward": 0.5272593273056878,
        "Backward": 1.7683047240972518
    },
    "low_confidence": 0.66650390625
}