{
    "loss": 0.9712129725350274,
    "accuracy": 62.69592476489028,
    "precision": 0.6051862965589747,
    "recall": 0.6269592476489029,
    "f1": 0.6050648841122142,
    "class_loss": {
        "Down": 0.9248653336575157,
        "Up": 1.2125392481684685,
        "Right": 2.216012276135958,
        "Left": 2.4327814493041773,
        "Forward": 0.7281304438494973,
        "Backward": 0.0
    },
    "low_confidence": 0.595703125
}