{
    "loss": 0.47758230235841537,
    "accuracy": 81.60919540229885,
    "precision": 0.8170488809242621,
    "recall": 0.8160919540229885,
    "f1": 0.8155155085798752,
    "class_loss": {
        "Down": 0.26677082975705463,
        "Up": 0.5368515792820189,
        "Right": 0.7544068841470613,
        "Left": 0.573176047205925,
        "Forward": 0.42251311871740554,
        "Backward": 0.9242087683640421
    },
    "low_confidence": 0.80029296875
}