{
    "loss": 1.1776759131087198,
    "accuracy": 59.00383141762452,
    "precision": 0.5954962751869588,
    "recall": 0.5900383141762452,
    "f1": 0.5828084114922691,
    "class_loss": {
        "Down": 1.4230867255675166,
        "Up": 1.9623916745185852,
        "Right": 2.3964655582721415,
        "Left": 3.5586535489329925,
        "Forward": 0.6363667042951824,
        "Backward": 0.0
    },
    "low_confidence": 0.740234375
}