{
    "loss": 0.6128682706091139,
    "accuracy": 74.99129223267154,
    "precision": 0.749796940238713,
    "recall": 0.7499129223267155,
    "f1": 0.7400436228039649,
    "class_loss": {
        "Down": 0.25108881551358436,
        "Up": 0.6318351775407791,
        "Right": 1.3044271734025743,
        "Left": 0.9677145941389932,
        "Forward": 0.44141037033663855,
        "Backward": 1.2997148476298088
    },
    "low_confidence": 0.76611328125
}