{
    "loss": 0.9619728078444799,
    "accuracy": 63.2183908045977,
    "precision": 0.6265293068796458,
    "recall": 0.632183908045977,
    "f1": 0.6145143643695548,
    "class_loss": {
        "Down": 0.9084306798483196,
        "Up": 1.4225645378852885,
        "Right": 2.1906607426129856,
        "Left": 2.957878275559499,
        "Forward": 0.6604561002097196,
        "Backward": 0.0
    },
    "low_confidence": 0.70703125
}