{
    "loss": 0.6211148674289385,
    "accuracy": 74.46882619296413,
    "precision": 0.739966382228369,
    "recall": 0.7446882619296412,
    "f1": 0.7371949338002262,
    "class_loss": {
        "Down": 0.4830029532313347,
        "Up": 0.620681089659532,
        "Right": 1.1618317663669586,
        "Left": 1.0681862781445186,
        "Forward": 0.434379406273365,
        "Backward": 0.3749185726046562
    },
    "low_confidence": 0.71630859375
}