{
    "loss": 1.1155190368493397,
    "accuracy": 60.29258098223615,
    "precision": 0.5812839798809033,
    "recall": 0.6029258098223615,
    "f1": 0.5829768575538997,
    "class_loss": {
        "Down": 0.7290823150958333,
        "Up": 1.2856060490012169,
        "Right": 1.9566392848889034,
        "Left": 2.1551573872566223,
        "Forward": 0.6227886055906614,
        "Backward": 6.896684270352125
    },
    "low_confidence": 0.7041015625
}