{
    "loss": 0.33144892572804735,
    "accuracy": 87.54718350754936,
    "precision": 0.8746648144082554,
    "recall": 0.8754718350754936,
    "f1": 0.8720295835132374,
    "class_loss": {
        "Down": 0.10064926165742455,
        "Up": 0.1584883978659356,
        "Right": 0.41524183267244585,
        "Left": 0.27816311373478836,
        "Forward": 0.787203152284578,
        "Backward": 0.07283046496121204
    },
    "low_confidence": 0.8681640625
}