{
    "loss": 2.917896872952783,
    "accuracy": 54.62035423925668,
    "precision": 0.5378249534791983,
    "recall": 0.5462035423925667,
    "f1": 0.5297934117170523,
    "class_loss": {
        "Down": 1.4206193711073138,
        "Up": 1.259198705776768,
        "Right": 1.9699928517476089,
        "Left": 1.897610229498241,
        "Forward": 1.5302274392536586,
        "Backward": 21.266740057203506
    },
    "low_confidence": 0.81201171875
}