{
    "loss": 0.6548021939065721,
    "accuracy": 73.49355625217694,
    "precision": 0.7321980790754757,
    "recall": 0.7349355625217694,
    "f1": 0.732052966521072,
    "class_loss": {
        "Down": 0.4272826631863912,
        "Up": 0.8107258160909017,
        "Right": 0.961669718556934,
        "Left": 0.9986099508073595,
        "Forward": 0.4992891980542077,
        "Backward": 1.1628246168605982
    },
    "low_confidence": 0.70654296875
}