{
    "loss": 0.9975444002283944,
    "accuracy": 61.61616161616162,
    "precision": 0.6221514623599503,
    "recall": 0.6161616161616161,
    "f1": 0.6134427056909798,
    "class_loss": {
        "Down": 1.044624167053323,
        "Up": 1.343740933885177,
        "Right": 1.702545477793767,
        "Left": 2.772116554471163,
        "Forward": 0.7985044821682904,
        "Backward": 0.0
    },
    "low_confidence": 0.6376953125
}