{
    "loss": 0.595849166976081,
    "accuracy": 76.07105538140021,
    "precision": 0.7575395071326353,
    "recall": 0.7607105538140021,
    "f1": 0.757844146691827,
    "class_loss": {
        "Down": 0.4457832313246197,
        "Up": 0.7620887292755975,
        "Right": 0.9454662342866261,
        "Left": 0.8819919884204864,
        "Forward": 0.41438097523318396,
        "Backward": 1.1734598160348833
    },
    "low_confidence": 0.732421875
}