{
    "loss": 1.0830693234999975,
    "accuracy": 58.446534308603276,
    "precision": 0.5896612334013287,
    "recall": 0.5844653430860327,
    "f1": 0.5560117481120896,
    "class_loss": {
        "Down": 1.5317752000532652,
        "Up": 1.7028667877117794,
        "Right": 2.238420468110305,
        "Left": 2.7657402593355913,
        "Forward": 0.5427192752094319,
        "Backward": 0.0
    },
    "low_confidence": 0.6982421875
}