{
    "loss": 2.633993148803711,
    "accuracy": 20.689655172413794,
    "precision": 0.15812807881773397,
    "recall": 0.20689655172413793,
    "f1": 0.15567867431048743,
    "class_loss": {
        "Down": 2.69482159614563,
        "Up": 0.3629760146141052,
        "Right": 1.825057029724121,
        "Left": 2.0902810096740723,
        "Forward": 3.4181783199310303,
        "Backward": 8.131264686584473
    },
    "low_confidence": 0.51025390625
}