{
    "loss": 3.4810540676116943,
    "accuracy": 0.0,
    "precision": 0.0,
    "recall": 0.0,
    "f1": 0.0,
    "class_loss": {
        "Down": 0.0,
        "Up": 0.0,
        "Right": 2.283454418182373,
        "Left": 6.123510837554932,
        "Forward": 3.7659473419189453,
        "Backward": 0.0
    },
    "low_confidence": 0.87109375
}