{
    "loss": 0.5222042560577392,
    "accuracy": 78.57889237199582,
    "precision": 0.795109372599159,
    "recall": 0.7857889237199582,
    "f1": 0.7857590418748932,
    "class_loss": {
        "Down": 0.21246775645348762,
        "Up": 0.35963422622945573,
        "Right": 0.6939721961816152,
        "Left": 0.7223491282719705,
        "Forward": 0.5614882303608788,
        "Backward": 1.0052190839841901
    },
    "low_confidence": 0.78515625
}