{
    "loss": 1.0802680330144034,
    "accuracy": 62.5914315569488,
    "precision": 0.6178481958405087,
    "recall": 0.625914315569488,
    "f1": 0.6185466385467356,
    "class_loss": {
        "Down": 0.9192093038245251,
        "Up": 1.4223243986877303,
        "Right": 2.563152748804826,
        "Left": 3.603327010686581,
        "Forward": 0.8386547342460189,
        "Backward": 0.0
    },
    "low_confidence": 0.7490234375
}