{
    "loss": 0.7058570616198195,
    "accuracy": 71.648156213705,
    "precision": 0.7180225599453103,
    "recall": 0.7164815621370499,
    "f1": 0.7157529333681725,
    "class_loss": {
        "Down": 0.4924858703032465,
        "Up": 0.5749120013085254,
        "Right": 0.6166147224856032,
        "Left": 0.7392526872360886,
        "Forward": 1.1964931689488347,
        "Backward": 0.3200388997354806
    },
    "low_confidence": 0.74267578125
}