{
    "loss": 2.4468894107889225,
    "accuracy": 33.65998838559814,
    "precision": 0.4873153573760709,
    "recall": 0.33659988385598144,
    "f1": 0.3406168154982435,
    "class_loss": {
        "Down": 2.941754127366353,
        "Up": 2.2729127692201962,
        "Right": 2.1722286599057647,
        "Left": 3.074173962406685,
        "Forward": 1.7863240382637844,
        "Backward": 0.0
    },
    "low_confidence": 0.779296875
}