{
    "loss": 0.5036994384394752,
    "accuracy": 80.45977011494253,
    "precision": 0.8086873329912632,
    "recall": 0.8045977011494253,
    "f1": 0.7987638385323396,
    "class_loss": {
        "Down": 0.26524568779600993,
        "Up": 0.36559874796205094,
        "Right": 1.2229490260283151,
        "Left": 0.5260922455125385,
        "Forward": 0.42410899367597366,
        "Backward": 0.9359754225873115
    },
    "low_confidence": 0.8203125
}