{
    "loss": 1.2747987180948257,
    "accuracy": 59.49146638801811,
    "precision": 0.576240338916549,
    "recall": 0.5949146638801811,
    "f1": 0.5670131610333479,
    "class_loss": {
        "Down": 1.5112188034936,
        "Up": 1.8203719432155292,
        "Right": 4.496653896111709,
        "Left": 3.7971017761872363,
        "Forward": 0.5650732398615219,
        "Backward": 0.0
    },
    "low_confidence": 0.76953125
}