{
    "loss": 0.2542692890597714,
    "accuracy": 90.46530197444831,
    "precision": 0.9038266351367935,
    "recall": 0.9046530197444832,
    "f1": 0.9030245637016796,
    "class_loss": {
        "Down": 0.09336847570483331,
        "Up": 0.15914370816338946,
        "Right": 0.27527105180477657,
        "Left": 0.20970487673939378,
        "Forward": 0.5928333044328071,
        "Backward": 0.058861189581943175
    },
    "low_confidence": 0.89697265625
}