{
    "loss": 3.52059301085063,
    "accuracy": 53.51335656213705,
    "precision": 0.5464606046970986,
    "recall": 0.5351335656213705,
    "f1": 0.5238043224567236,
    "class_loss": {
        "Down": 2.1331913190148772,
        "Up": 1.926895606335842,
        "Right": 2.0297393742494467,
        "Left": 2.1480738655577793,
        "Forward": 1.4465928248530198,
        "Backward": 26.519170867072212
    },
    "low_confidence": 0.83837890625
}