{
    "loss": 0.8507498502731323,
    "accuracy": 72.41379310344827,
    "precision": 0.6929907595221997,
    "recall": 0.7241379310344828,
    "f1": 0.7038144055385435,
    "class_loss": {
        "Down": 0.4477648138999939,
        "Up": 1.6262602806091309,
        "Right": 0.8742567300796509,
        "Left": 0.24258951842784882,
        "Forward": 0.8836259245872498,
        "Backward": 1.9125810861587524
    },
    "low_confidence": 0.626953125
}