{
    "loss": 1.6589702367782593,
    "accuracy": 60.3448275862069,
    "precision": 0.36414982164090365,
    "recall": 0.603448275862069,
    "f1": 0.45420837968112715,
    "class_loss": {
        "Down": 0.0,
        "Up": 0.0,
        "Right": 0.25683093070983887,
        "Left": 3.869964361190796,
        "Forward": 3.6477174758911133,
        "Backward": 0.0
    },
    "low_confidence": 0.75927734375
}