{
    "loss": 0.13225305825471878,
    "accuracy": 95.30705574912892,
    "precision": 0.9547827303032066,
    "recall": 0.9530705574912892,
    "f1": 0.9531756560683832,
    "class_loss": {
        "Down": 0.04969224639029966,
        "Up": 0.25426588728334065,
        "Right": 0.1604038293438929,
        "Left": 0.040968168845952106,
        "Forward": 0.1866499253169254,
        "Backward": 0.0026974932101590334
    },
    "low_confidence": 0.9267578125
}