{
    "loss": 3.1216768278903113,
    "accuracy": 45.134654471544714,
    "precision": 0.5871262715997484,
    "recall": 0.45134654471544716,
    "f1": 0.4418465114857128,
    "class_loss": {
        "Down": 2.3196667236868387,
        "Up": 4.188816180378199,
        "Right": 4.696238001025599,
        "Left": 4.789508098912601,
        "Forward": 0.790028031801329,
        "Backward": 0.0
    },
    "low_confidence": 0.8642578125
}