{
    "loss": 0.29684675857424736,
    "accuracy": 88.85561846689896,
    "precision": 0.8881832017086134,
    "recall": 0.8885561846689896,
    "f1": 0.8869120041418339,
    "class_loss": {
        "Down": 0.22832456134535647,
        "Up": 0.1898348963715964,
        "Right": 0.2972331296445595,
        "Left": 0.18133132428758675,
        "Forward": 0.6432844287267437,
        "Backward": 0.10283184953193457
    },
    "low_confidence": 0.87451171875
}