{
    "loss": 3.2294046855519505,
    "accuracy": 53.17762775842044,
    "precision": 0.532586420506608,
    "recall": 0.5317762775842044,
    "f1": 0.5199751839332838,
    "class_loss": {
        "Down": 2.451561477649957,
        "Up": 1.707390328165317,
        "Right": 1.7785385850044648,
        "Left": 1.7674533774514674,
        "Forward": 1.47291400368915,
        "Backward": 23.61654504140218
    },
    "low_confidence": 0.82177734375
}