{
    "loss": 0.7068291554848353,
    "accuracy": 71.78683385579937,
    "precision": 0.7115004331665228,
    "recall": 0.7178683385579937,
    "f1": 0.7055273548376556,
    "class_loss": {
        "Down": 0.5648587495088577,
        "Up": 0.854087620973587,
        "Right": 1.2174388120571773,
        "Left": 1.3052582542101543,
        "Forward": 0.4464590921998024,
        "Backward": 1.15658171971639
    },
    "low_confidence": 0.689453125
}