{
    "loss": 1.2598619411389034,
    "accuracy": 56.3566701497736,
    "precision": 0.5664813041347888,
    "recall": 0.563566701497736,
    "f1": 0.5445634169782458,
    "class_loss": {
        "Down": 1.448703708973798,
        "Up": 1.3036289648576216,
        "Right": 2.16238455880772,
        "Left": 1.680282731850942,
        "Forward": 0.6351114362478256,
        "Backward": 7.193473656972249
    },
    "low_confidence": 0.65869140625
}