{
    "loss": 1.310423195362091,
    "accuracy": 48.10170672239638,
    "precision": 0.5271542145389316,
    "recall": 0.48101706722396376,
    "f1": 0.490742990193721,
    "class_loss": {
        "Down": 1.423003413942125,
        "Up": 1.3640390952428183,
        "Right": 1.7767879989412096,
        "Left": 1.4673326200909085,
        "Forward": 1.0358338362640804,
        "Backward": 3.3508229784836825
    },
    "low_confidence": 0.70849609375
}