{
    "loss": 1.9901159505049388,
    "accuracy": 35.632183908045974,
    "precision": 0.44117357191501877,
    "recall": 0.3563218390804597,
    "f1": 0.35816951695468313,
    "class_loss": {
        "Down": 2.9510077238082886,
        "Up": 2.490347425608585,
        "Right": 2.097153250844433,
        "Left": 3.6240890315518928,
        "Forward": 1.3818459916445944,
        "Backward": 0.0
    },
    "low_confidence": 0.7587890625
}