{
    "loss": 0.4627478725656315,
    "accuracy": 82.51669570267131,
    "precision": 0.824037063481703,
    "recall": 0.8251669570267132,
    "f1": 0.8235121392120055,
    "class_loss": {
        "Down": 0.3624691249181827,
        "Up": 0.30067519860825054,
        "Right": 0.4745210337418097,
        "Left": 0.4387454295323955,
        "Forward": 0.8069744002487924,
        "Backward": 0.22938137845550147
    },
    "low_confidence": 0.794921875
}