{
    "loss": 2.4587776860081014,
    "accuracy": 54.767349012775846,
    "precision": 0.5339747051433757,
    "recall": 0.5476734901277585,
    "f1": 0.5308214861866346,
    "class_loss": {
        "Down": 1.4746640583872794,
        "Up": 1.2028488974888312,
        "Right": 1.533058362944824,
        "Left": 1.5256907964422781,
        "Forward": 1.2203543706564233,
        "Backward": 17.72332689497206
    },
    "low_confidence": 0.7607421875
}