{
    "loss": 0.02103988895908481,
    "accuracy": 99.37572590011614,
    "precision": 0.993802244713174,
    "recall": 0.9937572590011614,
    "f1": 0.993734221793244,
    "class_loss": {
        "Down": 0.012783735210649428,
        "Up": 0.014844457575775407,
        "Right": 0.005065443738540462,
        "Left": 0.0015349951217676452,
        "Forward": 0.07667177845723927,
        "Backward": 0.0004427451408451622
    },
    "low_confidence": 0.986328125
}