{
    "loss": 0.5588886300722758,
    "accuracy": 78.3002438174852,
    "precision": 0.7805988154050186,
    "recall": 0.7830024381748519,
    "f1": 0.7790532980621906,
    "class_loss": {
        "Down": 0.38400245192978116,
        "Up": 0.4594426880280177,
        "Right": 1.0497627390755548,
        "Left": 0.780595166153378,
        "Forward": 0.4531807074944178,
        "Backward": 1.1614363195030424
    },
    "low_confidence": 0.7607421875
}