{
    "loss": 1.0960239814387427,
    "accuracy": 62.52176941832114,
    "precision": 0.622923563321358,
    "recall": 0.6252176941832114,
    "f1": 0.6173981428477294,
    "class_loss": {
        "Down": 0.7449477628657692,
        "Up": 1.4380780368422468,
        "Right": 2.996561784010667,
        "Left": 3.3812557584964313,
        "Forward": 0.8744722075255899,
        "Backward": 0.0
    },
    "low_confidence": 0.71435546875
}