{
    "loss": 0.8794195652008057,
    "accuracy": 66.4576802507837,
    "precision": 0.6478327338280018,
    "recall": 0.664576802507837,
    "f1": 0.6432703362865014,
    "class_loss": {
        "Down": 0.737559030453364,
        "Up": 0.8835380127032598,
        "Right": 1.4788951575756073,
        "Left": 1.6275540093580882,
        "Forward": 0.6018067449331284,
        "Backward": 2.4611715740627713
    },
    "low_confidence": 0.6083984375
}