{
    "loss": 1.2564778625965118,
    "accuracy": 54.30163706025775,
    "precision": 0.5541409020431478,
    "recall": 0.5430163706025775,
    "f1": 0.520170857347467,
    "class_loss": {
        "Down": 1.5048725686290048,
        "Up": 0.967720543796366,
        "Right": 1.95779426260428,
        "Left": 1.8010348214043512,
        "Forward": 0.764541320502758,
        "Backward": 6.699411551157634
    },
    "low_confidence": 0.5908203125
}