{
    "loss": 0.5482016205787659,
    "accuracy": 79.3103448275862,
    "precision": 0.8394499178981939,
    "recall": 0.7931034482758621,
    "f1": 0.8014532598872938,
    "class_loss": {
        "Down": 0.1854102611541748,
        "Up": 2.37863826751709,
        "Right": 0.692979097366333,
        "Left": 0.29242223501205444,
        "Forward": 0.697619616985321,
        "Backward": 0.0
    },
    "low_confidence": 0.72265625
}