{
    "loss": 2.034834146499634,
    "accuracy": 58.62068965517241,
    "precision": 0.35995160314579555,
    "recall": 0.5862068965517241,
    "f1": 0.44602698650674655,
    "class_loss": {
        "Down": 0.0,
        "Up": 0.0,
        "Right": 0.1938692331314087,
        "Left": 4.776820659637451,
        "Forward": 4.9478325843811035,
        "Backward": 0.0
    },
    "low_confidence": 0.8125
}