{
    "loss": 0.5191456043484873,
    "accuracy": 80.00145180023229,
    "precision": 0.7956195088856228,
    "recall": 0.8000145180023229,
    "f1": 0.7955793193328557,
    "class_loss": {
        "Down": 0.31689313956202114,
        "Up": 0.3756601899239244,
        "Right": 0.44160298834382866,
        "Left": 0.4291481457209338,
        "Forward": 1.0985429307032684,
        "Backward": 0.2548973328924892
    },
    "low_confidence": 0.80419921875
}