{
    "loss": 3.5620988542910026,
    "accuracy": 31.162891986062718,
    "precision": 0.46376806035253293,
    "recall": 0.3116289198606272,
    "f1": 0.31179941361833524,
    "class_loss": {
        "Down": 4.241919006179788,
        "Up": 3.765232408501126,
        "Right": 3.0111199321545428,
        "Left": 4.3794771948603195,
        "Forward": 2.1690200207679933,
        "Backward": 0.0
    },
    "low_confidence": 0.85205078125
}