{
    "loss": 0.4265572318324336,
    "accuracy": 84.05015969802555,
    "precision": 0.8384894242092861,
    "recall": 0.8405015969802555,
    "f1": 0.8354020431428927,
    "class_loss": {
        "Down": 0.21391386393871573,
        "Up": 0.20765893078512615,
        "Right": 0.5476359573227388,
        "Left": 0.29985927476513163,
        "Forward": 0.9201742456191115,
        "Backward": 0.10534502678072183
    },
    "low_confidence": 0.82373046875
}