{
    "loss": 2.3131046686171937,
    "accuracy": 41.71203542392567,
    "precision": 0.4943329501535607,
    "recall": 0.4171203542392567,
    "f1": 0.4347889742415475,
    "class_loss": {
        "Down": 2.6726566896085506,
        "Up": 1.8213376266666526,
        "Right": 2.5257086034139826,
        "Left": 3.3967382436967455,
        "Forward": 1.9355517111928953,
        "Backward": 0.0
    },
    "low_confidence": 0.810546875
}