{
    "loss": 0.5103984224187096,
    "accuracy": 80.1194105691057,
    "precision": 0.7972856623420552,
    "recall": 0.8011941056910569,
    "f1": 0.795675727137477,
    "class_loss": {
        "Down": 0.3692304806591257,
        "Up": 0.40523913775275394,
        "Right": 0.4821619358125741,
        "Left": 0.2827755567378664,
        "Forward": 1.0890944010635424,
        "Backward": 0.18974946635591575
    },
    "low_confidence": 0.80419921875
}