{
    "loss": 3.659539275030085,
    "accuracy": 30.55132113821138,
    "precision": 0.47255329716739225,
    "recall": 0.30551321138211385,
    "f1": 0.29806340964338796,
    "class_loss": {
        "Down": 4.6367961409526455,
        "Up": 4.037823249797436,
        "Right": 2.699649054361847,
        "Left": 4.116329365431445,
        "Forward": 2.1475245127913514,
        "Backward": 0.0
    },
    "low_confidence": 0.8544921875
}