{
    "loss": 0.5100431403388148,
    "accuracy": 79.86062717770035,
    "precision": 0.8008297407105418,
    "recall": 0.7986062717770035,
    "f1": 0.7905881302313806,
    "class_loss": {
        "Down": 0.27500857088876807,
        "Up": 0.42259591817855835,
        "Right": 1.2790109074634055,
        "Left": 0.54186777252218,
        "Forward": 0.40734708309173584,
        "Backward": 0.20571233873197342
    },
    "low_confidence": 0.7880859375
}