{
    "loss": 1.1709951194732084,
    "accuracy": 62.99651567944251,
    "precision": 0.635673491817367,
    "recall": 0.6299651567944251,
    "f1": 0.6286827184371799,
    "class_loss": {
        "Down": 0.9934457449449433,
        "Up": 1.9298163841168086,
        "Right": 2.2354247669378915,
        "Left": 3.7647268809378147,
        "Forward": 0.7194226118533508,
        "Backward": 0.0
    },
    "low_confidence": 0.73828125
}