{
    "loss": 0.5944629498128968,
    "accuracy": 76.74216027874564,
    "precision": 0.7640240537904176,
    "recall": 0.7674216027874564,
    "f1": 0.7634940488835821,
    "class_loss": {
        "Down": 0.3857368334574013,
        "Up": 0.5690363013335914,
        "Right": 0.48361744879637864,
        "Left": 0.44352446412115976,
        "Forward": 1.1917405036752924,
        "Backward": 0.2235565002176453
    },
    "low_confidence": 0.78125
}