{
    "loss": 3.0568676786687883,
    "accuracy": 30.925159698025553,
    "precision": 0.4588193639760413,
    "recall": 0.3092515969802555,
    "f1": 0.30728306045133896,
    "class_loss": {
        "Down": 3.485727342142336,
        "Up": 3.4159103118381275,
        "Right": 2.2027435053751105,
        "Left": 3.6281444080916874,
        "Forward": 2.0658823035663954,
        "Backward": 0.0
    },
    "low_confidence": 0.82421875
}