{
    "loss": 0.347480117170899,
    "accuracy": 87.182418699187,
    "precision": 0.8719744977209478,
    "recall": 0.8718241869918699,
    "f1": 0.8677317275542256,
    "class_loss": {
        "Down": 0.1719130606011108,
        "Up": 0.19135296989784198,
        "Right": 0.32494498741019656,
        "Left": 0.28762567815957246,
        "Forward": 0.8353049735780116,
        "Backward": 0.06760612071202896
    },
    "low_confidence": 0.84375
}