{
    "loss": 2.1623355446963277,
    "accuracy": 47.853150406504064,
    "precision": 0.5500102938519364,
    "recall": 0.47853150406504064,
    "f1": 0.49570639852754306,
    "class_loss": {
        "Down": 3.1694943081803513,
        "Up": 1.2815337051744067,
        "Right": 1.6352262110966775,
        "Left": 3.6703694710158743,
        "Forward": 1.8139695667872024,
        "Backward": 0.0
    },
    "low_confidence": 0.79833984375
}