{
    "loss": 1.4367078357272678,
    "accuracy": 45.66353187042842,
    "precision": 0.5097260099327423,
    "recall": 0.4566353187042842,
    "f1": 0.46464166528688894,
    "class_loss": {
        "Down": 1.7081051296657985,
        "Up": 1.659528488583035,
        "Right": 2.0667023367351955,
        "Left": 1.0133399976624382,
        "Forward": 1.186992973751492,
        "Backward": 2.791623313064602
    },
    "low_confidence": 0.6845703125
}