{
    "loss": 1.9269373224841224,
    "accuracy": 34.83106931382793,
    "precision": 0.44850013069574146,
    "recall": 0.34831069313827934,
    "f1": 0.3535113808944493,
    "class_loss": {
        "Down": 2.6455162324403463,
        "Up": 2.399083647566537,
        "Right": 1.9448325846057672,
        "Left": 2.577471787826373,
        "Forward": 1.5757344706190957,
        "Backward": 0.0
    },
    "low_confidence": 0.73193359375
}