{
    "loss": 0.7472468763589859,
    "accuracy": 71.05538140020899,
    "precision": 0.7042038869239525,
    "recall": 0.7105538140020898,
    "f1": 0.7018562110112008,
    "class_loss": {
        "Down": 0.5592313334345818,
        "Up": 0.7163396899898847,
        "Right": 1.3856082061926525,
        "Left": 1.1814254025618236,
        "Forward": 0.5628854632377625,
        "Backward": 1.0545156121253967
    },
    "low_confidence": 0.6640625
}