{
    "loss": 1.0803070863087971,
    "accuracy": 60.81504702194357,
    "precision": 0.6037966546996588,
    "recall": 0.6081504702194357,
    "f1": 0.6003855118006673,
    "class_loss": {
        "Down": 0.6472296645598752,
        "Up": 1.0761051699519157,
        "Right": 1.8030219574769337,
        "Left": 1.8924096723397572,
        "Forward": 0.7587643638253212,
        "Backward": 6.1221188604831696
    },
    "low_confidence": 0.658203125
}