{
    "loss": 0.5409024761782752,
    "accuracy": 78.43956809474051,
    "precision": 0.784341231086229,
    "recall": 0.7843956809474051,
    "f1": 0.7804908904812624,
    "class_loss": {
        "Down": 0.3378988955583837,
        "Up": 0.57255539894104,
        "Right": 0.9992444316546122,
        "Left": 0.7786659585105048,
        "Forward": 0.4052241024043825,
        "Backward": 1.114917851852901
    },
    "low_confidence": 0.7646484375
}