{
    "loss": 1.0595228390561209,
    "accuracy": 63.88018112156043,
    "precision": 0.6327248757354738,
    "recall": 0.6388018112156043,
    "f1": 0.6196595498378777,
    "class_loss": {
        "Down": 0.8283244073390961,
        "Up": 1.5207745094473164,
        "Right": 3.371895964329059,
        "Left": 3.296670444882833,
        "Forward": 0.6747867344594043,
        "Backward": 0.0
    },
    "low_confidence": 0.71533203125
}