{
    "loss": 0.4971484336588118,
    "accuracy": 80.04179728317659,
    "precision": 0.7980567136627921,
    "recall": 0.800417972831766,
    "f1": 0.7972332849624767,
    "class_loss": {
        "Down": 0.2863575953990221,
        "Up": 0.49077432056268055,
        "Right": 0.9123876187536452,
        "Left": 0.6853188296159108,
        "Forward": 0.40366212129592893,
        "Backward": 0.933159506348893
    },
    "low_confidence": 0.77783203125
}