{
    "loss": 1.0820745219786962,
    "accuracy": 59.00383141762452,
    "precision": 0.5934328942976937,
    "recall": 0.5900383141762452,
    "f1": 0.5832493577398177,
    "class_loss": {
        "Down": 1.421748355815285,
        "Up": 1.4242215550815065,
        "Right": 2.2804701878474307,
        "Left": 3.171916041809779,
        "Forward": 0.7321115116614642,
        "Backward": 0.0
    },
    "low_confidence": 0.71728515625
}