{
    "loss": 0.44608545689671125,
    "accuracy": 83.61099012775843,
    "precision": 0.8341244481352804,
    "recall": 0.8361099012775842,
    "f1": 0.830462137791743,
    "class_loss": {
        "Down": 0.2199311632387064,
        "Up": 0.4019240405824449,
        "Right": 0.40321264712622873,
        "Left": 0.2632244470425778,
        "Forward": 0.9906840710728256,
        "Backward": 0.2380343538049298
    },
    "low_confidence": 0.81201171875
}