{
    "loss": 2.2763161261677007,
    "accuracy": 41.352714866434376,
    "precision": 0.49857983992675475,
    "recall": 0.4135271486643438,
    "f1": 0.43132130280412073,
    "class_loss": {
        "Down": 2.517050255305957,
        "Up": 2.1239723237946695,
        "Right": 2.0988827839804194,
        "Left": 3.1107653045328334,
        "Forward": 1.9329290308298603,
        "Backward": 0.0
    },
    "low_confidence": 0.80859375
}