{
    "loss": 0.5733558105097877,
    "accuracy": 77.49912922326716,
    "precision": 0.7725566286962408,
    "recall": 0.7749912922326715,
    "f1": 0.7685195872904448,
    "class_loss": {
        "Down": 0.47706884327862,
        "Up": 0.6134610454241435,
        "Right": 1.0754027717643313,
        "Left": 0.9837066696749793,
        "Forward": 0.34976771109633975,
        "Backward": 1.1023828081041573
    },
    "low_confidence": 0.75341796875
}