{
    "loss": 1.0413514484961828,
    "accuracy": 61.16335771508185,
    "precision": 0.6075053009338115,
    "recall": 0.6116335771508186,
    "f1": 0.5871043616475395,
    "class_loss": {
        "Down": 1.2723983792882216,
        "Up": 1.5051662409678102,
        "Right": 2.2338288884896498,
        "Left": 3.1800359120735755,
        "Forward": 0.5979137432295829,
        "Backward": 0.0
    },
    "low_confidence": 0.70361328125
}