{
    "loss": 0.21242900813619295,
    "accuracy": 92.70288908246225,
    "precision": 0.9269385617990605,
    "recall": 0.9270288908246226,
    "f1": 0.924919961301832,
    "class_loss": {
        "Down": 0.11858703206396765,
        "Up": 0.13165679404994957,
        "Right": 0.18746871252854666,
        "Left": 0.09865764820844763,
        "Forward": 0.5833318241768413,
        "Backward": 0.014554515638977776
    },
    "low_confidence": 0.89697265625
}