{
    "loss": 1.8591446306823787,
    "accuracy": 51.02351916376307,
    "precision": 0.5654829033578572,
    "recall": 0.5102351916376306,
    "f1": 0.5090315237164292,
    "class_loss": {
        "Down": 1.716596639353635,
        "Up": 1.9740469972416759,
        "Right": 2.672712627662714,
        "Left": 2.935089755237002,
        "Forward": 0.9934645309813518,
        "Backward": 0.0
    },
    "low_confidence": 0.78466796875
}