{
    "loss": 0.9189154207706451,
    "accuracy": 63.811563169164884,
    "precision": 0.6418028497501662,
    "recall": 0.6381156316916489,
    "f1": 0.6181250631447216,
    "class_loss": {
        "Down": 0.7101933062076569,
        "Up": 1.7421939074993134,
        "Right": 1.1744281351566315,
        "Left": 0.8986726999282837,
        "Forward": 0.6787804067134857,
        "Backward": 1.6145382821559906
    },
    "low_confidence": 0.5654296875
}