{
    "loss": 1.6931106597185135,
    "accuracy": 60.599571734475376,
    "precision": 0.3672308094401827,
    "recall": 0.6059957173447538,
    "f1": 0.4573247680228409,
    "class_loss": {
        "Down": 0.0,
        "Up": 0.0,
        "Right": 0.4038637727499008,
        "Left": 3.922338843345642,
        "Forward": 3.2412890195846558,
        "Backward": 0.0
    },
    "low_confidence": 0.66796875
}