{
    "loss": 0.5313310397995843,
    "accuracy": 78.96203413444793,
    "precision": 0.789914150226549,
    "recall": 0.7896203413444792,
    "f1": 0.7879070418152343,
    "class_loss": {
        "Down": 0.41479645040300156,
        "Up": 0.40471441480848525,
        "Right": 0.8488999058802923,
        "Left": 0.7462929904460907,
        "Forward": 0.4552086565229628,
        "Backward": 1.38217885705197
    },
    "low_confidence": 0.77197265625
}