{
    "loss": 1.0834026197592417,
    "accuracy": 62.13862765586904,
    "precision": 0.6127993345437756,
    "recall": 0.6213862765586904,
    "f1": 0.6068886021844423,
    "class_loss": {
        "Down": 1.0442923479958583,
        "Up": 1.2807152572398384,
        "Right": 3.400156121987563,
        "Left": 3.6517844263177652,
        "Forward": 0.7068820029147901,
        "Backward": 0.0
    },
    "low_confidence": 0.71923828125
}