{
    "loss": 0.5080537593199147,
    "accuracy": 80.5821718931475,
    "precision": 0.8008114271142738,
    "recall": 0.805821718931475,
    "f1": 0.8016506249065763,
    "class_loss": {
        "Down": 0.22672015376802948,
        "Up": 0.34082463659622053,
        "Right": 0.5688499980778606,
        "Left": 0.39994174724927656,
        "Forward": 1.046950267696822,
        "Backward": 0.2766545621389351
    },
    "low_confidence": 0.7998046875
}