{
    "loss": 2.324494425491947,
    "accuracy": 39.41093205574913,
    "precision": 0.4813246599021994,
    "recall": 0.3941093205574913,
    "f1": 0.40805175580844405,
    "class_loss": {
        "Down": 2.257013377504072,
        "Up": 2.6437930221815247,
        "Right": 2.097898191479746,
        "Left": 3.106482472794596,
        "Forward": 1.7496333556182142,
        "Backward": 0.0
    },
    "low_confidence": 0.7744140625
}