{
    "loss": 1.1560785492261252,
    "accuracy": 50.88819226750261,
    "precision": 0.5471816543026672,
    "recall": 0.5088819226750261,
    "f1": 0.521842221052979,
    "class_loss": {
        "Down": 0.9910804457134671,
        "Up": 1.223793387413025,
        "Right": 1.6680813431739807,
        "Left": 1.1868803593847486,
        "Forward": 1.003005784087711,
        "Backward": 2.4711530510420827
    },
    "low_confidence": 0.71728515625
}