{
    "loss": 2.2050078398651545,
    "accuracy": 34.69174503657262,
    "precision": 0.4875014513408153,
    "recall": 0.34691745036572624,
    "f1": 0.3589821029013185,
    "class_loss": {
        "Down": 3.1892205414019132,
        "Up": 2.9865473207707205,
        "Right": 2.5678552320370307,
        "Left": 3.6657805044490557,
        "Forward": 1.518776684254408,
        "Backward": 0.0
    },
    "low_confidence": 0.80078125
}