{
    "loss": 0.7631268541018168,
    "accuracy": 71.33402995471961,
    "precision": 0.707691918120259,
    "recall": 0.7133402995471961,
    "f1": 0.7036466307246056,
    "class_loss": {
        "Down": 0.6386760413646698,
        "Up": 0.8108234200212691,
        "Right": 1.270059300793542,
        "Left": 1.3513655583063762,
        "Forward": 0.5000606040159862,
        "Backward": 1.3323664826154709
    },
    "low_confidence": 0.6630859375
}