{
    "loss": 0.9664674186044269,
    "accuracy": 62.73075583420411,
    "precision": 0.619852074761187,
    "recall": 0.6273075583420411,
    "f1": 0.6044081098659961,
    "class_loss": {
        "Down": 1.1036787911465293,
        "Up": 1.0482000236709912,
        "Right": 2.131806960472694,
        "Left": 2.3874286057857366,
        "Forward": 0.7596852592709992,
        "Backward": 0.0
    },
    "low_confidence": 0.5927734375
}