{
    "loss": 0.811857947973701,
    "accuracy": 67.38349303135888,
    "precision": 0.6778478925574488,
    "recall": 0.6738349303135889,
    "f1": 0.6748993004570216,
    "class_loss": {
        "Down": 0.5288508565064507,
        "Up": 0.6564443527475329,
        "Right": 0.8599021706500812,
        "Left": 0.8425744649338667,
        "Forward": 1.2590716027770448,
        "Backward": 0.39045099184668364
    },
    "low_confidence": 0.716796875
}