{
    "loss": 2.1508083159488525,
    "accuracy": 35.74513646922183,
    "precision": 0.490067841651032,
    "recall": 0.35745136469221833,
    "f1": 0.3656415118773792,
    "class_loss": {
        "Down": 2.4256369010009595,
        "Up": 1.957301072288482,
        "Right": 2.01186625338111,
        "Left": 2.793873871940409,
        "Forward": 1.6634657842043532,
        "Backward": 0.0
    },
    "low_confidence": 0.75390625
}