{
    "loss": 1.0334597031275432,
    "accuracy": 60.083594566353185,
    "precision": 0.5816614571545548,
    "recall": 0.6008359456635318,
    "f1": 0.5435517213699995,
    "class_loss": {
        "Down": 1.0502240111430485,
        "Up": 1.0747184107700984,
        "Right": 1.8916608889897664,
        "Left": 2.045879691839218,
        "Forward": 0.5657908221085867,
        "Backward": 3.3169388241238065
    },
    "low_confidence": 0.568359375
}