{
    "loss": 1.4004565477371216,
    "accuracy": 48.79832810867293,
    "precision": 0.529729230319099,
    "recall": 0.48798328108672934,
    "f1": 0.43989123472338304,
    "class_loss": {
        "Down": 1.6934566389430652,
        "Up": 1.0760071060874246,
        "Right": 2.1547616720199585,
        "Left": 2.1128104527791343,
        "Forward": 0.7436916306614876,
        "Backward": 6.458816687266032
    },
    "low_confidence": 0.52587890625
}