{
    "loss": 0.47392529994249344,
    "accuracy": 82.36425667828107,
    "precision": 0.8221625544660205,
    "recall": 0.8236425667828107,
    "f1": 0.819950984509654,
    "class_loss": {
        "Down": 0.19050077504167953,
        "Up": 0.48335473563660075,
        "Right": 0.42819220296762606,
        "Left": 0.4032050255272124,
        "Forward": 0.9478374046308023,
        "Backward": 0.16421138099772012
    },
    "low_confidence": 0.8037109375
}