{
    "loss": 2.3791422922955396,
    "accuracy": 57.10111788617886,
    "precision": 0.5490031327822826,
    "recall": 0.5710111788617886,
    "f1": 0.5530573312651157,
    "class_loss": {
        "Down": 1.0646701559610665,
        "Up": 1.5154643874875335,
        "Right": 1.2376886082858574,
        "Left": 1.4408828732169543,
        "Forward": 1.4516723307916113,
        "Backward": 17.678450266520183
    },
    "low_confidence": 0.7666015625
}