{
    "loss": 1.202996137407091,
    "accuracy": 50.33089515848137,
    "precision": 0.5597713813486609,
    "recall": 0.5033089515848137,
    "f1": 0.5172409247912438,
    "class_loss": {
        "Down": 1.2600412276056079,
        "Up": 1.1180961370468139,
        "Right": 1.6596043825149536,
        "Left": 1.0616545928849115,
        "Forward": 1.0836356613371108,
        "Backward": 2.5083116157276724
    },
    "low_confidence": 0.70361328125
}