{
    "loss": 2.09336818324195,
    "accuracy": 34.656913967258795,
    "precision": 0.46684352512254734,
    "recall": 0.34656913967258796,
    "f1": 0.3548360560780466,
    "class_loss": {
        "Down": 3.3598866148998865,
        "Up": 2.4996561454609036,
        "Right": 2.2504790948990445,
        "Left": 3.1843810244821587,
        "Forward": 1.5502290738953484,
        "Backward": 0.0
    },
    "low_confidence": 0.78515625
}