{
    "loss": 0.8117251445849737,
    "accuracy": 68.826192964124,
    "precision": 0.6772360750068976,
    "recall": 0.68826192964124,
    "f1": 0.676857863906354,
    "class_loss": {
        "Down": 0.6094111377994219,
        "Up": 0.9048423419396082,
        "Right": 1.414579798777898,
        "Left": 1.2875854174296062,
        "Forward": 0.5880071570475897,
        "Backward": 1.483798050880432
    },
    "low_confidence": 0.6357421875
}