{
    "loss": 1.0961910337209702,
    "accuracy": 61.89481017067224,
    "precision": 0.6169483960584417,
    "recall": 0.6189481017067224,
    "f1": 0.6120556926887774,
    "class_loss": {
        "Down": 0.6256258003413677,
        "Up": 1.1940554082393646,
        "Right": 1.7665667980909348,
        "Left": 1.8365870068470638,
        "Forward": 0.7755790303150812,
        "Backward": 5.761463403701782
    },
    "low_confidence": 0.63232421875
}