{
    "loss": 0.03495025369166224,
    "accuracy": 99.0145905923345,
    "precision": 0.9902344900601195,
    "recall": 0.990145905923345,
    "f1": 0.990084033549898,
    "class_loss": {
        "Down": 0.029248277365695685,
        "Up": 0.014436405156394121,
        "Right": 0.020744382080415055,
        "Left": 0.0024613495708628625,
        "Forward": 0.11741439224634734,
        "Backward": 0.0007989807064653312
    },
    "low_confidence": 0.97802734375
}