{
    "loss": 4.515014134497943,
    "accuracy": 45.83151858304297,
    "precision": 0.564017977405532,
    "recall": 0.45831518583042974,
    "f1": 0.4567951506266644,
    "class_loss": {
        "Down": 4.263158231970393,
        "Up": 4.5340958240348845,
        "Right": 6.647583910069623,
        "Left": 7.43288767950173,
        "Forward": 1.4692212667608717,
        "Backward": 0.0
    },
    "low_confidence": 0.90576171875
}