{
    "loss": 0.5065364526377784,
    "accuracy": 80.00696621386277,
    "precision": 0.8008013928260059,
    "recall": 0.8000696621386276,
    "f1": 0.7966729526388241,
    "class_loss": {
        "Down": 0.2745494606594245,
        "Up": 0.6940153850449456,
        "Right": 0.8566196577416526,
        "Left": 0.7589850312305821,
        "Forward": 0.3641554147005081,
        "Backward": 0.890135845376948
    },
    "low_confidence": 0.783203125
}