{
    "loss": 1.17788395219379,
    "accuracy": 62.13862765586904,
    "precision": 0.6314609441298544,
    "recall": 0.6213862765586904,
    "f1": 0.5996646175170534,
    "class_loss": {
        "Down": 0.9106410537895403,
        "Up": 2.1372713670134544,
        "Right": 2.995115280151367,
        "Left": 4.095552680584101,
        "Forward": 0.5798542543844734,
        "Backward": 0.0
    },
    "low_confidence": 0.74609375
}