{
    "loss": 0.6900997757911682,
    "accuracy": 72.41379310344827,
    "precision": 0.763083164300203,
    "recall": 0.7241379310344828,
    "f1": 0.7179368299043756,
    "class_loss": {
        "Down": 0.2796716094017029,
        "Up": 1.3918635845184326,
        "Right": 0.7264949083328247,
        "Left": 0.19669564068317413,
        "Forward": 0.7719578742980957,
        "Backward": 1.4318721294403076
    },
    "low_confidence": 0.67333984375
}