{
    "loss": 1.945892095565796,
    "accuracy": 60.3448275862069,
    "precision": 0.3705384150030248,
    "recall": 0.603448275862069,
    "f1": 0.4591454272863569,
    "class_loss": {
        "Down": 0.0,
        "Up": 0.0,
        "Right": 0.24396586418151855,
        "Left": 4.6300883293151855,
        "Forward": 4.35895299911499,
        "Backward": 0.0
    },
    "low_confidence": 0.76123046875
}