{
    "loss": 0.6683059469969185,
    "accuracy": 74.19425087108014,
    "precision": 0.7391540547022356,
    "recall": 0.7419425087108014,
    "f1": 0.7363265574100859,
    "class_loss": {
        "Down": 0.33058976057778905,
        "Up": 0.5267556782949854,
        "Right": 0.8665811444322268,
        "Left": 0.534458988794574,
        "Forward": 1.1332693580124114,
        "Backward": 0.36570228993271786
    },
    "low_confidence": 0.7275390625
}