{
    "loss": 1.410331235465559,
    "accuracy": 49.13980836236934,
    "precision": 0.5383125181664217,
    "recall": 0.49139808362369336,
    "f1": 0.5064703612806702,
    "class_loss": {
        "Down": 1.407659990955954,
        "Up": 1.0169854888310992,
        "Right": 1.515892310688893,
        "Left": 2.082157855737023,
        "Forward": 1.6867011860013008,
        "Backward": 0.0
    },
    "low_confidence": 0.7080078125
}