{
    "loss": 0.5910277217626572,
    "accuracy": 77.94432548179871,
    "precision": 0.7983229050023256,
    "recall": 0.7794432548179872,
    "f1": 0.782928300663809,
    "class_loss": {
        "Down": 0.5112238004803658,
        "Up": 0.6625555753707886,
        "Right": 0.8252411633729935,
        "Left": 0.3180840015411377,
        "Forward": 0.5482771620154381,
        "Backward": 0.8600355386734009
    },
    "low_confidence": 0.70458984375
}