{
    "loss": 2.1696391999721527,
    "accuracy": 60.06423982869379,
    "precision": 0.3691244271774233,
    "recall": 0.6006423982869379,
    "f1": 0.4572476091868283,
    "class_loss": {
        "Down": 0.0,
        "Up": 0.0,
        "Right": 0.3628302812576294,
        "Left": 5.54934024810791,
        "Forward": 3.91740620136261,
        "Backward": 0.0
    },
    "low_confidence": 0.69921875
}