{
    "loss": 0.26117317509595994,
    "accuracy": 90.18945993031359,
    "precision": 0.9015988705155693,
    "recall": 0.9018945993031359,
    "f1": 0.9005269186399888,
    "class_loss": {
        "Down": 0.18103903564796955,
        "Up": 0.12275559177484226,
        "Right": 0.23917162549440507,
        "Left": 0.2228870611568844,
        "Forward": 0.6026995591819286,
        "Backward": 0.041123555669670436
    },
    "low_confidence": 0.89599609375
}