{
    "loss": 3.5051067612036637,
    "accuracy": 54.542319976771196,
    "precision": 0.5481277346928558,
    "recall": 0.5454231997677119,
    "f1": 0.533073839868122,
    "class_loss": {
        "Down": 2.290610310425982,
        "Up": 1.7214364190431932,
        "Right": 1.9240539143225406,
        "Left": 2.2874773159613446,
        "Forward": 1.578846796040917,
        "Backward": 26.332611931694878
    },
    "low_confidence": 0.83935546875
}