{
    "loss": 0.040007772954629255,
    "accuracy": 98.65345528455285,
    "precision": 0.9868327562529217,
    "recall": 0.9865345528455285,
    "f1": 0.9863862112809257,
    "class_loss": {
        "Down": 0.0025594361229903167,
        "Up": 0.007300634001795616,
        "Right": 0.020607096190495347,
        "Left": 0.009647746857134971,
        "Forward": 0.17280938948021718,
        "Backward": 0.0004848225158435037
    },
    "low_confidence": 0.9814453125
}