{
    "loss": 4.7408848883806325,
    "accuracy": 46.1345818815331,
    "precision": 0.5575618622400509,
    "recall": 0.461345818815331,
    "f1": 0.450057097698333,
    "class_loss": {
        "Down": 3.0588600815041938,
        "Up": 4.106733109947527,
        "Right": 6.72405299485743,
        "Left": 9.04152001557743,
        "Forward": 1.7025192166730827,
        "Backward": 0.0
    },
    "low_confidence": 0.9130859375
}