{
    "loss": 0.9181551546962173,
    "accuracy": 66.21297909407666,
    "precision": 0.6806315767741351,
    "recall": 0.6621297909407665,
    "f1": 0.6477013985660388,
    "class_loss": {
        "Down": 0.6298119102915128,
        "Up": 0.4250938706099987,
        "Right": 0.6923680578668913,
        "Left": 0.8861938229313603,
        "Forward": 2.0000774612029395,
        "Backward": 0.6714384808653483
    },
    "low_confidence": 0.73291015625
}