{
    "loss": 2.065914689921084,
    "accuracy": 41.62311265969802,
    "precision": 0.48863235528489074,
    "recall": 0.41623112659698025,
    "f1": 0.42685783596760646,
    "class_loss": {
        "Down": 2.5050373575987592,
        "Up": 0.9752509940348296,
        "Right": 1.7623913031485345,
        "Left": 2.916689242934808,
        "Forward": 2.7633003300476457,
        "Backward": 0.0
    },
    "low_confidence": 0.72802734375
}