{
    "loss": 6.374961098035176,
    "accuracy": 37.20238095238095,
    "precision": 0.4333188040881434,
    "recall": 0.37202380952380953,
    "f1": 0.33828601282074555,
    "class_loss": {
        "Down": 15.413289489569488,
        "Up": 2.944403877412831,
        "Right": 3.565244366725286,
        "Left": 3.702927953667111,
        "Forward": 4.823010531840501,
        "Backward": 12.955131073792776
    },
    "low_confidence": 0.86962890625
}