{
    "loss": 7.279921315351169,
    "accuracy": 35.293263646922185,
    "precision": 0.4553417884045016,
    "recall": 0.35293263646922185,
    "f1": 0.32730101407091605,
    "class_loss": {
        "Down": 17.275583664576214,
        "Up": 3.5713234043104016,
        "Right": 3.858643264383621,
        "Left": 5.686163025093265,
        "Forward": 5.441633141374275,
        "Backward": 0.0
    },
    "low_confidence": 0.8818359375
}