{
    "loss": 0.643833393851916,
    "accuracy": 75.23510971786834,
    "precision": 0.7479661571393987,
    "recall": 0.7523510971786834,
    "f1": 0.7460688507350646,
    "class_loss": {
        "Down": 0.4306959869960944,
        "Up": 0.6470897992451986,
        "Right": 1.1888528317213058,
        "Left": 1.050243412454923,
        "Forward": 0.48930581162373227,
        "Backward": 0.8190484262175031
    },
    "low_confidence": 0.71630859375
}