{
    "loss": 1.2566970487435658,
    "accuracy": 56.426332288401255,
    "precision": 0.5567389303682658,
    "recall": 0.5642633228840125,
    "f1": 0.5458330320539735,
    "class_loss": {
        "Down": 1.356481438333338,
        "Up": 1.192123139446432,
        "Right": 2.288413194092837,
        "Left": 1.5077031883928511,
        "Forward": 0.727218377093474,
        "Backward": 7.518947919209798
    },
    "low_confidence": 0.68017578125
}