{
    "loss": 0.5822931476171008,
    "accuracy": 75.66964285714286,
    "precision": 0.7622605493977174,
    "recall": 0.7566964285714286,
    "f1": 0.7536050179693814,
    "class_loss": {
        "Down": 0.386925796157184,
        "Up": 0.4304286910785615,
        "Right": 0.8809039885401033,
        "Left": 0.34819412799973937,
        "Forward": 0.9500222426431382,
        "Backward": 0.12204819833360403
    },
    "low_confidence": 0.79296875
}