{
    "loss": 3.26289993799013,
    "accuracy": 31.153818234610917,
    "precision": 0.48229498234042967,
    "recall": 0.3115381823461092,
    "f1": 0.31041627581270964,
    "class_loss": {
        "Down": 3.735512413298794,
        "Up": 3.561561110903656,
        "Right": 3.258819264214253,
        "Left": 3.8145050762431167,
        "Forward": 1.9076307154733718,
        "Backward": 0.0
    },
    "low_confidence": 0.83203125
}