{
    "loss": 0.4975238025188446,
    "accuracy": 79.0665273423894,
    "precision": 0.8010762036556862,
    "recall": 0.7906652734238941,
    "f1": 0.7843247082302918,
    "class_loss": {
        "Down": 0.507284258140458,
        "Up": 0.5448962807655334,
        "Right": 1.135222202539444,
        "Left": 0.6290732463200887,
        "Forward": 0.27803098658720654,
        "Backward": 0.551408525358926
    },
    "low_confidence": 0.78857421875
}