{
    "loss": 1.3061578571796417,
    "accuracy": 59.24764890282132,
    "precision": 0.6014557943347523,
    "recall": 0.5924764890282131,
    "f1": 0.5639802558501115,
    "class_loss": {
        "Down": 1.5012177291669344,
        "Up": 2.334846427043279,
        "Right": 4.071895360946655,
        "Left": 3.7523721834787955,
        "Forward": 0.47967554188281714,
        "Backward": 0.0
    },
    "low_confidence": 0.76611328125
}