{
    "loss": 0.5674535307619307,
    "accuracy": 76.94183211424591,
    "precision": 0.7775670526293057,
    "recall": 0.7694183211424591,
    "f1": 0.7680684341469685,
    "class_loss": {
        "Down": 0.2900095379187001,
        "Up": 0.3554337337613106,
        "Right": 0.7913183016909493,
        "Left": 0.8993310183286667,
        "Forward": 0.5660223027070364,
        "Backward": 1.1037090054065313
    },
    "low_confidence": 0.7744140625
}