{
    "loss": 1.0024831910928091,
    "accuracy": 61.790316962730756,
    "precision": 0.6087240624411239,
    "recall": 0.6179031696273075,
    "f1": 0.6081460481295498,
    "class_loss": {
        "Down": 0.792128681352264,
        "Up": 1.1321966107934713,
        "Right": 2.3373045783776503,
        "Left": 3.2483963450560203,
        "Forward": 0.9184287634160784,
        "Backward": 0.0
    },
    "low_confidence": 0.71826171875
}