{
    "loss": 0.5519743692819719,
    "accuracy": 78.36817653890824,
    "precision": 0.7823154074278181,
    "recall": 0.7836817653890824,
    "f1": 0.7817933007182796,
    "class_loss": {
        "Down": 0.38165791932907367,
        "Up": 0.36419348053082273,
        "Right": 0.6941840004313875,
        "Left": 0.3950339957933735,
        "Forward": 0.9914906847256201,
        "Backward": 0.21176864957777541
    },
    "low_confidence": 0.78076171875
}