{
    "loss": 2.19445789553639,
    "accuracy": 37.06808943089431,
    "precision": 0.4797485726005199,
    "recall": 0.3706808943089431,
    "f1": 0.3748134646588708,
    "class_loss": {
        "Down": 2.80284672630006,
        "Up": 2.0069477811612817,
        "Right": 1.913060448003105,
        "Left": 2.9144303671782836,
        "Forward": 1.6217110604197988,
        "Backward": 0.0
    },
    "low_confidence": 0.7666015625
}