{
    "loss": 0.6373903494742181,
    "accuracy": 76.4354674796748,
    "precision": 0.7584453367818964,
    "recall": 0.764354674796748,
    "f1": 0.7572393909143519,
    "class_loss": {
        "Down": 0.28230697006263117,
        "Up": 0.5351280222336451,
        "Right": 0.5732282053817201,
        "Left": 0.5426691752617006,
        "Forward": 1.3421029018031225,
        "Backward": 0.2568103111633617
    },
    "low_confidence": 0.75048828125
}