{
    "loss": 1.789733437165894,
    "accuracy": 40.40541521486644,
    "precision": 0.49748367554544776,
    "recall": 0.40405415214866436,
    "f1": 0.4241674418516554,
    "class_loss": {
        "Down": 1.687117630156918,
        "Up": 1.8224459655178957,
        "Right": 1.4017708613472577,
        "Left": 2.507519129605498,
        "Forward": 1.7612377336368925,
        "Backward": 0.0
    },
    "low_confidence": 0.71337890625
}