{
    "loss": 0.5269129975470654,
    "accuracy": 78.67486933797909,
    "precision": 0.7842644814179046,
    "recall": 0.7867486933797909,
    "f1": 0.7850730846340142,
    "class_loss": {
        "Down": 0.38829491447557835,
        "Up": 0.42121326299459955,
        "Right": 0.5321157168116719,
        "Left": 0.40808993683528677,
        "Forward": 0.9616403170405918,
        "Backward": 0.19301042182312284
    },
    "low_confidence": 0.79833984375
}