{
    "loss": 3.646968438535194,
    "accuracy": 30.270034843205575,
    "precision": 0.45877088269178634,
    "recall": 0.30270034843205573,
    "f1": 0.29571757031031226,
    "class_loss": {
        "Down": 4.813516478524008,
        "Up": 3.927190973007226,
        "Right": 2.8017145310514024,
        "Left": 4.075302796890539,
        "Forward": 2.0373340192588465,
        "Backward": 0.0
    },
    "low_confidence": 0.8564453125
}