{
    "loss": 0.6064397096633911,
    "accuracy": 77.58620689655173,
    "precision": 0.7902419419660799,
    "recall": 0.7758620689655172,
    "f1": 0.7757841381066533,
    "class_loss": {
        "Down": 0.33392533659935,
        "Up": 2.64605450630188,
        "Right": 0.5693511962890625,
        "Left": 0.44040289521217346,
        "Forward": 0.734562873840332,
        "Backward": 0.0
    },
    "low_confidence": 0.69677734375
}