{
    "loss": 1.9882537126541138,
    "accuracy": 60.3448275862069,
    "precision": 0.36414982164090365,
    "recall": 0.603448275862069,
    "f1": 0.45420837968112715,
    "class_loss": {
        "Down": 0.0,
        "Up": 0.0,
        "Right": 0.09898412972688675,
        "Left": 4.79704475402832,
        "Forward": 4.987325668334961,
        "Backward": 0.0
    },
    "low_confidence": 0.89697265625
}